{
"type": "FeatureCollection",
"name": "OSM_Hyderabad_Buildings_500m",
"crs": { "type": "name", "properties": { "name": "urn:ogc:def:crs:OGC:1.3:CRS84" } },
"features": [
{"type":"Feature","properties":{"full_id":"w343854305","osm_id":"343854305","osm_type":"way","building":"yes","shop":null,"man_made":null,"content":null,"tourism":null,"office":null,"addr:housenumber":null,"name":null,"building:levels":null,"addr:street":null,"addr:postcode":null,"addr:city":null},"geometry":{"type":"MultiPolygon","coordinates":[[[[78.3897208,17.449535],[78.3897294,17.4492884],[78.389925,17.4492946],[78.3899165,17.4495411],[78.3897208,17.449535]]]]}},
{"type":"Feature","properties":{"full_id":"w356020007","osm_id":"356020007","osm_type":"way","building":"yes","shop":null,"man_made":null,"content":null,"tourism":null,"office":null,"addr:housenumber":null,"name":null,"building:levels":null,"addr:street":null,"addr:postcode":null,"addr:city":null},"geometry":{"type":"MultiPolygon","coordinates":[[[[78.3911911,17.4475846],[78.3911882,17.4476878],[78.3912253,17.4476887],[78.391225,17.4476989],[78.3912741,17.4477001],[78.3912744,17.4476908],[78.3913003,17.4476914],[78.3913001,17.4476971],[78.3913429,17.4476982],[78.391346,17.4475886],[78.3911911,17.4475846]]]]}},
{"type":"Feature","properties":{"full_id":"w356020012","osm_id":"356020012","osm_type":"way","building":"yes","shop":null,"man_made":null,"content":null,"tourism":null,"office":null,"addr:housenumber":null,"name":null,"building:levels":null,"addr:street":null,"addr:postcode":null,"addr:city":null},"geometry":{"type":"MultiPolygon","coordinates":[[[[78.391138,17.4482563],[78.3913356,17.4482632],[78.39134,17.4481497],[78.3912861,17.4481478],[78.3912868,17.4481289],[78.3913346,17.4481305],[78.391339,17.4480194],[78.3911414,17.4480124],[78.3911367,17.4481319],[78.3911905,17.4481339],[78.3911897,17.4481551],[78.3911419,17.4481535],[78.391138,17.4482563]]]]}},
{"type":"Feature","properties":{"full_id":"w356020013","osm_id":"356020013","osm_type":"way","building":"yes","shop":null,"man_made":null,"content":null,"tourism":null,"office":null,"addr:housenumber":null,"name":"Pamidi Towers","building:levels":"6","addr:street":"sillicon valley","addr:postcode":"500081","addr:city":"Hyderabad"},"geometry":{"type":"MultiPolygon","coordinates":[[[[78.388959,17.4470662],[78.389434,17.447311],[78.3895263,17.447148],[78.3890513,17.4469032],[78.388959,17.4470662]]]]}},
{"type":"Feature","properties":{"full_id":"w356020023","osm_id":"356020023","osm_type":"way","building":"yes","shop":null,"man_made":null,"content":null,"tourism":null,"office":null,"addr:housenumber":null,"name":null,"building:levels":null,"addr:street":null,"addr:postcode":null,"addr:city":null},"geometry":{"type":"MultiPolygon","coordinates":[[[[78.3935269,17.4464899],[78.3936454,17.446495],[78.3936515,17.4463628],[78.3935659,17.4463591],[78.3935636,17.4464102],[78.3935307,17.4464088],[78.3935269,17.4464899]]]]}},
{"type":"Feature","properties":{"full_id":"w356020024","osm_id":"356020024","osm_type":"way","building":"yes","shop":null,"man_made":null,"content":null,"tourism":null,"office":null,"addr:housenumber":null,"name":null,"building:levels":null,"addr:street":null,"addr:postcode":null,"addr:city":null},"geometry":{"type":"MultiPolygon","coordinates":[[[[78.3897105,17.4472367],[78.3898748,17.447273],[78.3899034,17.4471554],[78.3897391,17.4471191],[78.3897105,17.4472367]]]]}},
{"type":"Feature","properties":{"full_id":"w356020025","osm_id":"356020025","osm_type":"way","building":"yes","shop":null,"man_made":null,"content":null,"tourism":null,"office":null,"addr:housenumber":null,"name":null,"building:levels":null,"addr:street":null,"addr:postcode":null,"addr:city":null},"geometry":{"type":"MultiPolygon","coordinates":[[[[78.3908659,17.4497809],[78.3909883,17.449786],[78.3909945,17.4496487],[78.3908721,17.4496437],[78.3908659,17.4497809]]]]}},
{"type":"Feature","properties":{"full_id":"w356020028","osm_id":"356020028","osm_type":"way","building":"apartments","shop":null,"man_made":null,"content":null,"tourism":null,"office":null,"addr:housenumber":null,"name":"Naina's Sunrise apartments","building:levels":null,"addr:street":null,"addr:postcode":null,"addr:city":null},"geometry":{"type":"MultiPolygon","coordinates":[[[[78.3904074,17.4462394],[78.3905333,17.4462497],[78.3905506,17.4460578],[78.3904247,17.4460474],[78.3904074,17.4462394]]]]}},
{"type":"Feature","properties":{"full_id":"w356020034","osm_id":"356020034","osm_type":"way","building":"yes","shop":null,"man_made":null,"content":null,"tourism":null,"office":null,"addr:housenumber":null,"name":null,"building:levels":null,"addr:street":null,"addr:postcode":null,"addr:city":null},"geometry":{"type":"MultiPolygon","coordinates":[[[[78.3929468,17.4465102],[78.393101,17.446519],[78.3931072,17.4464208],[78.3929915,17.4464141],[78.3929904,17.4464315],[78.3929717,17.4464304],[78.3929706,17.4464484],[78.3929507,17.4464472],[78.3929468,17.4465102]]]]}},
{"type":"Feature","properties":{"full_id":"w356020035","osm_id":"356020035","osm_type":"way","building":"yes","shop":null,"man_made":null,"content":null,"tourism":null,"office":null,"addr:housenumber":null,"name":"Aishwarya residency","building:levels":"5","addr:street":null,"addr:postcode":null,"addr:city":null},"geometry":{"type":"MultiPolygon","coordinates":[[[[78.3892533,17.4489635],[78.3894549,17.4489658],[78.3894565,17.4488409],[78.3892549,17.4488386],[78.3892533,17.4489635]]]]}},
{"type":"Feature","properties":{"full_id":"w356020037","osm_id":"356020037","osm_type":"way","building":"yes","shop":null,"man_made":null,"content":null,"tourism":null,"office":null,"addr:housenumber":null,"name":null,"building:levels":null,"addr:street":null,"addr:postcode":null,"addr:city":null},"geometry":{"type":"MultiPolygon","coordinates":[[[[78.3934416,17.4462974],[78.3935339,17.4462995],[78.3935372,17.4461704],[78.3934448,17.4461683],[78.3934416,17.4462974]]]]}},
{"type":"Feature","properties":{"full_id":"w356020041","osm_id":"356020041","osm_type":"way","building":"yes","shop":null,"man_made":null,"content":null,"tourism":null,"office":null,"addr:housenumber":null,"name":null,"building:levels":null,"addr:street":null,"addr:postcode":null,"addr:city":null},"geometry":{"type":"MultiPolygon","coordinates":[[[[78.3914243,17.4482669],[78.3916632,17.448278],[78.3916691,17.4481619],[78.3914302,17.4481508],[78.3914243,17.4482669]]]]}},
{"type":"Feature","properties":{"full_id":"w356020044","osm_id":"356020044","osm_type":"way","building":"yes","shop":null,"man_made":null,"content":null,"tourism":null,"office":null,"addr:housenumber":null,"name":null,"building:levels":null,"addr:street":null,"addr:postcode":null,"addr:city":null},"geometry":{"type":"MultiPolygon","coordinates":[[[[78.3892031,17.4492515],[78.3894092,17.4492546],[78.3894112,17.4491353],[78.3892051,17.4491321],[78.3892031,17.4492515]]]]}},
{"type":"Feature","properties":{"full_id":"w356020046","osm_id":"356020046","osm_type":"way","building":"yes","shop":null,"man_made":null,"content":null,"tourism":null,"office":null,"addr:housenumber":null,"name":null,"building:levels":null,"addr:street":null,"addr:postcode":null,"addr:city":null},"geometry":{"type":"MultiPolygon","coordinates":[[[[78.3889999,17.4476053],[78.3893191,17.447768],[78.3894632,17.4475107],[78.3891441,17.4473479],[78.3889999,17.4476053]]]]}},
{"type":"Feature","properties":{"full_id":"w356020047","osm_id":"356020047","osm_type":"way","building":"yes","shop":null,"man_made":null,"content":null,"tourism":null,"office":null,"addr:housenumber":null,"name":null,"building:levels":null,"addr:street":null,"addr:postcode":null,"addr:city":null},"geometry":{"type":"MultiPolygon","coordinates":[[[[78.3890492,17.448736],[78.3891742,17.4487435],[78.3891792,17.4486685],[78.3890542,17.448661],[78.3890492,17.448736]]]]}},
{"type":"Feature","properties":{"full_id":"w356020051","osm_id":"356020051","osm_type":"way","building":"yes","shop":null,"man_made":null,"content":null,"tourism":null,"office":null,"addr:housenumber":null,"name":null,"building:levels":null,"addr:street":null,"addr:postcode":null,"addr:city":null},"geometry":{"type":"MultiPolygon","coordinates":[[[[78.3894551,17.449235],[78.3896076,17.4492374],[78.3896093,17.449132],[78.3894568,17.4491297],[78.3894551,17.449235]]]]}},
{"type":"Feature","properties":{"full_id":"w356020052","osm_id":"356020052","osm_type":"way","building":"yes","shop":null,"man_made":null,"content":null,"tourism":null,"office":null,"addr:housenumber":null,"name":null,"building:levels":null,"addr:street":null,"addr:postcode":null,"addr:city":null},"geometry":{"type":"MultiPolygon","coordinates":[[[[78.3896345,17.4482314],[78.3897545,17.4482389],[78.3897668,17.4480592],[78.3896468,17.4480517],[78.3896345,17.4482314]]]]}},
{"type":"Feature","properties":{"full_id":"w356020054","osm_id":"356020054","osm_type":"way","building":"yes","shop":null,"man_made":null,"content":null,"tourism":null,"office":null,"addr:housenumber":null,"name":null,"building:levels":null,"addr:street":null,"addr:postcode":null,"addr:city":null},"geometry":{"type":"MultiPolygon","coordinates":[[[[78.3914099,17.4460907],[78.3915959,17.4460989],[78.3916015,17.4459814],[78.3914155,17.4459733],[78.3914099,17.4460907]]]]}},
{"type":"Feature","properties":{"full_id":"w356020055","osm_id":"356020055","osm_type":"way","building":"yes","shop":null,"man_made":null,"content":null,"tourism":null,"office":null,"addr:housenumber":null,"name":null,"building:levels":null,"addr:street":null,"addr:postcode":null,"addr:city":null},"geometry":{"type":"MultiPolygon","coordinates":[[[[78.3918729,17.4474392],[78.3920342,17.4474444],[78.3920378,17.4473463],[78.3918764,17.447341],[78.3918729,17.4474392]]]]}},
{"type":"Feature","properties":{"full_id":"w356020058","osm_id":"356020058","osm_type":"way","building":"retail","shop":null,"man_made":null,"content":null,"tourism":null,"office":null,"addr:housenumber":"213","name":"Gvr building","building:levels":null,"addr:street":"Ayyappa society","addr:postcode":"500081","addr:city":"Hyderabad"},"geometry":{"type":"MultiPolygon","coordinates":[[[[78.3891213,17.4492266],[78.3891329,17.4490518],[78.3890193,17.449045],[78.3890078,17.4492198],[78.3891213,17.4492266]]]]}},
{"type":"Feature","properties":{"full_id":"w356020060","osm_id":"356020060","osm_type":"way","building":"yes","shop":null,"man_made":null,"content":null,"tourism":null,"office":null,"addr:housenumber":"220","name":null,"building:levels":"5","addr:street":"Jai Hind Gandhi Road","addr:postcode":null,"addr:city":null},"geometry":{"type":"MultiPolygon","coordinates":[[[[78.3892616,17.4488192],[78.3894537,17.4488211],[78.3894549,17.4487125],[78.3892628,17.4487107],[78.3892616,17.4488192]]]]}},
{"type":"Feature","properties":{"full_id":"w356020064","osm_id":"356020064","osm_type":"way","building":"yes","shop":null,"man_made":null,"content":null,"tourism":null,"office":null,"addr:housenumber":null,"name":null,"building:levels":null,"addr:street":null,"addr:postcode":null,"addr:city":null},"geometry":{"type":"MultiPolygon","coordinates":[[[[78.3900835,17.4465098],[78.3902083,17.4465209],[78.3902177,17.4464253],[78.3900929,17.4464142],[78.3900835,17.4465098]]]]}},
{"type":"Feature","properties":{"full_id":"w356020065","osm_id":"356020065","osm_type":"way","building":"yes","shop":null,"man_made":null,"content":null,"tourism":null,"office":null,"addr:housenumber":null,"name":null,"building:levels":null,"addr:street":null,"addr:postcode":null,"addr:city":null},"geometry":{"type":"MultiPolygon","coordinates":[[[[78.3918668,17.4472954],[78.3920133,17.4473034],[78.3920181,17.4472235],[78.3918716,17.4472155],[78.3918668,17.4472954]]]]}},
{"type":"Feature","properties":{"full_id":"w356020066","osm_id":"356020066","osm_type":"way","building":"yes","shop":null,"man_made":null,"content":null,"tourism":null,"office":null,"addr:housenumber":null,"name":null,"building:levels":null,"addr:street":null,"addr:postcode":null,"addr:city":null},"geometry":{"type":"MultiPolygon","coordinates":[[[[78.3894378,17.4493614],[78.3895306,17.4493619],[78.3895313,17.4492615],[78.3894384,17.4492609],[78.3894378,17.4493614]]]]}},
{"type":"Feature","properties":{"full_id":"w356020069","osm_id":"356020069","osm_type":"way","building":"school","shop":null,"man_made":null,"content":null,"tourism":null,"office":null,"addr:housenumber":null,"name":null,"building:levels":null,"addr:street":null,"addr:postcode":null,"addr:city":null},"geometry":{"type":"MultiPolygon","coordinates":[[[[78.3912715,17.4494736],[78.3914993,17.4494987],[78.3915131,17.4493845],[78.3912853,17.4493594],[78.3912715,17.4494736]]]]}},
{"type":"Feature","properties":{"full_id":"w356020070","osm_id":"356020070","osm_type":"way","building":"yes","shop":null,"man_made":null,"content":null,"tourism":null,"office":null,"addr:housenumber":null,"name":null,"building:levels":null,"addr:street":null,"addr:postcode":null,"addr:city":null},"geometry":{"type":"MultiPolygon","coordinates":[[[[78.3913059,17.446649],[78.3914493,17.4466555],[78.3914549,17.4465411],[78.3913115,17.4465347],[78.3913059,17.446649]]]]}},
{"type":"Feature","properties":{"full_id":"w356020073","osm_id":"356020073","osm_type":"way","building":"yes","shop":null,"man_made":null,"content":null,"tourism":null,"office":null,"addr:housenumber":null,"name":null,"building:levels":null,"addr:street":null,"addr:postcode":null,"addr:city":null},"geometry":{"type":"MultiPolygon","coordinates":[[[[78.390754,17.4496229],[78.390858,17.4496217],[78.390856,17.449469],[78.390752,17.4494703],[78.390754,17.4496229]]]]}},
{"type":"Feature","properties":{"full_id":"w356020074","osm_id":"356020074","osm_type":"way","building":"yes","shop":null,"man_made":null,"content":null,"tourism":null,"office":null,"addr:housenumber":null,"name":null,"building:levels":null,"addr:street":null,"addr:postcode":null,"addr:city":null},"geometry":{"type":"MultiPolygon","coordinates":[[[[78.3887701,17.4473627],[78.3890375,17.4474972],[78.389115,17.447357],[78.3887905,17.4471938],[78.3887546,17.4472588],[78.3888117,17.4472875],[78.3887701,17.4473627]]]]}},
{"type":"Feature","properties":{"full_id":"w356020076","osm_id":"356020076","osm_type":"way","building":"yes","shop":null,"man_made":null,"content":null,"tourism":null,"office":null,"addr:housenumber":null,"name":"XENO SUMMIT","building:levels":"8","addr:street":null,"addr:postcode":null,"addr:city":null},"geometry":{"type":"MultiPolygon","coordinates":[[[[78.3895385,17.4463981],[78.3898593,17.4465533],[78.3899591,17.4463655],[78.3896383,17.4462103],[78.3895385,17.4463981]]]]}},
{"type":"Feature","properties":{"full_id":"w356020078","osm_id":"356020078","osm_type":"way","building":"yes","shop":null,"man_made":null,"content":null,"tourism":null,"office":null,"addr:housenumber":null,"name":null,"building:levels":null,"addr:street":null,"addr:postcode":null,"addr:city":null},"geometry":{"type":"MultiPolygon","coordinates":[[[[78.3909396,17.4479677],[78.39112,17.4479767],[78.3911265,17.4478598],[78.3909461,17.4478508],[78.3909396,17.4479677]]]]}},
{"type":"Feature","properties":{"full_id":"w356020084","osm_id":"356020084","osm_type":"way","building":"yes","shop":null,"man_made":null,"content":null,"tourism":null,"office":null,"addr:housenumber":null,"name":null,"building:levels":null,"addr:street":null,"addr:postcode":null,"addr:city":null},"geometry":{"type":"MultiPolygon","coordinates":[[[[78.3913995,17.4485356],[78.3918731,17.4485577],[78.3918787,17.4484485],[78.3914051,17.4484264],[78.3913995,17.4485356]]]]}},
{"type":"Feature","properties":{"full_id":"w356020086","osm_id":"356020086","osm_type":"way","building":"yes","shop":null,"man_made":null,"content":null,"tourism":null,"office":null,"addr:housenumber":null,"name":null,"building:levels":null,"addr:street":null,"addr:postcode":null,"addr:city":null},"geometry":{"type":"MultiPolygon","coordinates":[[[[78.3918429,17.4471653],[78.3919245,17.4471691],[78.3919293,17.4470764],[78.3918476,17.4470725],[78.3918429,17.4471653]]]]}},
{"type":"Feature","properties":{"full_id":"w356020088","osm_id":"356020088","osm_type":"way","building":"yes","shop":null,"man_made":null,"content":null,"tourism":null,"office":null,"addr:housenumber":null,"name":null,"building:levels":null,"addr:street":null,"addr:postcode":null,"addr:city":null},"geometry":{"type":"MultiPolygon","coordinates":[[[[78.3905872,17.4465982],[78.3907714,17.4466042],[78.3907754,17.4464925],[78.3905911,17.4464866],[78.3905872,17.4465982]]]]}},
{"type":"Feature","properties":{"full_id":"w356020091","osm_id":"356020091","osm_type":"way","building":"yes","shop":null,"man_made":null,"content":null,"tourism":null,"office":null,"addr:housenumber":null,"name":null,"building:levels":null,"addr:street":null,"addr:postcode":null,"addr:city":null},"geometry":{"type":"MultiPolygon","coordinates":[[[[78.3908441,17.4499971],[78.3909304,17.4500002],[78.3909336,17.4499187],[78.3908473,17.4499156],[78.3908441,17.4499971]]]]}},
{"type":"Feature","properties":{"full_id":"w356020094","osm_id":"356020094","osm_type":"way","building":"yes","shop":null,"man_made":null,"content":null,"tourism":null,"office":null,"addr:housenumber":null,"name":null,"building:levels":null,"addr:street":null,"addr:postcode":null,"addr:city":null},"geometry":{"type":"MultiPolygon","coordinates":[[[[78.3921366,17.4481529],[78.3923681,17.4481568],[78.3923701,17.4480509],[78.3921385,17.4480471],[78.3921366,17.4481529]]]]}},
{"type":"Feature","properties":{"full_id":"w356020100","osm_id":"356020100","osm_type":"way","building":"yes","shop":null,"man_made":null,"content":null,"tourism":null,"office":null,"addr:housenumber":null,"name":null,"building:levels":null,"addr:street":null,"addr:postcode":null,"addr:city":null},"geometry":{"type":"MultiPolygon","coordinates":[[[[78.3913832,17.4478338],[78.3913844,17.4477353],[78.3912953,17.4477343],[78.391294,17.4478328],[78.3913832,17.4478338]]]]}},
{"type":"Feature","properties":{"full_id":"w356020106","osm_id":"356020106","osm_type":"way","building":"yes","shop":null,"man_made":null,"content":null,"tourism":null,"office":null,"addr:housenumber":null,"name":null,"building:levels":null,"addr:street":null,"addr:postcode":null,"addr:city":null},"geometry":{"type":"MultiPolygon","coordinates":[[[[78.3911753,17.4460896],[78.3913539,17.446097],[78.3913593,17.4459779],[78.3911807,17.4459705],[78.3911753,17.4460896]]]]}},
{"type":"Feature","properties":{"full_id":"w356020107","osm_id":"356020107","osm_type":"way","building":"yes","shop":null,"man_made":null,"content":null,"tourism":null,"office":null,"addr:housenumber":null,"name":null,"building:levels":null,"addr:street":null,"addr:postcode":null,"addr:city":null},"geometry":{"type":"MultiPolygon","coordinates":[[[[78.3897429,17.4470583],[78.3898517,17.4471081],[78.3899065,17.4469992],[78.3897977,17.4469494],[78.3897429,17.4470583]]]]}},
{"type":"Feature","properties":{"full_id":"w356020109","osm_id":"356020109","osm_type":"way","building":"yes","shop":null,"man_made":null,"content":null,"tourism":null,"office":null,"addr:housenumber":null,"name":null,"building:levels":null,"addr:street":null,"addr:postcode":null,"addr:city":null},"geometry":{"type":"MultiPolygon","coordinates":[[[[78.3911548,17.4479691],[78.391353,17.4479717],[78.3913547,17.4478564],[78.3911565,17.4478537],[78.3911548,17.4479691]]]]}},
{"type":"Feature","properties":{"full_id":"w356020110","osm_id":"356020110","osm_type":"way","building":"yes","shop":null,"man_made":null,"content":null,"tourism":null,"office":null,"addr:housenumber":null,"name":null,"building:levels":null,"addr:street":null,"addr:postcode":null,"addr:city":null},"geometry":{"type":"MultiPolygon","coordinates":[[[[78.3920988,17.4484394],[78.3923385,17.4484581],[78.3923488,17.4483375],[78.3921092,17.4483188],[78.3920988,17.4484394]]]]}},
{"type":"Feature","properties":{"full_id":"w356020114","osm_id":"356020114","osm_type":"way","building":"yes","shop":null,"man_made":null,"content":null,"tourism":null,"office":null,"addr:housenumber":null,"name":null,"building:levels":null,"addr:street":null,"addr:postcode":null,"addr:city":null},"geometry":{"type":"MultiPolygon","coordinates":[[[[78.3937535,17.4467881],[78.3938597,17.4467929],[78.3938674,17.4466391],[78.3937612,17.4466343],[78.3937535,17.4467881]]]]}},
{"type":"Feature","properties":{"full_id":"w356020119","osm_id":"356020119","osm_type":"way","building":"yes","shop":null,"man_made":null,"content":null,"tourism":null,"office":null,"addr:housenumber":null,"name":null,"building:levels":null,"addr:street":null,"addr:postcode":null,"addr:city":null},"geometry":{"type":"MultiPolygon","coordinates":[[[[78.3899863,17.4472436],[78.3901864,17.4472535],[78.3901929,17.4471352],[78.3899928,17.4471252],[78.3899863,17.4472436]]]]}},
{"type":"Feature","properties":{"full_id":"w356020123","osm_id":"356020123","osm_type":"way","building":"yes","shop":null,"man_made":null,"content":null,"tourism":null,"office":null,"addr:housenumber":null,"name":null,"building:levels":null,"addr:street":null,"addr:postcode":null,"addr:city":null},"geometry":{"type":"MultiPolygon","coordinates":[[[[78.3917883,17.4472829],[78.3918542,17.447286],[78.3918579,17.447215],[78.391792,17.4472119],[78.3917883,17.4472829]]]]}},
{"type":"Feature","properties":{"full_id":"w356020125","osm_id":"356020125","osm_type":"way","building":"yes","shop":null,"man_made":null,"content":null,"tourism":null,"office":null,"addr:housenumber":null,"name":null,"building:levels":null,"addr:street":null,"addr:postcode":null,"addr:city":null},"geometry":{"type":"MultiPolygon","coordinates":[[[[78.3912943,17.4467718],[78.3914619,17.4467791],[78.3914668,17.4466772],[78.3912992,17.4466699],[78.3912943,17.4467718]]]]}},
{"type":"Feature","properties":{"full_id":"w356020130","osm_id":"356020130","osm_type":"way","building":"yes","shop":null,"man_made":null,"content":null,"tourism":null,"office":null,"addr:housenumber":null,"name":null,"building:levels":null,"addr:street":null,"addr:postcode":null,"addr:city":null},"geometry":{"type":"MultiPolygon","coordinates":[[[[78.3925859,17.4467247],[78.3928222,17.4467322],[78.3928262,17.4466167],[78.3925899,17.4466093],[78.3925859,17.4467247]]]]}},
{"type":"Feature","properties":{"full_id":"w356020132","osm_id":"356020132","osm_type":"way","building":"yes","shop":null,"man_made":null,"content":null,"tourism":null,"office":null,"addr:housenumber":null,"name":null,"building:levels":null,"addr:street":null,"addr:postcode":null,"addr:city":null},"geometry":{"type":"MultiPolygon","coordinates":[[[[78.3929981,17.4460984],[78.3931657,17.4461052],[78.3931693,17.4460255],[78.3930017,17.4460187],[78.3929981,17.4460984]]]]}},
{"type":"Feature","properties":{"full_id":"w356020135","osm_id":"356020135","osm_type":"way","building":"yes","shop":null,"man_made":null,"content":null,"tourism":null,"office":null,"addr:housenumber":null,"name":null,"building:levels":null,"addr:street":null,"addr:postcode":null,"addr:city":null},"geometry":{"type":"MultiPolygon","coordinates":[[[[78.3918587,17.4470503],[78.3920569,17.447057],[78.3920579,17.4470311],[78.392084,17.447032],[78.3920861,17.4469764],[78.3920597,17.4469755],[78.3920609,17.4469436],[78.3918629,17.4469369],[78.3918587,17.4470503]]]]}},
{"type":"Feature","properties":{"full_id":"w356020139","osm_id":"356020139","osm_type":"way","building":"yes","shop":null,"man_made":null,"content":null,"tourism":null,"office":null,"addr:housenumber":null,"name":null,"building:levels":null,"addr:street":null,"addr:postcode":null,"addr:city":null},"geometry":{"type":"MultiPolygon","coordinates":[[[[78.3932033,17.4460192],[78.3933686,17.4460237],[78.3933715,17.4459249],[78.3932062,17.4459204],[78.3932033,17.4460192]]]]}},
{"type":"Feature","properties":{"full_id":"w356020142","osm_id":"356020142","osm_type":"way","building":"yes","shop":null,"man_made":null,"content":null,"tourism":null,"office":null,"addr:housenumber":null,"name":null,"building:levels":null,"addr:street":null,"addr:postcode":null,"addr:city":null},"geometry":{"type":"MultiPolygon","coordinates":[[[[78.391616,17.4467822],[78.3918209,17.4467866],[78.3918226,17.4467153],[78.3916176,17.4467109],[78.391616,17.4467822]]]]}},
{"type":"Feature","properties":{"full_id":"w356020147","osm_id":"356020147","osm_type":"way","building":"yes","shop":null,"man_made":null,"content":null,"tourism":null,"office":null,"addr:housenumber":null,"name":null,"building:levels":null,"addr:street":null,"addr:postcode":null,"addr:city":null},"geometry":{"type":"MultiPolygon","coordinates":[[[[78.3926585,17.4460118],[78.3927531,17.4460182],[78.3927607,17.4459169],[78.3926661,17.4459104],[78.3926585,17.4460118]]]]}},
{"type":"Feature","properties":{"full_id":"w356020148","osm_id":"356020148","osm_type":"way","building":"yes","shop":null,"man_made":null,"content":null,"tourism":null,"office":null,"addr:housenumber":null,"name":null,"building:levels":null,"addr:street":null,"addr:postcode":null,"addr:city":null},"geometry":{"type":"MultiPolygon","coordinates":[[[[78.3930892,17.446773],[78.3932509,17.4467765],[78.3932534,17.4466708],[78.3930917,17.4466673],[78.3930892,17.446773]]]]}},
{"type":"Feature","properties":{"full_id":"w356020155","osm_id":"356020155","osm_type":"way","building":"yes","shop":null,"man_made":null,"content":null,"tourism":null,"office":null,"addr:housenumber":null,"name":null,"building:levels":null,"addr:street":null,"addr:postcode":null,"addr:city":null},"geometry":{"type":"MultiPolygon","coordinates":[[[[78.3930767,17.4468842],[78.3932368,17.4468839],[78.3932366,17.4467894],[78.3930765,17.4467897],[78.3930767,17.4468842]]]]}},
{"type":"Feature","properties":{"full_id":"w356020158","osm_id":"356020158","osm_type":"way","building":"yes","shop":null,"man_made":null,"content":null,"tourism":null,"office":null,"addr:housenumber":null,"name":null,"building:levels":null,"addr:street":null,"addr:postcode":null,"addr:city":null},"geometry":{"type":"MultiPolygon","coordinates":[[[[78.3908468,17.4461964],[78.3910535,17.4462036],[78.3910578,17.4460921],[78.390851,17.4460849],[78.3908468,17.4461964]]]]}},
{"type":"Feature","properties":{"full_id":"w356020163","osm_id":"356020163","osm_type":"way","building":"yes","shop":null,"man_made":null,"content":null,"tourism":null,"office":null,"addr:housenumber":null,"name":null,"building:levels":null,"addr:street":null,"addr:postcode":null,"addr:city":null},"geometry":{"type":"MultiPolygon","coordinates":[[[[78.3923532,17.4464316],[78.3925719,17.4464395],[78.3925761,17.446333],[78.3923574,17.4463251],[78.3923532,17.4464316]]]]}},
{"type":"Feature","properties":{"full_id":"w356020169","osm_id":"356020169","osm_type":"way","building":"yes","shop":null,"man_made":null,"content":null,"tourism":null,"office":null,"addr:housenumber":null,"name":null,"building:levels":null,"addr:street":null,"addr:postcode":null,"addr:city":null},"geometry":{"type":"MultiPolygon","coordinates":[[[[78.393168,17.4462642],[78.3933075,17.4462682],[78.3933106,17.4461678],[78.3931711,17.4461638],[78.393168,17.4462642]]]]}},
{"type":"Feature","properties":{"full_id":"w356020170","osm_id":"356020170","osm_type":"way","building":"yes","shop":null,"man_made":null,"content":null,"tourism":null,"office":null,"addr:housenumber":null,"name":null,"building:levels":null,"addr:street":null,"addr:postcode":null,"addr:city":null},"geometry":{"type":"MultiPolygon","coordinates":[[[[78.3923888,17.4461024],[78.3924568,17.4461024],[78.3924568,17.4460369],[78.3923888,17.4460369],[78.3923888,17.4461024]]]]}},
{"type":"Feature","properties":{"full_id":"w356020171","osm_id":"356020171","osm_type":"way","building":"yes","shop":null,"man_made":null,"content":null,"tourism":null,"office":null,"addr:housenumber":null,"name":null,"building:levels":null,"addr:street":null,"addr:postcode":null,"addr:city":null},"geometry":{"type":"MultiPolygon","coordinates":[[[[78.3931049,17.446646],[78.3932648,17.4466511],[78.3932684,17.4465457],[78.3931086,17.4465406],[78.3931049,17.446646]]]]}},
{"type":"Feature","properties":{"full_id":"w356020172","osm_id":"356020172","osm_type":"way","building":"yes","shop":null,"man_made":null,"content":null,"tourism":null,"office":null,"addr:housenumber":null,"name":null,"building:levels":null,"addr:street":null,"addr:postcode":null,"addr:city":null},"geometry":{"type":"MultiPolygon","coordinates":[[[[78.3906327,17.4463122],[78.3908229,17.4463273],[78.3908443,17.4460825],[78.3906541,17.4460673],[78.3906327,17.4463122]]]]}},
{"type":"Feature","properties":{"full_id":"w356020176","osm_id":"356020176","osm_type":"way","building":"yes","shop":null,"man_made":null,"content":null,"tourism":null,"office":null,"addr:housenumber":null,"name":null,"building:levels":null,"addr:street":null,"addr:postcode":null,"addr:city":null},"geometry":{"type":"MultiPolygon","coordinates":[[[[78.3905179,17.4490315],[78.3906773,17.4490358],[78.3906811,17.4489067],[78.3905218,17.4489024],[78.3905179,17.4490315]]]]}},
{"type":"Feature","properties":{"full_id":"w356020186","osm_id":"356020186","osm_type":"way","building":"yes","shop":null,"man_made":null,"content":null,"tourism":null,"office":null,"addr:housenumber":null,"name":null,"building:levels":null,"addr:street":null,"addr:postcode":null,"addr:city":null},"geometry":{"type":"MultiPolygon","coordinates":[[[[78.3893742,17.4497808],[78.3895719,17.4497954],[78.3895812,17.4496805],[78.3893835,17.4496659],[78.3893742,17.4497808]]]]}},
{"type":"Feature","properties":{"full_id":"w356020199","osm_id":"356020199","osm_type":"way","building":"yes","shop":null,"man_made":null,"content":null,"tourism":null,"office":null,"addr:housenumber":null,"name":null,"building:levels":null,"addr:street":null,"addr:postcode":null,"addr:city":null},"geometry":{"type":"MultiPolygon","coordinates":[[[[78.3926428,17.4461712],[78.3927752,17.4461769],[78.3927809,17.4460562],[78.3926484,17.4460506],[78.3926428,17.4461712]]]]}},
{"type":"Feature","properties":{"full_id":"w356020200","osm_id":"356020200","osm_type":"way","building":"yes","shop":null,"man_made":null,"content":null,"tourism":null,"office":null,"addr:housenumber":null,"name":null,"building:levels":null,"addr:street":null,"addr:postcode":null,"addr:city":null},"geometry":{"type":"MultiPolygon","coordinates":[[[[78.3899823,17.4470836],[78.3901756,17.4470913],[78.3901809,17.4469708],[78.3899876,17.4469631],[78.3899823,17.4470836]]]]}},
{"type":"Feature","properties":{"full_id":"w356020205","osm_id":"356020205","osm_type":"way","building":"yes","shop":null,"man_made":null,"content":null,"tourism":null,"office":null,"addr:housenumber":null,"name":null,"building:levels":null,"addr:street":null,"addr:postcode":null,"addr:city":null},"geometry":{"type":"MultiPolygon","coordinates":[[[[78.3913613,17.4463832],[78.3915473,17.4463913],[78.391553,17.4462738],[78.3913669,17.4462657],[78.3913613,17.4463832]]]]}},
{"type":"Feature","properties":{"full_id":"w356020211","osm_id":"356020211","osm_type":"way","building":"yes","shop":null,"man_made":null,"content":null,"tourism":null,"office":null,"addr:housenumber":null,"name":null,"building:levels":null,"addr:street":null,"addr:postcode":null,"addr:city":null},"geometry":{"type":"MultiPolygon","coordinates":[[[[78.3908487,17.4463368],[78.39104,17.4463436],[78.3910444,17.4462329],[78.390853,17.4462261],[78.3908487,17.4463368]]]]}},
{"type":"Feature","properties":{"full_id":"w356020223","osm_id":"356020223","osm_type":"way","building":"yes","shop":null,"man_made":null,"content":null,"tourism":null,"office":null,"addr:housenumber":null,"name":null,"building:levels":null,"addr:street":null,"addr:postcode":null,"addr:city":null},"geometry":{"type":"MultiPolygon","coordinates":[[[[78.3919795,17.4461359],[78.3921927,17.4461376],[78.3921938,17.44602],[78.3919806,17.4460182],[78.3919795,17.4461359]]]]}},
{"type":"Feature","properties":{"full_id":"w356020226","osm_id":"356020226","osm_type":"way","building":"yes","shop":null,"man_made":null,"content":null,"tourism":null,"office":null,"addr:housenumber":null,"name":null,"building:levels":null,"addr:street":null,"addr:postcode":null,"addr:city":null},"geometry":{"type":"MultiPolygon","coordinates":[[[[78.3910858,17.4466348],[78.3912881,17.4466411],[78.3912921,17.446525],[78.3910898,17.4465187],[78.3910858,17.4466348]]]]}},
{"type":"Feature","properties":{"full_id":"w356020228","osm_id":"356020228","osm_type":"way","building":"yes","shop":null,"man_made":null,"content":null,"tourism":null,"office":null,"addr:housenumber":null,"name":null,"building:levels":null,"addr:street":null,"addr:postcode":null,"addr:city":null},"geometry":{"type":"MultiPolygon","coordinates":[[[[78.3897649,17.4491069],[78.3899532,17.4491102],[78.3899551,17.4490102],[78.3897668,17.4490069],[78.3897649,17.4491069]]]]}},
{"type":"Feature","properties":{"full_id":"w356020237","osm_id":"356020237","osm_type":"way","building":"yes","shop":null,"man_made":null,"content":null,"tourism":null,"office":null,"addr:housenumber":null,"name":null,"building:levels":null,"addr:street":null,"addr:postcode":null,"addr:city":null},"geometry":{"type":"MultiPolygon","coordinates":[[[[78.3916005,17.4491097],[78.3918246,17.4491137],[78.3918272,17.4489828],[78.3916031,17.4489787],[78.3916005,17.4491097]]]]}},
{"type":"Feature","properties":{"full_id":"w356020239","osm_id":"356020239","osm_type":"way","building":"yes","shop":null,"man_made":null,"content":null,"tourism":null,"office":null,"addr:housenumber":null,"name":null,"building:levels":null,"addr:street":null,"addr:postcode":null,"addr:city":null},"geometry":{"type":"MultiPolygon","coordinates":[[[[78.3916875,17.4461236],[78.3918861,17.4461346],[78.3918929,17.4460231],[78.3916943,17.4460121],[78.3916875,17.4461236]]]]}},
{"type":"Feature","properties":{"full_id":"w356020243","osm_id":"356020243","osm_type":"way","building":"yes","shop":null,"man_made":null,"content":null,"tourism":null,"office":null,"addr:housenumber":null,"name":null,"building:levels":null,"addr:street":null,"addr:postcode":null,"addr:city":null},"geometry":{"type":"MultiPolygon","coordinates":[[[[78.391897,17.4466661],[78.3920766,17.4466778],[78.3920834,17.4465818],[78.3919038,17.4465701],[78.391897,17.4466661]]]]}},
{"type":"Feature","properties":{"full_id":"w356020248","osm_id":"356020248","osm_type":"way","building":"yes","shop":null,"man_made":null,"content":null,"tourism":null,"office":null,"addr:housenumber":null,"name":null,"building:levels":null,"addr:street":null,"addr:postcode":null,"addr:city":null},"geometry":{"type":"MultiPolygon","coordinates":[[[[78.3931137,17.4465196],[78.3932712,17.44652],[78.3932715,17.4464149],[78.393114,17.4464145],[78.3931137,17.4465196]]]]}},
{"type":"Feature","properties":{"full_id":"w356020253","osm_id":"356020253","osm_type":"way","building":"yes","shop":null,"man_made":null,"content":null,"tourism":null,"office":null,"addr:housenumber":null,"name":null,"building:levels":null,"addr:street":null,"addr:postcode":null,"addr:city":null},"geometry":{"type":"MultiPolygon","coordinates":[[[[78.3905022,17.4473875],[78.3906936,17.4473876],[78.3906937,17.4472663],[78.3905023,17.4472662],[78.3905022,17.4473875]]]]}},
{"type":"Feature","properties":{"full_id":"w356020255","osm_id":"356020255","osm_type":"way","building":"yes","shop":null,"man_made":null,"content":null,"tourism":null,"office":null,"addr:housenumber":null,"name":null,"building:levels":null,"addr:street":null,"addr:postcode":null,"addr:city":null},"geometry":{"type":"MultiPolygon","coordinates":[[[[78.3933405,17.4468879],[78.3934556,17.4468878],[78.3934555,17.446764],[78.3933404,17.4467641],[78.3933405,17.4468879]]]]}},
{"type":"Feature","properties":{"full_id":"w356020257","osm_id":"356020257","osm_type":"way","building":"yes","shop":null,"man_made":null,"content":null,"tourism":null,"office":null,"addr:housenumber":null,"name":null,"building:levels":null,"addr:street":null,"addr:postcode":null,"addr:city":null},"geometry":{"type":"MultiPolygon","coordinates":[[[[78.3926434,17.4464552],[78.3927835,17.4464574],[78.3927854,17.4463445],[78.3926454,17.4463423],[78.3926434,17.4464552]]]]}},
{"type":"Feature","properties":{"full_id":"w356020259","osm_id":"356020259","osm_type":"way","building":"yes","shop":null,"man_made":null,"content":null,"tourism":null,"office":null,"addr:housenumber":null,"name":null,"building:levels":null,"addr:street":null,"addr:postcode":null,"addr:city":null},"geometry":{"type":"MultiPolygon","coordinates":[[[[78.3916303,17.4465258],[78.3918813,17.4465332],[78.391885,17.4464175],[78.3916341,17.4464101],[78.3916303,17.4465258]]]]}},
{"type":"Feature","properties":{"full_id":"w356020263","osm_id":"356020263","osm_type":"way","building":"yes","shop":null,"man_made":null,"content":null,"tourism":null,"office":null,"addr:housenumber":null,"name":null,"building:levels":null,"addr:street":null,"addr:postcode":null,"addr:city":null},"geometry":{"type":"MultiPolygon","coordinates":[[[[78.3920453,17.4488431],[78.3922792,17.4488601],[78.3922883,17.4487467],[78.3920544,17.4487297],[78.3920453,17.4488431]]]]}},
{"type":"Feature","properties":{"full_id":"w356020264","osm_id":"356020264","osm_type":"way","building":"yes","shop":null,"man_made":null,"content":null,"tourism":null,"office":null,"addr:housenumber":null,"name":null,"building:levels":null,"addr:street":null,"addr:postcode":null,"addr:city":null},"geometry":{"type":"MultiPolygon","coordinates":[[[[78.3890666,17.4486268],[78.3891874,17.4486308],[78.3891904,17.4485495],[78.3890696,17.4485454],[78.3890666,17.4486268]]]]}},
{"type":"Feature","properties":{"full_id":"w356020269","osm_id":"356020269","osm_type":"way","building":"yes","shop":null,"man_made":null,"content":null,"tourism":null,"office":null,"addr:housenumber":null,"name":null,"building:levels":null,"addr:street":null,"addr:postcode":null,"addr:city":null},"geometry":{"type":"MultiPolygon","coordinates":[[[[78.3904698,17.4475445],[78.3906715,17.4475498],[78.3906752,17.4474229],[78.3904735,17.4474176],[78.3904698,17.4475445]]]]}},
{"type":"Feature","properties":{"full_id":"w356020272","osm_id":"356020272","osm_type":"way","building":"yes","shop":null,"man_made":null,"content":null,"tourism":null,"office":null,"addr:housenumber":null,"name":null,"building:levels":"5","addr:street":null,"addr:postcode":null,"addr:city":null},"geometry":{"type":"MultiPolygon","coordinates":[[[[78.3914943,17.4475873],[78.3917388,17.4476011],[78.3917465,17.4474772],[78.391502,17.4474634],[78.3914943,17.4475873]]]]}},
{"type":"Feature","properties":{"full_id":"w356020282","osm_id":"356020282","osm_type":"way","building":"yes","shop":null,"man_made":null,"content":null,"tourism":null,"office":null,"addr:housenumber":null,"name":null,"building:levels":null,"addr:street":null,"addr:postcode":null,"addr:city":null},"geometry":{"type":"MultiPolygon","coordinates":[[[[78.3914673,17.4480108],[78.3916344,17.4480186],[78.3916397,17.4479148],[78.3914726,17.447907],[78.3914673,17.4480108]]]]}},
{"type":"Feature","properties":{"full_id":"w356020288","osm_id":"356020288","osm_type":"way","building":"yes","shop":null,"man_made":null,"content":null,"tourism":null,"office":null,"addr:housenumber":null,"name":null,"building:levels":null,"addr:street":null,"addr:postcode":null,"addr:city":null},"geometry":{"type":"MultiPolygon","coordinates":[[[[78.3900049,17.4489979],[78.390188,17.4490081],[78.3901951,17.4488923],[78.390012,17.4488821],[78.3900049,17.4489979]]]]}},
{"type":"Feature","properties":{"full_id":"w356020290","osm_id":"356020290","osm_type":"way","building":"yes","shop":null,"man_made":null,"content":null,"tourism":null,"office":null,"addr:housenumber":null,"name":null,"building:levels":null,"addr:street":null,"addr:postcode":null,"addr:city":null},"geometry":{"type":"MultiPolygon","coordinates":[[[[78.3901696,17.4475109],[78.3903702,17.4475182],[78.3903753,17.4473916],[78.3901747,17.4473843],[78.3901696,17.4475109]]]]}},
{"type":"Feature","properties":{"full_id":"w356020292","osm_id":"356020292","osm_type":"way","building":"yes","shop":null,"man_made":null,"content":null,"tourism":null,"office":null,"addr:housenumber":null,"name":null,"building:levels":null,"addr:street":null,"addr:postcode":null,"addr:city":null},"geometry":{"type":"MultiPolygon","coordinates":[[[[78.3908383,17.4465727],[78.3909683,17.4465795],[78.3909692,17.4465648],[78.3910381,17.4465685],[78.3910445,17.4464569],[78.3908457,17.4464463],[78.3908383,17.4465727]]]]}},
{"type":"Feature","properties":{"full_id":"w356020304","osm_id":"356020304","osm_type":"way","building":"yes","shop":null,"man_made":null,"content":null,"tourism":null,"office":null,"addr:housenumber":null,"name":null,"building:levels":null,"addr:street":null,"addr:postcode":null,"addr:city":null},"geometry":{"type":"MultiPolygon","coordinates":[[[[78.3929828,17.4463536],[78.3930961,17.4463603],[78.3931013,17.44628],[78.392988,17.4462734],[78.3929828,17.4463536]]]]}},
{"type":"Feature","properties":{"full_id":"w356020306","osm_id":"356020306","osm_type":"way","building":"yes","shop":null,"man_made":null,"content":null,"tourism":null,"office":null,"addr:housenumber":null,"name":null,"building:levels":null,"addr:street":null,"addr:postcode":null,"addr:city":null},"geometry":{"type":"MultiPolygon","coordinates":[[[[78.3909845,17.4499879],[78.3911042,17.4499894],[78.3911055,17.449889],[78.3909859,17.4498876],[78.3909845,17.4499879]]]]}},
{"type":"Feature","properties":{"full_id":"w356020308","osm_id":"356020308","osm_type":"way","building":"yes","shop":null,"man_made":null,"content":null,"tourism":null,"office":null,"addr:housenumber":null,"name":null,"building:levels":null,"addr:street":null,"addr:postcode":null,"addr:city":null},"geometry":{"type":"MultiPolygon","coordinates":[[[[78.3914649,17.4478538],[78.3917101,17.4478653],[78.3917161,17.4477469],[78.391471,17.4477355],[78.3914649,17.4478538]]]]}},
{"type":"Feature","properties":{"full_id":"w356020336","osm_id":"356020336","osm_type":"way","building":"yes","shop":null,"man_made":null,"content":null,"tourism":null,"office":null,"addr:housenumber":null,"name":null,"building:levels":null,"addr:street":null,"addr:postcode":null,"addr:city":null},"geometry":{"type":"MultiPolygon","coordinates":[[[[78.3933962,17.4464899],[78.393516,17.4464908],[78.3935171,17.4463495],[78.3933973,17.4463487],[78.3933962,17.4464899]]]]}},
{"type":"Feature","properties":{"full_id":"w356020338","osm_id":"356020338","osm_type":"way","building":"yes","shop":null,"man_made":null,"content":null,"tourism":null,"office":null,"addr:housenumber":null,"name":null,"building:levels":null,"addr:street":null,"addr:postcode":null,"addr:city":null},"geometry":{"type":"MultiPolygon","coordinates":[[[[78.3910419,17.4493553],[78.3910454,17.4492082],[78.3909377,17.4492059],[78.3909341,17.4493529],[78.3910419,17.4493553]]]]}},
{"type":"Feature","properties":{"full_id":"w356020344","osm_id":"356020344","osm_type":"way","building":"yes","shop":null,"man_made":null,"content":null,"tourism":null,"office":null,"addr:housenumber":null,"name":null,"building:levels":null,"addr:street":null,"addr:postcode":null,"addr:city":null},"geometry":{"type":"MultiPolygon","coordinates":[[[[78.3937402,17.4469314],[78.3939114,17.4469374],[78.3939093,17.4468777],[78.3938898,17.4468509],[78.393883,17.4467983],[78.3937393,17.446798],[78.3937402,17.4469314]]]]}},
{"type":"Feature","properties":{"full_id":"w356020352","osm_id":"356020352","osm_type":"way","building":"yes","shop":null,"man_made":null,"content":null,"tourism":null,"office":null,"addr:housenumber":null,"name":null,"building:levels":null,"addr:street":null,"addr:postcode":null,"addr:city":null},"geometry":{"type":"MultiPolygon","coordinates":[[[[78.3926427,17.4460292],[78.3926477,17.4459031],[78.3925996,17.4459014],[78.3923929,17.4458939],[78.3923896,17.4459759],[78.3924799,17.4459792],[78.3924781,17.4460233],[78.3926427,17.4460292]]]]}},
{"type":"Feature","properties":{"full_id":"w356020365","osm_id":"356020365","osm_type":"way","building":"yes","shop":null,"man_made":null,"content":null,"tourism":null,"office":null,"addr:housenumber":null,"name":null,"building:levels":null,"addr:street":null,"addr:postcode":null,"addr:city":null},"geometry":{"type":"MultiPolygon","coordinates":[[[[78.3895278,17.4479333],[78.3895382,17.4477438],[78.3894111,17.4477375],[78.389407,17.4478132],[78.389473,17.4478165],[78.3894719,17.4478377],[78.3893875,17.4478335],[78.3893824,17.447926],[78.3895278,17.4479333]]]]}},
{"type":"Feature","properties":{"full_id":"w356020369","osm_id":"356020369","osm_type":"way","building":"yes","shop":null,"man_made":null,"content":null,"tourism":null,"office":null,"addr:housenumber":null,"name":null,"building:levels":null,"addr:street":null,"addr:postcode":null,"addr:city":null},"geometry":{"type":"MultiPolygon","coordinates":[[[[78.3894787,17.4488153],[78.389634,17.4488268],[78.3896431,17.4487147],[78.3895398,17.448707],[78.3895386,17.4487221],[78.3895026,17.4487194],[78.3894996,17.4487557],[78.3894836,17.4487545],[78.3894787,17.4488153]]]]}},
{"type":"Feature","properties":{"full_id":"w356020372","osm_id":"356020372","osm_type":"way","building":"yes","shop":null,"man_made":null,"content":null,"tourism":null,"office":null,"addr:housenumber":null,"name":null,"building:levels":null,"addr:street":null,"addr:postcode":null,"addr:city":null},"geometry":{"type":"MultiPolygon","coordinates":[[[[78.3910893,17.4467527],[78.3911639,17.4467542],[78.3911635,17.4467717],[78.3912044,17.4467726],[78.3912046,17.4467598],[78.3912796,17.4467614],[78.3912814,17.4466806],[78.391091,17.4466766],[78.3910893,17.4467527]]]]}},
{"type":"Feature","properties":{"full_id":"w356182566","osm_id":"356182566","osm_type":"way","building":"yes","shop":null,"man_made":null,"content":null,"tourism":null,"office":null,"addr:housenumber":null,"name":null,"building:levels":null,"addr:street":null,"addr:postcode":null,"addr:city":null},"geometry":{"type":"MultiPolygon","coordinates":[[[[78.3896953,17.4504428],[78.3897893,17.4504495],[78.3897996,17.4503191],[78.3897055,17.4503123],[78.3896953,17.4504428]]]]}},
{"type":"Feature","properties":{"full_id":"w356182567","osm_id":"356182567","osm_type":"way","building":"yes","shop":null,"man_made":null,"content":null,"tourism":null,"office":null,"addr:housenumber":null,"name":null,"building:levels":null,"addr:street":null,"addr:postcode":null,"addr:city":null},"geometry":{"type":"MultiPolygon","coordinates":[[[[78.3909785,17.4488972],[78.3909807,17.448833],[78.3908604,17.4488293],[78.3908582,17.4488935],[78.3909785,17.4488972]]]]}},
{"type":"Feature","properties":{"full_id":"w356182573","osm_id":"356182573","osm_type":"way","building":"yes","shop":null,"man_made":null,"content":null,"tourism":null,"office":null,"addr:housenumber":"912","name":"Laxmi Nilayam","building:levels":null,"addr:street":null,"addr:postcode":null,"addr:city":null},"geometry":{"type":"MultiPolygon","coordinates":[[[[78.3921268,17.4502126],[78.3923591,17.4502296],[78.3923671,17.4501296],[78.3921348,17.4501126],[78.3921268,17.4502126]]]]}},
{"type":"Feature","properties":{"full_id":"w356182577","osm_id":"356182577","osm_type":"way","building":"yes","shop":null,"man_made":null,"content":null,"tourism":null,"office":null,"addr:housenumber":null,"name":null,"building:levels":null,"addr:street":null,"addr:postcode":null,"addr:city":null},"geometry":{"type":"MultiPolygon","coordinates":[[[[78.3936393,17.4478033],[78.3938103,17.4478057],[78.3938121,17.4476942],[78.393641,17.4476918],[78.3936393,17.4478033]]]]}},
{"type":"Feature","properties":{"full_id":"w356182578","osm_id":"356182578","osm_type":"way","building":"yes","shop":null,"man_made":null,"content":null,"tourism":null,"office":null,"addr:housenumber":null,"name":null,"building:levels":null,"addr:street":null,"addr:postcode":null,"addr:city":null},"geometry":{"type":"MultiPolygon","coordinates":[[[[78.3930871,17.4488825],[78.3932428,17.4488961],[78.3932523,17.4487969],[78.3930967,17.4487833],[78.3930871,17.4488825]]]]}},
{"type":"Feature","properties":{"full_id":"w356182580","osm_id":"356182580","osm_type":"way","building":"yes","shop":null,"man_made":null,"content":null,"tourism":null,"office":null,"addr:housenumber":null,"name":null,"building:levels":null,"addr:street":null,"addr:postcode":null,"addr:city":null},"geometry":{"type":"MultiPolygon","coordinates":[[[[78.3935628,17.4497865],[78.3933937,17.4497816],[78.3933904,17.4498863],[78.3935595,17.4498911],[78.3935628,17.4497865]]]]}},
{"type":"Feature","properties":{"full_id":"w356182584","osm_id":"356182584","osm_type":"way","building":"yes","shop":null,"man_made":null,"content":null,"tourism":null,"office":null,"addr:housenumber":"905","name":"Lakshmi Nilayam","building:levels":null,"addr:street":null,"addr:postcode":null,"addr:city":null},"geometry":{"type":"MultiPolygon","coordinates":[[[[78.3922447,17.4492735],[78.3924819,17.4492908],[78.392491,17.4491776],[78.3922538,17.4491602],[78.3922447,17.4492735]]]]}},
{"type":"Feature","properties":{"full_id":"w356182586","osm_id":"356182586","osm_type":"way","building":"yes","shop":null,"man_made":null,"content":null,"tourism":null,"office":null,"addr:housenumber":null,"name":null,"building:levels":null,"addr:street":null,"addr:postcode":null,"addr:city":null},"geometry":{"type":"MultiPolygon","coordinates":[[[[78.3931383,17.4485354],[78.3932916,17.4485416],[78.3932963,17.4484352],[78.393143,17.4484291],[78.3931383,17.4485354]]]]}},
{"type":"Feature","properties":{"full_id":"w356182587","osm_id":"356182587","osm_type":"way","building":"yes","shop":null,"man_made":null,"content":null,"tourism":null,"office":null,"addr:housenumber":null,"name":null,"building:levels":null,"addr:street":null,"addr:postcode":null,"addr:city":null},"geometry":{"type":"MultiPolygon","coordinates":[[[[78.3911001,17.4507791],[78.3913218,17.4507952],[78.3913406,17.4505588],[78.3911189,17.4505427],[78.3911001,17.4507791]]]]}},
{"type":"Feature","properties":{"full_id":"w356182592","osm_id":"356182592","osm_type":"way","building":"yes","shop":null,"man_made":null,"content":null,"tourism":null,"office":null,"addr:housenumber":"908","name":null,"building:levels":null,"addr:street":null,"addr:postcode":null,"addr:city":null},"geometry":{"type":"MultiPolygon","coordinates":[[[[78.3922177,17.4496728],[78.39241,17.4496825],[78.3924162,17.4495708],[78.3922239,17.4495612],[78.3922177,17.4496728]]]]}},
{"type":"Feature","properties":{"full_id":"w356182594","osm_id":"356182594","osm_type":"way","building":"yes","shop":null,"man_made":null,"content":null,"tourism":null,"office":null,"addr:housenumber":null,"name":null,"building:levels":null,"addr:street":null,"addr:postcode":null,"addr:city":null},"geometry":{"type":"MultiPolygon","coordinates":[[[[78.3931225,17.4482903],[78.3932762,17.4483052],[78.3932874,17.4482001],[78.3931337,17.4481852],[78.3931225,17.4482903]]]]}},
{"type":"Feature","properties":{"full_id":"w356182597","osm_id":"356182597","osm_type":"way","building":"yes","shop":null,"man_made":null,"content":null,"tourism":null,"office":null,"addr:housenumber":null,"name":null,"building:levels":null,"addr:street":null,"addr:postcode":null,"addr:city":null},"geometry":{"type":"MultiPolygon","coordinates":[[[[78.3912268,17.4500284],[78.3914705,17.4500501],[78.3914945,17.4498047],[78.3912508,17.449783],[78.3912268,17.4500284]]]]}},
{"type":"Feature","properties":{"full_id":"w356182598","osm_id":"356182598","osm_type":"way","building":"yes","shop":null,"man_made":null,"content":null,"tourism":null,"office":null,"addr:housenumber":null,"name":null,"building:levels":null,"addr:street":null,"addr:postcode":null,"addr:city":null},"geometry":{"type":"MultiPolygon","coordinates":[[[[78.393005,17.4475255],[78.3931506,17.4475353],[78.3931593,17.4474171],[78.3930136,17.4474072],[78.393005,17.4475255]]]]}},
{"type":"Feature","properties":{"full_id":"w356182606","osm_id":"356182606","osm_type":"way","building":"yes","shop":null,"man_made":null,"content":null,"tourism":null,"office":null,"addr:housenumber":null,"name":null,"building:levels":null,"addr:street":null,"addr:postcode":null,"addr:city":null},"geometry":{"type":"MultiPolygon","coordinates":[[[[78.3892885,17.4506739],[78.389468,17.4506749],[78.3894687,17.4505652],[78.3892892,17.4505642],[78.3892885,17.4506739]]]]}},
{"type":"Feature","properties":{"full_id":"w356182626","osm_id":"356182626","osm_type":"way","building":"yes","shop":null,"man_made":null,"content":null,"tourism":null,"office":null,"addr:housenumber":null,"name":null,"building:levels":null,"addr:street":null,"addr:postcode":null,"addr:city":null},"geometry":{"type":"MultiPolygon","coordinates":[[[[78.3897817,17.4506124],[78.3899808,17.4506223],[78.3899879,17.4504932],[78.3897888,17.4504832],[78.3897817,17.4506124]]]]}},
{"type":"Feature","properties":{"full_id":"w356182633","osm_id":"356182633","osm_type":"way","building":"yes","shop":null,"man_made":null,"content":null,"tourism":null,"office":null,"addr:housenumber":null,"name":null,"building:levels":null,"addr:street":null,"addr:postcode":null,"addr:city":null},"geometry":{"type":"MultiPolygon","coordinates":[[[[78.3932522,17.447419],[78.3934071,17.447434],[78.3934198,17.4473145],[78.3932649,17.4472995],[78.3932522,17.447419]]]]}},
{"type":"Feature","properties":{"full_id":"w356182638","osm_id":"356182638","osm_type":"way","building":"yes","shop":null,"man_made":null,"content":null,"tourism":null,"office":null,"addr:housenumber":null,"name":null,"building:levels":null,"addr:street":null,"addr:postcode":null,"addr:city":null},"geometry":{"type":"MultiPolygon","coordinates":[[[[78.3906238,17.4504853],[78.3908193,17.4504967],[78.390826,17.4503917],[78.3906305,17.4503803],[78.3906238,17.4504853]]]]}},
{"type":"Feature","properties":{"full_id":"w356182648","osm_id":"356182648","osm_type":"way","building":"yes","shop":null,"man_made":null,"content":null,"tourism":null,"office":null,"addr:housenumber":null,"name":null,"building:levels":null,"addr:street":null,"addr:postcode":null,"addr:city":null},"geometry":{"type":"MultiPolygon","coordinates":[[[[78.3934466,17.4485591],[78.3934499,17.4484469],[78.3933046,17.4484431],[78.3933014,17.4485552],[78.3934466,17.4485591]]]]}},
{"type":"Feature","properties":{"full_id":"w356182650","osm_id":"356182650","osm_type":"way","building":"yes","shop":null,"man_made":null,"content":null,"tourism":null,"office":null,"addr:housenumber":null,"name":null,"building:levels":null,"addr:street":null,"addr:postcode":null,"addr:city":null},"geometry":{"type":"MultiPolygon","coordinates":[[[[78.3937539,17.4505592],[78.3939077,17.4505692],[78.3939165,17.4504463],[78.3937628,17.4504363],[78.3937539,17.4505592]]]]}},
{"type":"Feature","properties":{"full_id":"w356182654","osm_id":"356182654","osm_type":"way","building":"yes","shop":null,"man_made":null,"content":null,"tourism":null,"office":null,"addr:housenumber":null,"name":null,"building:levels":null,"addr:street":null,"addr:postcode":null,"addr:city":null},"geometry":{"type":"MultiPolygon","coordinates":[[[[78.389092,17.4505488],[78.3892639,17.4505498],[78.3892646,17.4504385],[78.3890927,17.4504375],[78.389092,17.4505488]]]]}},
{"type":"Feature","properties":{"full_id":"w356182656","osm_id":"356182656","osm_type":"way","building":"yes","shop":null,"man_made":null,"content":null,"tourism":null,"office":null,"addr:housenumber":null,"name":null,"building:levels":null,"addr:street":null,"addr:postcode":null,"addr:city":null},"geometry":{"type":"MultiPolygon","coordinates":[[[[78.3929722,17.4498647],[78.3931244,17.449872],[78.3931301,17.449764],[78.3929779,17.4497567],[78.3929722,17.4498647]]]]}},
{"type":"Feature","properties":{"full_id":"w356182663","osm_id":"356182663","osm_type":"way","building":"yes","shop":null,"man_made":null,"content":null,"tourism":null,"office":null,"addr:housenumber":null,"name":null,"building:levels":null,"addr:street":null,"addr:postcode":null,"addr:city":null},"geometry":{"type":"MultiPolygon","coordinates":[[[[78.3922949,17.4489813],[78.3925301,17.4489985],[78.3925396,17.4488798],[78.3923044,17.4488626],[78.3922949,17.4489813]]]]}},
{"type":"Feature","properties":{"full_id":"w356182670","osm_id":"356182670","osm_type":"way","building":"yes","shop":null,"man_made":null,"content":null,"tourism":null,"office":null,"addr:housenumber":null,"name":null,"building:levels":null,"addr:street":null,"addr:postcode":null,"addr:city":null},"geometry":{"type":"MultiPolygon","coordinates":[[[[78.3900744,17.4483405],[78.3902652,17.4483464],[78.3902692,17.448226],[78.3900784,17.4482201],[78.3900744,17.4483405]]]]}},
{"type":"Feature","properties":{"full_id":"w356182683","osm_id":"356182683","osm_type":"way","building":"yes","shop":null,"man_made":null,"content":null,"tourism":null,"office":null,"addr:housenumber":"910","name":null,"building:levels":null,"addr:street":null,"addr:postcode":null,"addr:city":null},"geometry":{"type":"MultiPolygon","coordinates":[[[[78.3921733,17.4499584],[78.392394,17.4499746],[78.3924024,17.44987],[78.3921817,17.4498539],[78.3921733,17.4499584]]]]}},
{"type":"Feature","properties":{"full_id":"w356182693","osm_id":"356182693","osm_type":"way","building":"yes","shop":null,"man_made":null,"content":null,"tourism":null,"office":null,"addr:housenumber":null,"name":null,"building:levels":null,"addr:street":null,"addr:postcode":null,"addr:city":null},"geometry":{"type":"MultiPolygon","coordinates":[[[[78.3931935,17.4495242],[78.393345,17.4495266],[78.3933466,17.4494311],[78.3931952,17.4494287],[78.3931935,17.4495242]]]]}},
{"type":"Feature","properties":{"full_id":"w356182695","osm_id":"356182695","osm_type":"way","building":"yes","shop":null,"man_made":null,"content":null,"tourism":null,"office":null,"addr:housenumber":"916","name":null,"building:levels":null,"addr:street":null,"addr:postcode":null,"addr:city":null},"geometry":{"type":"MultiPolygon","coordinates":[[[[78.3924594,17.4504647],[78.3926021,17.4504709],[78.3926068,17.4503715],[78.3924642,17.4503653],[78.3924594,17.4504647]]]]}},
{"type":"Feature","properties":{"full_id":"w356182696","osm_id":"356182696","osm_type":"way","building":"yes","shop":null,"man_made":null,"content":null,"tourism":null,"office":null,"addr:housenumber":null,"name":null,"building:levels":null,"addr:street":null,"addr:postcode":null,"addr:city":null},"geometry":{"type":"MultiPolygon","coordinates":[[[[78.3922315,17.4473391],[78.3924575,17.4473527],[78.3924646,17.447246],[78.3922386,17.4472324],[78.3922315,17.4473391]]]]}},
{"type":"Feature","properties":{"full_id":"w356182706","osm_id":"356182706","osm_type":"way","building":"yes","shop":null,"man_made":null,"content":null,"tourism":null,"office":null,"addr:housenumber":"919","name":null,"building:levels":null,"addr:street":null,"addr:postcode":null,"addr:city":null},"geometry":{"type":"MultiPolygon","coordinates":[[[[78.3924949,17.4500779],[78.392652,17.4500906],[78.3926609,17.4499905],[78.3925038,17.4499778],[78.3924949,17.4500779]]]]}},
{"type":"Feature","properties":{"full_id":"w356182707","osm_id":"356182707","osm_type":"way","building":"yes","shop":null,"man_made":null,"content":null,"tourism":null,"office":null,"addr:housenumber":null,"name":null,"building:levels":null,"addr:street":null,"addr:postcode":null,"addr:city":null},"geometry":{"type":"MultiPolygon","coordinates":[[[[78.3926416,17.4472372],[78.392646,17.4471042],[78.392529,17.4471007],[78.3925246,17.4472337],[78.3926416,17.4472372]]]]}},
{"type":"Feature","properties":{"full_id":"w356182710","osm_id":"356182710","osm_type":"way","building":"yes","shop":null,"man_made":null,"content":null,"tourism":null,"office":null,"addr:housenumber":null,"name":null,"building:levels":null,"addr:street":null,"addr:postcode":null,"addr:city":null},"geometry":{"type":"MultiPolygon","coordinates":[[[[78.3929227,17.4502405],[78.3930506,17.4502456],[78.3930554,17.4501357],[78.3929275,17.4501305],[78.3929227,17.4502405]]]]}},
{"type":"Feature","properties":{"full_id":"w356182720","osm_id":"356182720","osm_type":"way","building":"yes","shop":null,"man_made":null,"content":null,"tourism":null,"office":null,"addr:housenumber":null,"name":null,"building:levels":null,"addr:street":null,"addr:postcode":null,"addr:city":null},"geometry":{"type":"MultiPolygon","coordinates":[[[[78.3934797,17.4491666],[78.3936074,17.4491748],[78.3936141,17.4490801],[78.3934864,17.4490719],[78.3934797,17.4491666]]]]}},
{"type":"Feature","properties":{"full_id":"w356182722","osm_id":"356182722","osm_type":"way","building":"yes","shop":null,"man_made":null,"content":null,"tourism":null,"office":null,"addr:housenumber":null,"name":null,"building:levels":null,"addr:street":null,"addr:postcode":null,"addr:city":null},"geometry":{"type":"MultiPolygon","coordinates":[[[[78.3938647,17.4475886],[78.3940119,17.4475889],[78.3940121,17.4474841],[78.3938649,17.4474838],[78.3938647,17.4475886]]]]}},
{"type":"Feature","properties":{"full_id":"w356182725","osm_id":"356182725","osm_type":"way","building":"yes","shop":null,"man_made":null,"content":null,"tourism":null,"office":null,"addr:housenumber":null,"name":null,"building:levels":null,"addr:street":null,"addr:postcode":null,"addr:city":null},"geometry":{"type":"MultiPolygon","coordinates":[[[[78.3932579,17.4489057],[78.3934059,17.4489186],[78.3934167,17.448807],[78.3932686,17.448794],[78.3932579,17.4489057]]]]}},
{"type":"Feature","properties":{"full_id":"w356182727","osm_id":"356182727","osm_type":"way","building":"yes","shop":null,"man_made":null,"content":null,"tourism":null,"office":null,"addr:housenumber":null,"name":null,"building:levels":null,"addr:street":null,"addr:postcode":null,"addr:city":null},"geometry":{"type":"MultiPolygon","coordinates":[[[[78.3919195,17.4498034],[78.3921587,17.4498178],[78.3921672,17.4496904],[78.3919279,17.449676],[78.3919195,17.4498034]]]]}},
{"type":"Feature","properties":{"full_id":"w356182729","osm_id":"356182729","osm_type":"way","building":"yes","shop":null,"man_made":null,"content":null,"tourism":null,"office":null,"addr:housenumber":null,"name":null,"building:levels":null,"addr:street":null,"addr:postcode":null,"addr:city":null},"geometry":{"type":"MultiPolygon","coordinates":[[[[78.3930129,17.4495282],[78.39318,17.4495304],[78.3931816,17.4494241],[78.3930145,17.4494219],[78.3930129,17.4495282]]]]}},
{"type":"Feature","properties":{"full_id":"w356182734","osm_id":"356182734","osm_type":"way","building":"yes","shop":null,"man_made":null,"content":null,"tourism":null,"office":null,"addr:housenumber":null,"name":null,"building:levels":null,"addr:street":null,"addr:postcode":null,"addr:city":null},"geometry":{"type":"MultiPolygon","coordinates":[[[[78.3926327,17.4488745],[78.3927076,17.4488806],[78.3927175,17.4487692],[78.3926426,17.4487631],[78.3926327,17.4488745]]]]}},
{"type":"Feature","properties":{"full_id":"w356182740","osm_id":"356182740","osm_type":"way","building":"yes","shop":null,"man_made":null,"content":null,"tourism":null,"office":null,"addr:housenumber":null,"name":null,"building:levels":null,"addr:street":null,"addr:postcode":null,"addr:city":null},"geometry":{"type":"MultiPolygon","coordinates":[[[[78.3929087,17.4506725],[78.3930341,17.4506747],[78.3930374,17.4505042],[78.3929121,17.4505019],[78.3929087,17.4506725]]]]}},
{"type":"Feature","properties":{"full_id":"w356182741","osm_id":"356182741","osm_type":"way","building":"yes","shop":null,"man_made":null,"content":null,"tourism":null,"office":null,"addr:housenumber":null,"name":null,"building:levels":null,"addr:street":null,"addr:postcode":null,"addr:city":null},"geometry":{"type":"MultiPolygon","coordinates":[[[[78.3933317,17.4483126],[78.3934878,17.44832],[78.3934934,17.4482138],[78.3933372,17.4482064],[78.3933317,17.4483126]]]]}},
{"type":"Feature","properties":{"full_id":"w356182749","osm_id":"356182749","osm_type":"way","building":"yes","shop":null,"man_made":null,"content":null,"tourism":null,"office":null,"addr:housenumber":"921","name":"DK Towers","building:levels":null,"addr:street":null,"addr:postcode":null,"addr:city":null},"geometry":{"type":"MultiPolygon","coordinates":[[[[78.392527,17.4498346],[78.3926838,17.4498474],[78.3926943,17.4497303],[78.3925374,17.4497176],[78.392527,17.4498346]]]]}},
{"type":"Feature","properties":{"full_id":"w356182750","osm_id":"356182750","osm_type":"way","building":"yes","shop":null,"man_made":null,"content":null,"tourism":null,"office":null,"addr:housenumber":null,"name":null,"building:levels":null,"addr:street":null,"addr:postcode":null,"addr:city":null},"geometry":{"type":"MultiPolygon","coordinates":[[[[78.3934426,17.447416],[78.3935914,17.4474238],[78.3935976,17.4473154],[78.3934488,17.4473077],[78.3934426,17.447416]]]]}},
{"type":"Feature","properties":{"full_id":"w356182752","osm_id":"356182752","osm_type":"way","building":"yes","shop":null,"man_made":null,"content":null,"tourism":null,"office":null,"addr:housenumber":null,"name":null,"building:levels":null,"addr:street":null,"addr:postcode":null,"addr:city":null},"geometry":{"type":"MultiPolygon","coordinates":[[[[78.3937675,17.4471752],[78.3938874,17.4471857],[78.3939024,17.4470301],[78.3937825,17.4470196],[78.3937675,17.4471752]]]]}},
{"type":"Feature","properties":{"full_id":"w356182757","osm_id":"356182757","osm_type":"way","building":"yes","shop":null,"man_made":null,"content":null,"tourism":null,"office":null,"addr:housenumber":null,"name":null,"building:levels":null,"addr:street":null,"addr:postcode":null,"addr:city":null},"geometry":{"type":"MultiPolygon","coordinates":[[[[78.3926801,17.4501124],[78.3928289,17.4501197],[78.3928351,17.4500039],[78.3926862,17.4499966],[78.3926801,17.4501124]]]]}},
{"type":"Feature","properties":{"full_id":"w356182760","osm_id":"356182760","osm_type":"way","building":"yes","shop":null,"man_made":null,"content":null,"tourism":null,"office":"it","addr:housenumber":"922","name":"Swan Environmental Pvt Ltd","building:levels":null,"addr:street":null,"addr:postcode":null,"addr:city":null},"geometry":{"type":"MultiPolygon","coordinates":[[[[78.3925373,17.44962],[78.3928723,17.4496473],[78.3928822,17.4495365],[78.3925472,17.4495092],[78.3925373,17.44962]]]]}},
{"type":"Feature","properties":{"full_id":"w356182762","osm_id":"356182762","osm_type":"way","building":"yes","shop":null,"man_made":null,"content":null,"tourism":null,"office":null,"addr:housenumber":null,"name":null,"building:levels":null,"addr:street":null,"addr:postcode":null,"addr:city":null},"geometry":{"type":"MultiPolygon","coordinates":[[[[78.3891746,17.4497651],[78.3893642,17.449779],[78.3893843,17.4495305],[78.3891883,17.4495161],[78.3891797,17.4496233],[78.3892367,17.4496275],[78.389234,17.4496604],[78.3891833,17.4496566],[78.3891746,17.4497651]]]]}},
{"type":"Feature","properties":{"full_id":"w356182764","osm_id":"356182764","osm_type":"way","building":"yes","shop":null,"man_made":null,"content":null,"tourism":null,"office":null,"addr:housenumber":null,"name":null,"building:levels":null,"addr:street":null,"addr:postcode":null,"addr:city":null},"geometry":{"type":"MultiPolygon","coordinates":[[[[78.3903236,17.450488],[78.3904794,17.4504942],[78.3904843,17.4503833],[78.3903285,17.4503772],[78.3903236,17.450488]]]]}},
{"type":"Feature","properties":{"full_id":"w356182772","osm_id":"356182772","osm_type":"way","building":"yes","shop":null,"man_made":null,"content":null,"tourism":null,"office":null,"addr:housenumber":null,"name":null,"building:levels":null,"addr:street":null,"addr:postcode":null,"addr:city":null},"geometry":{"type":"MultiPolygon","coordinates":[[[[78.3937921,17.4482073],[78.3939388,17.4482068],[78.3939385,17.4480932],[78.3937918,17.4480937],[78.3937921,17.4482073]]]]}},
{"type":"Feature","properties":{"full_id":"w356182774","osm_id":"356182774","osm_type":"way","building":"yes","shop":null,"man_made":null,"content":null,"tourism":null,"office":null,"addr:housenumber":null,"name":null,"building:levels":null,"addr:street":null,"addr:postcode":null,"addr:city":null},"geometry":{"type":"MultiPolygon","coordinates":[[[[78.3930868,17.4491604],[78.3932232,17.4491698],[78.3932327,17.449044],[78.3930963,17.4490346],[78.3930868,17.4491604]]]]}},
{"type":"Feature","properties":{"full_id":"w356182778","osm_id":"356182778","osm_type":"way","building":"yes","shop":null,"man_made":null,"content":null,"tourism":null,"office":null,"addr:housenumber":null,"name":null,"building:levels":null,"addr:street":null,"addr:postcode":null,"addr:city":null},"geometry":{"type":"MultiPolygon","coordinates":[[[[78.3935552,17.4500248],[78.3936488,17.4500276],[78.393652,17.4499322],[78.3935584,17.4499293],[78.3935552,17.4500248]]]]}},
{"type":"Feature","properties":{"full_id":"w356182784","osm_id":"356182784","osm_type":"way","building":"yes","shop":null,"man_made":null,"content":null,"tourism":null,"office":null,"addr:housenumber":null,"name":null,"building:levels":null,"addr:street":null,"addr:postcode":null,"addr:city":null},"geometry":{"type":"MultiPolygon","coordinates":[[[[78.3900726,17.448474],[78.390258,17.4484797],[78.3902619,17.4483649],[78.3900765,17.4483591],[78.3900726,17.448474]]]]}},
{"type":"Feature","properties":{"full_id":"w356182789","osm_id":"356182789","osm_type":"way","building":"yes","shop":null,"man_made":null,"content":null,"tourism":null,"office":null,"addr:housenumber":null,"name":null,"building:levels":null,"addr:street":null,"addr:postcode":null,"addr:city":null},"geometry":{"type":"MultiPolygon","coordinates":[[[[78.3919668,17.4496511],[78.3921791,17.4496606],[78.3921845,17.4495519],[78.3919722,17.4495424],[78.3919668,17.4496511]]]]}},
{"type":"Feature","properties":{"full_id":"w356182795","osm_id":"356182795","osm_type":"way","building":"yes","shop":null,"man_made":null,"content":null,"tourism":null,"office":null,"addr:housenumber":null,"name":null,"building:levels":null,"addr:street":null,"addr:postcode":null,"addr:city":null},"geometry":{"type":"MultiPolygon","coordinates":[[[[78.3918516,17.4502179],[78.3921001,17.4502336],[78.3921085,17.4501132],[78.3918599,17.4500975],[78.3918516,17.4502179]]]]}},
{"type":"Feature","properties":{"full_id":"w356182796","osm_id":"356182796","osm_type":"way","building":"yes","shop":null,"man_made":null,"content":null,"tourism":null,"office":null,"addr:housenumber":null,"name":null,"building:levels":null,"addr:street":null,"addr:postcode":null,"addr:city":null},"geometry":{"type":"MultiPolygon","coordinates":[[[[78.3928141,17.4474814],[78.3929044,17.447489],[78.3929129,17.447398],[78.3928226,17.4473903],[78.3928141,17.4474814]]]]}},
{"type":"Feature","properties":{"full_id":"w356182800","osm_id":"356182800","osm_type":"way","building":"yes","shop":null,"man_made":null,"content":null,"tourism":null,"office":null,"addr:housenumber":null,"name":null,"building:levels":null,"addr:street":null,"addr:postcode":null,"addr:city":null},"geometry":{"type":"MultiPolygon","coordinates":[[[[78.3936515,17.4476796],[78.3937951,17.4476887],[78.3938057,17.4475371],[78.3937741,17.4475351],[78.3937768,17.4474962],[78.3936647,17.4474891],[78.3936515,17.4476796]]]]}},
{"type":"Feature","properties":{"full_id":"w356182801","osm_id":"356182801","osm_type":"way","building":"yes","shop":null,"man_made":null,"content":null,"tourism":null,"office":null,"addr:housenumber":"913/A","name":null,"building:levels":null,"addr:street":null,"addr:postcode":null,"addr:city":null},"geometry":{"type":"MultiPolygon","coordinates":[[[[78.3921062,17.4503715],[78.3922107,17.4503718],[78.3922111,17.4502591],[78.3921066,17.4502588],[78.3921062,17.4503715]]]]}},
{"type":"Feature","properties":{"full_id":"w356182808","osm_id":"356182808","osm_type":"way","building":"yes","shop":null,"man_made":null,"content":null,"tourism":null,"office":null,"addr:housenumber":null,"name":null,"building:levels":null,"addr:street":null,"addr:postcode":null,"addr:city":null},"geometry":{"type":"MultiPolygon","coordinates":[[[[78.3891725,17.4500195],[78.3892735,17.450027],[78.3892796,17.4499516],[78.3891786,17.4499441],[78.3891725,17.4500195]]]]}},
{"type":"Feature","properties":{"full_id":"w356182811","osm_id":"356182811","osm_type":"way","building":"yes","shop":null,"man_made":null,"content":null,"tourism":null,"office":null,"addr:housenumber":null,"name":null,"building:levels":null,"addr:street":null,"addr:postcode":null,"addr:city":null},"geometry":{"type":"MultiPolygon","coordinates":[[[[78.3926948,17.4484913],[78.3930144,17.4485113],[78.3930217,17.4484053],[78.3927021,17.4483852],[78.3926948,17.4484913]]]]}},
{"type":"Feature","properties":{"full_id":"w356182816","osm_id":"356182816","osm_type":"way","building":"yes","shop":null,"man_made":null,"content":null,"tourism":null,"office":null,"addr:housenumber":null,"name":null,"building:levels":null,"addr:street":null,"addr:postcode":null,"addr:city":null},"geometry":{"type":"MultiPolygon","coordinates":[[[[78.3932266,17.44753],[78.3933949,17.4475463],[78.3934059,17.4474438],[78.3932375,17.4474275],[78.3932266,17.44753]]]]}},
{"type":"Feature","properties":{"full_id":"w356182817","osm_id":"356182817","osm_type":"way","building":"yes","shop":null,"man_made":null,"content":null,"tourism":null,"office":null,"addr:housenumber":"906","name":null,"building:levels":null,"addr:street":null,"addr:postcode":null,"addr:city":null},"geometry":{"type":"MultiPolygon","coordinates":[[[[78.392237,17.449398],[78.3924672,17.4494167],[78.3924775,17.4493021],[78.3922472,17.4492834],[78.392237,17.449398]]]]}},
{"type":"Feature","properties":{"full_id":"w356182818","osm_id":"356182818","osm_type":"way","building":"yes","shop":null,"man_made":null,"content":null,"tourism":null,"office":null,"addr:housenumber":null,"name":null,"building:levels":null,"addr:street":null,"addr:postcode":null,"addr:city":null},"geometry":{"type":"MultiPolygon","coordinates":[[[[78.3931393,17.4484165],[78.3932994,17.4484274],[78.3933074,17.44832],[78.3931473,17.4483092],[78.3931393,17.4484165]]]]}},
{"type":"Feature","properties":{"full_id":"w356182819","osm_id":"356182819","osm_type":"way","building":"yes","shop":null,"man_made":null,"content":null,"tourism":null,"office":null,"addr:housenumber":null,"name":null,"building:levels":null,"addr:street":null,"addr:postcode":null,"addr:city":null},"geometry":{"type":"MultiPolygon","coordinates":[[[[78.3908369,17.450652],[78.3910212,17.4506625],[78.3910288,17.4505413],[78.3908445,17.4505307],[78.3908369,17.450652]]]]}},
{"type":"Feature","properties":{"full_id":"w356182823","osm_id":"356182823","osm_type":"way","building":"yes","shop":null,"man_made":null,"content":null,"tourism":null,"office":null,"addr:housenumber":null,"name":null,"building:levels":null,"addr:street":null,"addr:postcode":null,"addr:city":null},"geometry":{"type":"MultiPolygon","coordinates":[[[[78.3929625,17.4477509],[78.393115,17.4477639],[78.3931242,17.447665],[78.3929717,17.4476521],[78.3929625,17.4477509]]]]}},
{"type":"Feature","properties":{"full_id":"w356182825","osm_id":"356182825","osm_type":"way","building":"yes","shop":null,"man_made":null,"content":null,"tourism":null,"office":null,"addr:housenumber":null,"name":null,"building:levels":null,"addr:street":null,"addr:postcode":null,"addr:city":null},"geometry":{"type":"MultiPolygon","coordinates":[[[[78.3916163,17.448809],[78.3918442,17.4488127],[78.3918462,17.4486973],[78.3916183,17.4486937],[78.3916163,17.448809]]]]}},
{"type":"Feature","properties":{"full_id":"w356182826","osm_id":"356182826","osm_type":"way","building":"yes","shop":null,"man_made":null,"content":null,"tourism":null,"office":null,"addr:housenumber":null,"name":null,"building:levels":null,"addr:street":null,"addr:postcode":null,"addr:city":null},"geometry":{"type":"MultiPolygon","coordinates":[[[[78.3937706,17.4480608],[78.3937727,17.4479793],[78.3936092,17.4479756],[78.3936071,17.4480571],[78.3937706,17.4480608]]]]}},
{"type":"Feature","properties":{"full_id":"w356182835","osm_id":"356182835","osm_type":"way","building":"yes","shop":null,"man_made":null,"content":null,"tourism":null,"office":null,"addr:housenumber":null,"name":null,"building:levels":null,"addr:street":null,"addr:postcode":null,"addr:city":null},"geometry":{"type":"MultiPolygon","coordinates":[[[[78.3893363,17.4504392],[78.3895105,17.4504402],[78.3895112,17.4503267],[78.389337,17.4503257],[78.3893363,17.4504392]]]]}},
{"type":"Feature","properties":{"full_id":"w356182836","osm_id":"356182836","osm_type":"way","building":"yes","shop":null,"man_made":null,"content":null,"tourism":null,"office":null,"addr:housenumber":null,"name":null,"building:levels":null,"addr:street":null,"addr:postcode":null,"addr:city":null},"geometry":{"type":"MultiPolygon","coordinates":[[[[78.392847,17.4498612],[78.3928488,17.4497351],[78.3927155,17.4497334],[78.3927136,17.4498594],[78.392847,17.4498612]]]]}},
{"type":"Feature","properties":{"full_id":"w356182842","osm_id":"356182842","osm_type":"way","building":"yes","shop":null,"man_made":null,"content":null,"tourism":null,"office":null,"addr:housenumber":null,"name":null,"building:levels":null,"addr:street":null,"addr:postcode":null,"addr:city":null},"geometry":{"type":"MultiPolygon","coordinates":[[[[78.3904192,17.4479433],[78.3906164,17.4479476],[78.3906191,17.4478313],[78.3904219,17.4478271],[78.3904192,17.4479433]]]]}},
{"type":"Feature","properties":{"full_id":"w356182846","osm_id":"356182846","osm_type":"way","building":"yes","shop":null,"man_made":null,"content":null,"tourism":null,"office":null,"addr:housenumber":null,"name":null,"building:levels":null,"addr:street":null,"addr:postcode":null,"addr:city":null},"geometry":{"type":"MultiPolygon","coordinates":[[[[78.3898544,17.4483388],[78.3900279,17.4483499],[78.3900367,17.4482254],[78.3898631,17.4482143],[78.3898544,17.4483388]]]]}},
{"type":"Feature","properties":{"full_id":"w356182850","osm_id":"356182850","osm_type":"way","building":"yes","shop":null,"man_made":null,"content":null,"tourism":null,"office":null,"addr:housenumber":null,"name":null,"building:levels":null,"addr:street":null,"addr:postcode":null,"addr:city":null},"geometry":{"type":"MultiPolygon","coordinates":[[[[78.3917104,17.4482787],[78.3919066,17.4482878],[78.3919127,17.4481692],[78.3917164,17.4481601],[78.3917104,17.4482787]]]]}},
{"type":"Feature","properties":{"full_id":"w356182851","osm_id":"356182851","osm_type":"way","building":"yes","shop":null,"man_made":null,"content":null,"tourism":null,"office":null,"addr:housenumber":null,"name":null,"building:levels":null,"addr:street":null,"addr:postcode":null,"addr:city":null},"geometry":{"type":"MultiPolygon","coordinates":[[[[78.3895718,17.4505937],[78.3897613,17.4505967],[78.3897632,17.4504863],[78.3895737,17.4504833],[78.3895718,17.4505937]]]]}},
{"type":"Feature","properties":{"full_id":"w356182856","osm_id":"356182856","osm_type":"way","building":"yes","shop":null,"man_made":null,"content":null,"tourism":null,"office":null,"addr:housenumber":null,"name":null,"building:levels":null,"addr:street":null,"addr:postcode":null,"addr:city":null},"geometry":{"type":"MultiPolygon","coordinates":[[[[78.3914987,17.4500429],[78.3916268,17.4500501],[78.3916338,17.4499358],[78.3915057,17.4499286],[78.3914987,17.4500429]]]]}},
{"type":"Feature","properties":{"full_id":"w356182862","osm_id":"356182862","osm_type":"way","building":"yes","shop":null,"man_made":null,"content":null,"tourism":null,"office":null,"addr:housenumber":"918","name":"Sri Vatsavai Residency","building:levels":null,"addr:street":null,"addr:postcode":null,"addr:city":null},"geometry":{"type":"MultiPolygon","coordinates":[[[[78.3924635,17.4503337],[78.3926038,17.4503441],[78.3926221,17.4501188],[78.3924818,17.4501084],[78.3924635,17.4503337]]]]}},
{"type":"Feature","properties":{"full_id":"w356182863","osm_id":"356182863","osm_type":"way","building":"yes","shop":null,"man_made":null,"content":null,"tourism":null,"office":null,"addr:housenumber":null,"name":null,"building:levels":null,"addr:street":null,"addr:postcode":null,"addr:city":null},"geometry":{"type":"MultiPolygon","coordinates":[[[[78.3922454,17.4472242],[78.3924822,17.4472284],[78.3924849,17.4470929],[78.392248,17.4470887],[78.3922454,17.4472242]]]]}},
{"type":"Feature","properties":{"full_id":"w356182868","osm_id":"356182868","osm_type":"way","building":"yes","shop":null,"man_made":null,"content":null,"tourism":null,"office":null,"addr:housenumber":null,"name":null,"building:levels":null,"addr:street":null,"addr:postcode":null,"addr:city":null},"geometry":{"type":"MultiPolygon","coordinates":[[[[78.3937452,17.448305],[78.3937479,17.4482006],[78.3935937,17.448197],[78.393591,17.4483014],[78.3937452,17.448305]]]]}},
{"type":"Feature","properties":{"full_id":"w356182870","osm_id":"356182870","osm_type":"way","building":"yes","shop":null,"man_made":null,"content":null,"tourism":null,"office":null,"addr:housenumber":"920","name":null,"building:levels":null,"addr:street":null,"addr:postcode":null,"addr:city":null},"geometry":{"type":"MultiPolygon","coordinates":[[[[78.3925003,17.4499592],[78.3926714,17.449966],[78.392676,17.4498616],[78.3925049,17.4498547],[78.3925003,17.4499592]]]]}},
{"type":"Feature","properties":{"full_id":"w356182874","osm_id":"356182874","osm_type":"way","building":"yes","shop":null,"man_made":null,"content":null,"tourism":null,"office":null,"addr:housenumber":null,"name":null,"building:levels":null,"addr:street":null,"addr:postcode":null,"addr:city":null},"geometry":{"type":"MultiPolygon","coordinates":[[[[78.3931218,17.4500043],[78.3932656,17.4500052],[78.3932663,17.4499057],[78.3931225,17.4499048],[78.3931218,17.4500043]]]]}},
{"type":"Feature","properties":{"full_id":"w356182876","osm_id":"356182876","osm_type":"way","building":"yes","shop":null,"man_made":null,"content":null,"tourism":null,"office":null,"addr:housenumber":null,"name":null,"building:levels":null,"addr:street":null,"addr:postcode":null,"addr:city":null},"geometry":{"type":"MultiPolygon","coordinates":[[[[78.3916089,17.4489688],[78.3917997,17.4489726],[78.3918023,17.448857],[78.3916115,17.4488532],[78.3916089,17.4489688]]]]}},
{"type":"Feature","properties":{"full_id":"w356182878","osm_id":"356182878","osm_type":"way","building":"yes","shop":null,"man_made":null,"content":null,"tourism":null,"office":null,"addr:housenumber":null,"name":null,"building:levels":null,"addr:street":null,"addr:postcode":null,"addr:city":null},"geometry":{"type":"MultiPolygon","coordinates":[[[[78.3913852,17.4506795],[78.3916034,17.4506818],[78.3916047,17.4505689],[78.3913865,17.4505666],[78.3913852,17.4506795]]]]}},
{"type":"Feature","properties":{"full_id":"w356182880","osm_id":"356182880","osm_type":"way","building":"yes","shop":null,"man_made":null,"content":null,"tourism":null,"office":null,"addr:housenumber":null,"name":null,"building:levels":null,"addr:street":null,"addr:postcode":null,"addr:city":null},"geometry":{"type":"MultiPolygon","coordinates":[[[[78.3906226,17.4482331],[78.3908104,17.4482307],[78.3908086,17.4481061],[78.3906208,17.4481084],[78.3906226,17.4482331]]]]}},
{"type":"Feature","properties":{"full_id":"w356182885","osm_id":"356182885","osm_type":"way","building":"yes","shop":null,"man_made":null,"content":null,"tourism":null,"office":null,"addr:housenumber":null,"name":null,"building:levels":null,"addr:street":null,"addr:postcode":null,"addr:city":null},"geometry":{"type":"MultiPolygon","coordinates":[[[[78.3931791,17.4481503],[78.3933353,17.4481602],[78.3933423,17.4480594],[78.3931862,17.4480495],[78.3931791,17.4481503]]]]}},
{"type":"Feature","properties":{"full_id":"w356182888","osm_id":"356182888","osm_type":"way","building":"yes","shop":null,"man_made":null,"content":null,"tourism":null,"office":null,"addr:housenumber":null,"name":null,"building:levels":null,"addr:street":null,"addr:postcode":null,"addr:city":null},"geometry":{"type":"MultiPolygon","coordinates":[[[[78.3938624,17.4476974],[78.3939984,17.4477009],[78.3940013,17.4475984],[78.3938652,17.447595],[78.3938624,17.4476974]]]]}},
{"type":"Feature","properties":{"full_id":"w356182889","osm_id":"356182889","osm_type":"way","building":"yes","shop":null,"man_made":null,"content":null,"tourism":null,"office":null,"addr:housenumber":"909","name":null,"building:levels":null,"addr:street":null,"addr:postcode":null,"addr:city":null},"geometry":{"type":"MultiPolygon","coordinates":[[[[78.3921863,17.4498358],[78.3924246,17.4498468],[78.3924309,17.4497229],[78.3921926,17.4497119],[78.3921863,17.4498358]]]]}},
{"type":"Feature","properties":{"full_id":"w356182892","osm_id":"356182892","osm_type":"way","building":"yes","shop":null,"man_made":null,"content":null,"tourism":null,"office":null,"addr:housenumber":null,"name":null,"building:levels":null,"addr:street":null,"addr:postcode":null,"addr:city":null},"geometry":{"type":"MultiPolygon","coordinates":[[[[78.3931867,17.4496779],[78.3933305,17.4496719],[78.3933257,17.4495668],[78.3931818,17.4495728],[78.3931867,17.4496779]]]]}},
{"type":"Feature","properties":{"full_id":"w356182895","osm_id":"356182895","osm_type":"way","building":"yes","shop":null,"man_made":null,"content":null,"tourism":null,"office":null,"addr:housenumber":null,"name":null,"building:levels":null,"addr:street":null,"addr:postcode":null,"addr:city":null},"geometry":{"type":"MultiPolygon","coordinates":[[[[78.3925009,17.4473622],[78.3926943,17.4473775],[78.3927043,17.4472623],[78.3925109,17.447247],[78.3925009,17.4473622]]]]}},
{"type":"Feature","properties":{"full_id":"w356182899","osm_id":"356182899","osm_type":"way","building":"yes","shop":null,"man_made":null,"content":null,"tourism":null,"office":null,"addr:housenumber":null,"name":null,"building:levels":null,"addr:street":null,"addr:postcode":null,"addr:city":null},"geometry":{"type":"MultiPolygon","coordinates":[[[[78.3937992,17.4480669],[78.3938642,17.4480694],[78.3938685,17.4479613],[78.3938036,17.4479588],[78.3937992,17.4480669]]]]}},
{"type":"Feature","properties":{"full_id":"w356182904","osm_id":"356182904","osm_type":"way","building":"yes","shop":null,"man_made":null,"content":null,"tourism":null,"office":null,"addr:housenumber":null,"name":null,"building:levels":null,"addr:street":null,"addr:postcode":null,"addr:city":null},"geometry":{"type":"MultiPolygon","coordinates":[[[[78.3898031,17.4504633],[78.38996,17.4504688],[78.3899643,17.4503558],[78.3898074,17.4503504],[78.3898031,17.4504633]]]]}},
{"type":"Feature","properties":{"full_id":"w356182907","osm_id":"356182907","osm_type":"way","building":"yes","shop":null,"man_made":null,"content":null,"tourism":null,"office":null,"addr:housenumber":null,"name":null,"building:levels":null,"addr:street":null,"addr:postcode":null,"addr:city":null},"geometry":{"type":"MultiPolygon","coordinates":[[[[78.3898346,17.4484841],[78.3900253,17.44849],[78.3900295,17.4483679],[78.3898388,17.4483619],[78.3898346,17.4484841]]]]}},
{"type":"Feature","properties":{"full_id":"w356182910","osm_id":"356182910","osm_type":"way","building":"yes","shop":null,"man_made":null,"content":null,"tourism":null,"office":null,"addr:housenumber":null,"name":null,"building:levels":null,"addr:street":null,"addr:postcode":null,"addr:city":null},"geometry":{"type":"MultiPolygon","coordinates":[[[[78.3936219,17.4493364],[78.3938056,17.4493402],[78.3938081,17.449229],[78.3936244,17.4492252],[78.3936219,17.4493364]]]]}},
{"type":"Feature","properties":{"full_id":"w356182913","osm_id":"356182913","osm_type":"way","building":"yes","shop":null,"man_made":null,"content":null,"tourism":null,"office":null,"addr:housenumber":null,"name":null,"building:levels":null,"addr:street":null,"addr:postcode":null,"addr:city":null},"geometry":{"type":"MultiPolygon","coordinates":[[[[78.3927712,17.4478823],[78.3929204,17.4478911],[78.3929275,17.4477801],[78.3927783,17.4477713],[78.3927712,17.4478823]]]]}},
{"type":"Feature","properties":{"full_id":"w356182914","osm_id":"356182914","osm_type":"way","building":"yes","shop":null,"man_made":null,"content":null,"tourism":null,"office":null,"addr:housenumber":null,"name":null,"building:levels":null,"addr:street":null,"addr:postcode":null,"addr:city":null},"geometry":{"type":"MultiPolygon","coordinates":[[[[78.3937387,17.4473555],[78.393857,17.4473679],[78.3938753,17.4472085],[78.3937571,17.4471961],[78.3937387,17.4473555]]]]}},
{"type":"Feature","properties":{"full_id":"w356182916","osm_id":"356182916","osm_type":"way","building":"yes","shop":null,"man_made":null,"content":null,"tourism":null,"office":null,"addr:housenumber":null,"name":null,"building:levels":null,"addr:street":null,"addr:postcode":null,"addr:city":null},"geometry":{"type":"MultiPolygon","coordinates":[[[[78.3936771,17.4490572],[78.39384,17.4490625],[78.3938482,17.4488327],[78.3936853,17.4488274],[78.3936771,17.4490572]]]]}},
{"type":"Feature","properties":{"full_id":"w356182920","osm_id":"356182920","osm_type":"way","building":"yes","shop":null,"man_made":null,"content":null,"tourism":null,"office":null,"addr:housenumber":null,"name":null,"building:levels":null,"addr:street":null,"addr:postcode":null,"addr:city":null},"geometry":{"type":"MultiPolygon","coordinates":[[[[78.3930142,17.4494091],[78.3931852,17.449413],[78.3931881,17.4492982],[78.3930171,17.4492944],[78.3930142,17.4494091]]]]}},
{"type":"Feature","properties":{"full_id":"w356182921","osm_id":"356182921","osm_type":"way","building":"yes","shop":null,"man_made":null,"content":null,"tourism":null,"office":null,"addr:housenumber":null,"name":null,"building:levels":null,"addr:street":null,"addr:postcode":null,"addr:city":null},"geometry":{"type":"MultiPolygon","coordinates":[[[[78.3933405,17.4502416],[78.3934864,17.4502519],[78.3934933,17.4501635],[78.3933473,17.4501532],[78.3933405,17.4502416]]]]}},
{"type":"Feature","properties":{"full_id":"w356182924","osm_id":"356182924","osm_type":"way","building":"yes","shop":null,"man_made":null,"content":null,"tourism":null,"office":null,"addr:housenumber":null,"name":null,"building:levels":null,"addr:street":null,"addr:postcode":null,"addr:city":null},"geometry":{"type":"MultiPolygon","coordinates":[[[[78.392652,17.4502372],[78.3927984,17.4502445],[78.3928045,17.4501333],[78.3926581,17.4501261],[78.392652,17.4502372]]]]}},
{"type":"Feature","properties":{"full_id":"w356182928","osm_id":"356182928","osm_type":"way","building":"yes","shop":null,"man_made":null,"content":null,"tourism":null,"office":null,"addr:housenumber":null,"name":null,"building:levels":null,"addr:street":null,"addr:postcode":null,"addr:city":null},"geometry":{"type":"MultiPolygon","coordinates":[[[[78.3928061,17.4491321],[78.3929543,17.4491372],[78.3929584,17.4490302],[78.3928101,17.4490251],[78.3928061,17.4491321]]]]}},
{"type":"Feature","properties":{"full_id":"w356182931","osm_id":"356182931","osm_type":"way","building":"yes","shop":null,"man_made":null,"content":null,"tourism":null,"office":null,"addr:housenumber":null,"name":null,"building:levels":null,"addr:street":null,"addr:postcode":null,"addr:city":null},"geometry":{"type":"MultiPolygon","coordinates":[[[[78.3893657,17.4500328],[78.3894782,17.4500412],[78.3894853,17.4499542],[78.3893727,17.4499459],[78.3893657,17.4500328]]]]}},
{"type":"Feature","properties":{"full_id":"w356182936","osm_id":"356182936","osm_type":"way","building":"yes","shop":null,"man_made":null,"content":null,"tourism":null,"office":null,"addr:housenumber":null,"name":null,"building:levels":null,"addr:street":null,"addr:postcode":null,"addr:city":null},"geometry":{"type":"MultiPolygon","coordinates":[[[[78.392832,17.4486501],[78.3929656,17.4486577],[78.3929726,17.4485447],[78.392839,17.4485372],[78.392832,17.4486501]]]]}},
{"type":"Feature","properties":{"full_id":"w356182940","osm_id":"356182940","osm_type":"way","building":"yes","shop":null,"man_made":null,"content":null,"tourism":null,"office":null,"addr:housenumber":null,"name":null,"building:levels":null,"addr:street":null,"addr:postcode":null,"addr:city":null},"geometry":{"type":"MultiPolygon","coordinates":[[[[78.3926217,17.4505923],[78.3927757,17.4506048],[78.3927856,17.4504941],[78.3926315,17.4504816],[78.3926217,17.4505923]]]]}},
{"type":"Feature","properties":{"full_id":"w356182941","osm_id":"356182941","osm_type":"way","building":"yes","shop":null,"man_made":null,"content":null,"tourism":null,"office":null,"addr:housenumber":null,"name":null,"building:levels":null,"addr:street":null,"addr:postcode":null,"addr:city":null},"geometry":{"type":"MultiPolygon","coordinates":[[[[78.3933451,17.4481664],[78.3935007,17.4481751],[78.3935068,17.4480741],[78.3933513,17.4480655],[78.3933451,17.4481664]]]]}},
{"type":"Feature","properties":{"full_id":"w356182943","osm_id":"356182943","osm_type":"way","building":"yes","shop":null,"man_made":null,"content":null,"tourism":null,"office":null,"addr:housenumber":null,"name":null,"building:levels":null,"addr:street":null,"addr:postcode":null,"addr:city":null},"geometry":{"type":"MultiPolygon","coordinates":[[[[78.3937574,17.448327],[78.3939102,17.4483277],[78.3939107,17.4482217],[78.3937579,17.4482211],[78.3937574,17.448327]]]]}},
{"type":"Feature","properties":{"full_id":"w356182951","osm_id":"356182951","osm_type":"way","building":"yes","shop":null,"man_made":null,"content":null,"tourism":null,"office":null,"addr:housenumber":null,"name":null,"building:levels":null,"addr:street":null,"addr:postcode":null,"addr:city":null},"geometry":{"type":"MultiPolygon","coordinates":[[[[78.3935274,17.4502549],[78.393611,17.4502575],[78.3936138,17.4501695],[78.3935303,17.4501669],[78.3935274,17.4502549]]]]}},
{"type":"Feature","properties":{"full_id":"w356182952","osm_id":"356182952","osm_type":"way","building":"yes","shop":null,"man_made":null,"content":null,"tourism":"hostel","office":null,"addr:housenumber":null,"name":null,"building:levels":null,"addr:street":null,"addr:postcode":null,"addr:city":null},"geometry":{"type":"MultiPolygon","coordinates":[[[[78.3934479,17.4475692],[78.3935884,17.4475722],[78.3935913,17.4474524],[78.3934508,17.4474493],[78.3934479,17.4475692]]]]}},
{"type":"Feature","properties":{"full_id":"w356182958","osm_id":"356182958","osm_type":"way","building":"yes","shop":null,"man_made":null,"content":null,"tourism":null,"office":null,"addr:housenumber":null,"name":null,"building:levels":null,"addr:street":null,"addr:postcode":null,"addr:city":null},"geometry":{"type":"MultiPolygon","coordinates":[[[[78.390394,17.4482338],[78.3905914,17.4482379],[78.3905972,17.4479823],[78.3903998,17.4479782],[78.390394,17.4482338]]]]}},
{"type":"Feature","properties":{"full_id":"w356182960","osm_id":"356182960","osm_type":"way","building":"yes","shop":null,"man_made":null,"content":null,"tourism":null,"office":null,"addr:housenumber":null,"name":null,"building:levels":null,"addr:street":null,"addr:postcode":null,"addr:city":null},"geometry":{"type":"MultiPolygon","coordinates":[[[[78.392677,17.449966],[78.392831,17.4499722],[78.3928354,17.4498739],[78.3926815,17.4498676],[78.392677,17.449966]]]]}},
{"type":"Feature","properties":{"full_id":"w356182962","osm_id":"356182962","osm_type":"way","building":"yes","shop":null,"man_made":null,"content":null,"tourism":null,"office":null,"addr:housenumber":null,"name":null,"building:levels":null,"addr:street":null,"addr:postcode":null,"addr:city":null},"geometry":{"type":"MultiPolygon","coordinates":[[[[78.3893845,17.4486924],[78.3893958,17.4485527],[78.3893092,17.4485463],[78.3892979,17.4486859],[78.3893845,17.4486924]]]]}},
{"type":"Feature","properties":{"full_id":"w356182968","osm_id":"356182968","osm_type":"way","building":"yes","shop":null,"man_made":null,"content":null,"tourism":null,"office":null,"addr:housenumber":null,"name":null,"building:levels":null,"addr:street":null,"addr:postcode":null,"addr:city":null},"geometry":{"type":"MultiPolygon","coordinates":[[[[78.3938178,17.4499227],[78.3938886,17.4499273],[78.393892,17.4498788],[78.3939421,17.4498821],[78.3939461,17.4498271],[78.3938253,17.4498192],[78.3938178,17.4499227]]]]}},
{"type":"Feature","properties":{"full_id":"w356182977","osm_id":"356182977","osm_type":"way","building":"yes","shop":null,"man_made":null,"content":null,"tourism":null,"office":null,"addr:housenumber":null,"name":null,"building:levels":null,"addr:street":null,"addr:postcode":null,"addr:city":null},"geometry":{"type":"MultiPolygon","coordinates":[[[[78.3902641,17.4507702],[78.3902746,17.450677],[78.3902448,17.4506739],[78.3902505,17.4506232],[78.3902797,17.4506262],[78.3902917,17.450521],[78.3901275,17.450504],[78.3901159,17.4506069],[78.3901789,17.4506134],[78.3901741,17.4506557],[78.3901117,17.4506493],[78.3900999,17.4507532],[78.3902641,17.4507702]]]]}},
{"type":"Feature","properties":{"full_id":"w356228066","osm_id":"356228066","osm_type":"way","building":"yes","shop":null,"man_made":null,"content":null,"tourism":null,"office":null,"addr:housenumber":null,"name":null,"building:levels":null,"addr:street":null,"addr:postcode":null,"addr:city":null},"geometry":{"type":"MultiPolygon","coordinates":[[[[78.3937595,17.4484374],[78.393823,17.4484439],[78.393834,17.4483453],[78.3937704,17.4483388],[78.3937595,17.4484374]]]]}},
{"type":"Feature","properties":{"full_id":"w356228909","osm_id":"356228909","osm_type":"way","building":"yes","shop":null,"man_made":null,"content":null,"tourism":null,"office":null,"addr:housenumber":null,"name":null,"building:levels":null,"addr:street":null,"addr:postcode":null,"addr:city":null},"geometry":{"type":"MultiPolygon","coordinates":[[[[78.3936778,17.4487248],[78.3938663,17.44874],[78.3938785,17.4486024],[78.3936899,17.4485872],[78.3936778,17.4487248]]]]}},
{"type":"Feature","properties":{"full_id":"w360651275","osm_id":"360651275","osm_type":"way","building":"yes","shop":null,"man_made":null,"content":null,"tourism":null,"office":null,"addr:housenumber":null,"name":null,"building:levels":null,"addr:street":null,"addr:postcode":null,"addr:city":null},"geometry":{"type":"MultiPolygon","coordinates":[[[[78.3929413,17.4473299],[78.3929482,17.4472709],[78.3928461,17.4472601],[78.3928392,17.447319],[78.3929413,17.4473299]]]]}},
{"type":"Feature","properties":{"full_id":"w360651277","osm_id":"360651277","osm_type":"way","building":"yes","shop":null,"man_made":null,"content":null,"tourism":null,"office":null,"addr:housenumber":null,"name":null,"building:levels":null,"addr:street":null,"addr:postcode":null,"addr:city":null},"geometry":{"type":"MultiPolygon","coordinates":[[[[78.3910566,17.4488963],[78.3911068,17.4488963],[78.3911068,17.4488446],[78.3910566,17.4488446],[78.3910566,17.4488963]]]]}},
{"type":"Feature","properties":{"full_id":"w360651279","osm_id":"360651279","osm_type":"way","building":"yes","shop":null,"man_made":null,"content":null,"tourism":null,"office":null,"addr:housenumber":null,"name":null,"building:levels":null,"addr:street":null,"addr:postcode":null,"addr:city":null},"geometry":{"type":"MultiPolygon","coordinates":[[[[78.3908854,17.4484755],[78.3909895,17.4484829],[78.3909953,17.4484081],[78.3908912,17.4484007],[78.3908854,17.4484755]]]]}},
{"type":"Feature","properties":{"full_id":"w360651297","osm_id":"360651297","osm_type":"way","building":"yes","shop":null,"man_made":null,"content":null,"tourism":null,"office":null,"addr:housenumber":null,"name":null,"building:levels":null,"addr:street":null,"addr:postcode":null,"addr:city":null},"geometry":{"type":"MultiPolygon","coordinates":[[[[78.3892059,17.4493391],[78.3893974,17.449343],[78.3893992,17.4492616],[78.3892077,17.4492577],[78.3892059,17.4493391]]]]}},
{"type":"Feature","properties":{"full_id":"w360651302","osm_id":"360651302","osm_type":"way","building":"yes","shop":null,"man_made":null,"content":null,"tourism":null,"office":null,"addr:housenumber":null,"name":null,"building:levels":null,"addr:street":null,"addr:postcode":null,"addr:city":null},"geometry":{"type":"MultiPolygon","coordinates":[[[[78.3913814,17.4487911],[78.3914494,17.4487949],[78.3914521,17.448752],[78.391384,17.4487481],[78.3913814,17.4487911]]]]}},
{"type":"Feature","properties":{"full_id":"w360651304","osm_id":"360651304","osm_type":"way","building":"yes","shop":null,"man_made":null,"content":null,"tourism":null,"office":null,"addr:housenumber":null,"name":null,"building:levels":null,"addr:street":null,"addr:postcode":null,"addr:city":null},"geometry":{"type":"MultiPolygon","coordinates":[[[[78.3908854,17.4483393],[78.3909477,17.4483382],[78.3909466,17.4482838],[78.3908843,17.448285],[78.3908854,17.4483393]]]]}},
{"type":"Feature","properties":{"full_id":"w360651326","osm_id":"360651326","osm_type":"way","building":"yes","shop":null,"man_made":null,"content":null,"tourism":null,"office":null,"addr:housenumber":null,"name":null,"building:levels":null,"addr:street":null,"addr:postcode":null,"addr:city":null},"geometry":{"type":"MultiPolygon","coordinates":[[[[78.3909605,17.4482078],[78.3910321,17.4482147],[78.3910387,17.448152],[78.3909671,17.4481452],[78.3909605,17.4482078]]]]}},
{"type":"Feature","properties":{"full_id":"w360651330","osm_id":"360651330","osm_type":"way","building":"yes","shop":null,"man_made":null,"content":null,"tourism":null,"office":null,"addr:housenumber":null,"name":null,"building:levels":null,"addr:street":null,"addr:postcode":null,"addr:city":null},"geometry":{"type":"MultiPolygon","coordinates":[[[[78.3907248,17.4479168],[78.3908018,17.4479218],[78.3908071,17.4478471],[78.3907301,17.4478421],[78.3907248,17.4479168]]]]}},
{"type":"Feature","properties":{"full_id":"w360651353","osm_id":"360651353","osm_type":"way","building":"yes","shop":null,"man_made":null,"content":null,"tourism":null,"office":null,"addr:housenumber":null,"name":null,"building:levels":null,"addr:street":null,"addr:postcode":null,"addr:city":null},"geometry":{"type":"MultiPolygon","coordinates":[[[[78.3911651,17.4504969],[78.3912401,17.4505023],[78.3912458,17.4504307],[78.3911708,17.4504252],[78.3911651,17.4504969]]]]}},
{"type":"Feature","properties":{"full_id":"w360651357","osm_id":"360651357","osm_type":"way","building":"yes","shop":null,"man_made":null,"content":null,"tourism":null,"office":null,"addr:housenumber":null,"name":null,"building:levels":null,"addr:street":null,"addr:postcode":null,"addr:city":null},"geometry":{"type":"MultiPolygon","coordinates":[[[[78.3914385,17.4502356],[78.3915221,17.4502397],[78.3915241,17.4502029],[78.3914404,17.4501989],[78.3914385,17.4502356]]]]}},
{"type":"Feature","properties":{"full_id":"w360651360","osm_id":"360651360","osm_type":"way","building":"yes","shop":null,"man_made":null,"content":null,"tourism":null,"office":null,"addr:housenumber":null,"name":null,"building:levels":null,"addr:street":null,"addr:postcode":null,"addr:city":null},"geometry":{"type":"MultiPolygon","coordinates":[[[[78.3909744,17.4501784],[78.3910311,17.4501788],[78.3910316,17.450118],[78.3909749,17.4501175],[78.3909744,17.4501784]]]]}},
{"type":"Feature","properties":{"full_id":"w417153524","osm_id":"417153524","osm_type":"way","building":"yes","shop":null,"man_made":null,"content":null,"tourism":null,"office":null,"addr:housenumber":"913","name":null,"building:levels":null,"addr:street":null,"addr:postcode":null,"addr:city":null},"geometry":{"type":"MultiPolygon","coordinates":[[[[78.3922297,17.4504005],[78.3923513,17.4504016],[78.3923526,17.4502748],[78.392231,17.4502737],[78.3922297,17.4504005]]]]}},
{"type":"Feature","properties":{"full_id":"w417153572","osm_id":"417153572","osm_type":"way","building":"yes","shop":null,"man_made":null,"content":null,"tourism":null,"office":null,"addr:housenumber":null,"name":null,"building:levels":null,"addr:street":null,"addr:postcode":null,"addr:city":null},"geometry":{"type":"MultiPolygon","coordinates":[[[[78.3935695,17.4501303],[78.3936406,17.4501366],[78.3936493,17.4500472],[78.3935782,17.4500409],[78.3935695,17.4501303]]]]}},
{"type":"Feature","properties":{"full_id":"w417153574","osm_id":"417153574","osm_type":"way","building":"yes","shop":null,"man_made":null,"content":null,"tourism":null,"office":null,"addr:housenumber":null,"name":null,"building:levels":null,"addr:street":null,"addr:postcode":null,"addr:city":null},"geometry":{"type":"MultiPolygon","coordinates":[[[[78.3931673,17.4498426],[78.3932498,17.4498498],[78.3932576,17.4497688],[78.3931751,17.4497615],[78.3931673,17.4498426]]]]}},
{"type":"Feature","properties":{"full_id":"w417163215","osm_id":"417163215","osm_type":"way","building":"yes","shop":null,"man_made":null,"content":null,"tourism":null,"office":null,"addr:housenumber":null,"name":null,"building:levels":null,"addr:street":null,"addr:postcode":null,"addr:city":null},"geometry":{"type":"MultiPolygon","coordinates":[[[[78.3932535,17.4480424],[78.3933467,17.4480486],[78.3933548,17.4479374],[78.3932616,17.4479313],[78.3932535,17.4480424]]]]}},
{"type":"Feature","properties":{"full_id":"w417163218","osm_id":"417163218","osm_type":"way","building":"yes","shop":null,"man_made":null,"content":null,"tourism":null,"office":null,"addr:housenumber":null,"name":null,"building:levels":null,"addr:street":null,"addr:postcode":null,"addr:city":null},"geometry":{"type":"MultiPolygon","coordinates":[[[[78.3911078,17.4483974],[78.3912922,17.4484034],[78.3912957,17.4483055],[78.3911113,17.4482995],[78.3911078,17.4483974]]]]}},
{"type":"Feature","properties":{"full_id":"w417163221","osm_id":"417163221","osm_type":"way","building":"yes","shop":null,"man_made":null,"content":null,"tourism":null,"office":null,"addr:housenumber":null,"name":null,"building:levels":null,"addr:street":null,"addr:postcode":null,"addr:city":null},"geometry":{"type":"MultiPolygon","coordinates":[[[[78.3927546,17.4480211],[78.3928563,17.4480217],[78.3928569,17.4479307],[78.3927552,17.4479301],[78.3927546,17.4480211]]]]}},
{"type":"Feature","properties":{"full_id":"w417163225","osm_id":"417163225","osm_type":"way","building":"yes","shop":null,"man_made":null,"content":null,"tourism":null,"office":null,"addr:housenumber":null,"name":null,"building:levels":null,"addr:street":null,"addr:postcode":null,"addr:city":null},"geometry":{"type":"MultiPolygon","coordinates":[[[[78.3906784,17.4483738],[78.3907811,17.4483731],[78.3907805,17.4482869],[78.3906778,17.4482876],[78.3906784,17.4483738]]]]}},
{"type":"Feature","properties":{"full_id":"w417163228","osm_id":"417163228","osm_type":"way","building":"yes","shop":null,"man_made":null,"content":null,"tourism":null,"office":null,"addr:housenumber":null,"name":null,"building:levels":null,"addr:street":null,"addr:postcode":null,"addr:city":null},"geometry":{"type":"MultiPolygon","coordinates":[[[[78.3905973,17.4484014],[78.3906007,17.4484661],[78.3906867,17.4484621],[78.3906833,17.4483973],[78.3905973,17.4484014]]]]}},
{"type":"Feature","properties":{"full_id":"w417163234","osm_id":"417163234","osm_type":"way","building":"yes","shop":null,"man_made":null,"content":null,"tourism":null,"office":null,"addr:housenumber":null,"name":null,"building:levels":null,"addr:street":null,"addr:postcode":null,"addr:city":null},"geometry":{"type":"MultiPolygon","coordinates":[[[[78.3924001,17.4481886],[78.3926202,17.4481934],[78.3926232,17.4480674],[78.3924031,17.4480626],[78.3924001,17.4481886]]]]}},
{"type":"Feature","properties":{"full_id":"w417163237","osm_id":"417163237","osm_type":"way","building":"yes","shop":null,"man_made":null,"content":null,"tourism":null,"office":null,"addr:housenumber":null,"name":null,"building:levels":null,"addr:street":null,"addr:postcode":null,"addr:city":null},"geometry":{"type":"MultiPolygon","coordinates":[[[[78.3895646,17.4474644],[78.3896349,17.4474675],[78.3896502,17.4473193],[78.3896183,17.4473122],[78.3895646,17.4474644]]]]}},
{"type":"Feature","properties":{"full_id":"w417163244","osm_id":"417163244","osm_type":"way","building":"yes","shop":null,"man_made":null,"content":null,"tourism":null,"office":null,"addr:housenumber":null,"name":null,"building:levels":null,"addr:street":null,"addr:postcode":null,"addr:city":null},"geometry":{"type":"MultiPolygon","coordinates":[[[[78.3901653,17.4477496],[78.390344,17.4477486],[78.3903435,17.4476563],[78.3901647,17.4476573],[78.3901653,17.4477496]]]]}},
{"type":"Feature","properties":{"full_id":"w417163247","osm_id":"417163247","osm_type":"way","building":"yes","shop":null,"man_made":null,"content":null,"tourism":null,"office":null,"addr:housenumber":null,"name":null,"building:levels":null,"addr:street":null,"addr:postcode":null,"addr:city":null},"geometry":{"type":"MultiPolygon","coordinates":[[[[78.3909006,17.4491133],[78.3910059,17.4491171],[78.391008,17.4490639],[78.3909027,17.4490601],[78.3909006,17.4491133]]]]}},
{"type":"Feature","properties":{"full_id":"w417163249","osm_id":"417163249","osm_type":"way","building":"yes","shop":null,"man_made":null,"content":null,"tourism":null,"office":null,"addr:housenumber":null,"name":null,"building:levels":null,"addr:street":null,"addr:postcode":null,"addr:city":null},"geometry":{"type":"MultiPolygon","coordinates":[[[[78.3910204,17.4478318],[78.3910567,17.4478334],[78.3910587,17.447791],[78.3910224,17.4477895],[78.3910204,17.4478318]]]]}},
{"type":"Feature","properties":{"full_id":"w417163254","osm_id":"417163254","osm_type":"way","building":"yes","shop":null,"man_made":null,"content":null,"tourism":null,"office":null,"addr:housenumber":null,"name":null,"building:levels":null,"addr:street":null,"addr:postcode":null,"addr:city":null},"geometry":{"type":"MultiPolygon","coordinates":[[[[78.3903541,17.4484879],[78.3904067,17.4484914],[78.3904128,17.4484055],[78.3903602,17.4484021],[78.3903541,17.4484879]]]]}},
{"type":"Feature","properties":{"full_id":"w417163260","osm_id":"417163260","osm_type":"way","building":"yes","shop":null,"man_made":null,"content":null,"tourism":null,"office":null,"addr:housenumber":null,"name":null,"building:levels":null,"addr:street":null,"addr:postcode":null,"addr:city":null},"geometry":{"type":"MultiPolygon","coordinates":[[[[78.3910554,17.4474675],[78.3911289,17.4474647],[78.3911256,17.4473881],[78.3910521,17.447391],[78.3910554,17.4474675]]]]}},
{"type":"Feature","properties":{"full_id":"w417163262","osm_id":"417163262","osm_type":"way","building":"yes","shop":null,"man_made":null,"content":null,"tourism":null,"office":null,"addr:housenumber":null,"name":null,"building:levels":null,"addr:street":null,"addr:postcode":null,"addr:city":null},"geometry":{"type":"MultiPolygon","coordinates":[[[[78.3925358,17.446872],[78.3926767,17.4468747],[78.3926771,17.446859],[78.392781,17.446861],[78.3927826,17.4467841],[78.3925377,17.4467794],[78.3925358,17.446872]]]]}},
{"type":"Feature","properties":{"full_id":"w417163265","osm_id":"417163265","osm_type":"way","building":"yes","shop":null,"man_made":null,"content":null,"tourism":null,"office":null,"addr:housenumber":null,"name":null,"building:levels":null,"addr:street":null,"addr:postcode":null,"addr:city":null},"geometry":{"type":"MultiPolygon","coordinates":[[[[78.3910174,17.4476494],[78.3910946,17.4476501],[78.3910943,17.4476826],[78.3911734,17.4476832],[78.3911744,17.4475721],[78.3910181,17.4475708],[78.3910174,17.4476494]]]]}},
{"type":"Feature","properties":{"full_id":"w417163268","osm_id":"417163268","osm_type":"way","building":"yes","shop":null,"man_made":null,"content":null,"tourism":null,"office":null,"addr:housenumber":null,"name":null,"building:levels":null,"addr:street":null,"addr:postcode":null,"addr:city":null},"geometry":{"type":"MultiPolygon","coordinates":[[[[78.3917863,17.4475581],[78.3918765,17.4475623],[78.3918799,17.4474956],[78.3917897,17.4474914],[78.3917863,17.4475581]]]]}},
{"type":"Feature","properties":{"full_id":"w417163274","osm_id":"417163274","osm_type":"way","building":"yes","shop":null,"man_made":null,"content":null,"tourism":null,"office":null,"addr:housenumber":null,"name":null,"building:levels":null,"addr:street":null,"addr:postcode":null,"addr:city":null},"geometry":{"type":"MultiPolygon","coordinates":[[[[78.3924311,17.4483306],[78.3926107,17.4483362],[78.3926121,17.4482971],[78.3924324,17.4482915],[78.3924311,17.4483306]]]]}},
{"type":"Feature","properties":{"full_id":"w417192012","osm_id":"417192012","osm_type":"way","building":"yes","shop":null,"man_made":null,"content":null,"tourism":null,"office":null,"addr:housenumber":null,"name":null,"building:levels":null,"addr:street":null,"addr:postcode":null,"addr:city":null},"geometry":{"type":"MultiPolygon","coordinates":[[[[78.393615,17.4467634],[78.3937008,17.4467643],[78.3937014,17.4467089],[78.3936156,17.446708],[78.393615,17.4467634]]]]}},
{"type":"Feature","properties":{"full_id":"w417192015","osm_id":"417192015","osm_type":"way","building":"yes","shop":null,"man_made":null,"content":null,"tourism":null,"office":null,"addr:housenumber":null,"name":null,"building:levels":null,"addr:street":null,"addr:postcode":null,"addr:city":null},"geometry":{"type":"MultiPolygon","coordinates":[[[[78.3934613,17.4460708],[78.3935885,17.4460771],[78.393594,17.4459773],[78.3934667,17.4459709],[78.3934613,17.4460708]]]]}},
{"type":"Feature","properties":{"full_id":"w417192029","osm_id":"417192029","osm_type":"way","building":"yes","shop":null,"man_made":null,"content":null,"tourism":null,"office":null,"addr:housenumber":null,"name":null,"building:levels":null,"addr:street":null,"addr:postcode":null,"addr:city":null},"geometry":{"type":"MultiPolygon","coordinates":[[[[78.3895713,17.4468885],[78.389746,17.4469699],[78.3897842,17.4468952],[78.3896095,17.4468138],[78.3895713,17.4468885]]]]}},
{"type":"Feature","properties":{"full_id":"w417192062","osm_id":"417192062","osm_type":"way","building":"yes","shop":null,"man_made":null,"content":null,"tourism":null,"office":null,"addr:housenumber":null,"name":null,"building:levels":null,"addr:street":null,"addr:postcode":null,"addr:city":null},"geometry":{"type":"MultiPolygon","coordinates":[[[[78.3899553,17.4466495],[78.3899564,17.4466971],[78.3900483,17.4466952],[78.3900472,17.4466475],[78.3899553,17.4466495]]]]}},
{"type":"Feature","properties":{"full_id":"w417195139","osm_id":"417195139","osm_type":"way","building":"yes","shop":null,"man_made":null,"content":null,"tourism":null,"office":null,"addr:housenumber":null,"name":null,"building:levels":null,"addr:street":null,"addr:postcode":null,"addr:city":null},"geometry":{"type":"MultiPolygon","coordinates":[[[[78.3896073,17.4503781],[78.3896797,17.4503852],[78.3896865,17.4503216],[78.3896141,17.4503146],[78.3896073,17.4503781]]]]}},
{"type":"Feature","properties":{"full_id":"w417196265","osm_id":"417196265","osm_type":"way","building":"yes","shop":null,"man_made":null,"content":null,"tourism":null,"office":null,"addr:housenumber":null,"name":null,"building:levels":null,"addr:street":null,"addr:postcode":null,"addr:city":null},"geometry":{"type":"MultiPolygon","coordinates":[[[[78.389358,17.4501811],[78.3894633,17.4501843],[78.389467,17.4500735],[78.3893617,17.4500703],[78.389358,17.4501811]]]]}},
{"type":"Feature","properties":{"full_id":"w417196268","osm_id":"417196268","osm_type":"way","building":"yes","shop":null,"man_made":null,"content":null,"tourism":null,"office":null,"addr:housenumber":null,"name":null,"building:levels":null,"addr:street":null,"addr:postcode":null,"addr:city":null},"geometry":{"type":"MultiPolygon","coordinates":[[[[78.3900977,17.4480655],[78.390305,17.4480687],[78.3903072,17.4479445],[78.3900999,17.4479412],[78.3900977,17.4480655]]]]}},
{"type":"Feature","properties":{"full_id":"w561429505","osm_id":"561429505","osm_type":"way","building":"residential","shop":null,"man_made":null,"content":null,"tourism":null,"office":null,"addr:housenumber":null,"name":"Sahiti's Ram kuteer","building:levels":"1","addr:street":"Jay hindi enclave road","addr:postcode":"500081","addr:city":"Hyderabad"},"geometry":{"type":"MultiPolygon","coordinates":[[[[78.38932,17.446823],[78.3893737,17.4467247],[78.3895602,17.4468175],[78.3895065,17.4469158],[78.38932,17.446823]]]]}},
{"type":"Feature","properties":{"full_id":"w568255056","osm_id":"568255056","osm_type":"way","building":"yes","shop":null,"man_made":null,"content":null,"tourism":null,"office":null,"addr:housenumber":null,"name":"Sri Srinivasa Men's PG","building:levels":"5","addr:street":null,"addr:postcode":null,"addr:city":null},"geometry":{"type":"MultiPolygon","coordinates":[[[[78.3917545,17.4470758],[78.3918337,17.4470802],[78.3918433,17.4469231],[78.3917642,17.4469187],[78.3917545,17.4470758]]]]}},
{"type":"Feature","properties":{"full_id":"w568474051","osm_id":"568474051","osm_type":"way","building":"yes","shop":null,"man_made":null,"content":null,"tourism":null,"office":null,"addr:housenumber":"812","name":"Akhil Sai Vihar","building:levels":null,"addr:street":null,"addr:postcode":null,"addr:city":null},"geometry":{"type":"MultiPolygon","coordinates":[[[[78.3921106,17.4504685],[78.3921062,17.4505802],[78.3923267,17.4505882],[78.3923312,17.4504764],[78.3921106,17.4504685]]]]}},
{"type":"Feature","properties":{"full_id":"w568474053","osm_id":"568474053","osm_type":"way","building":"yes","shop":null,"man_made":null,"content":null,"tourism":null,"office":null,"addr:housenumber":null,"name":null,"building:levels":null,"addr:street":null,"addr:postcode":null,"addr:city":null},"geometry":{"type":"MultiPolygon","coordinates":[[[[78.3896704,17.4499709],[78.389664,17.4500761],[78.3898491,17.4500864],[78.3898555,17.4499811],[78.3896704,17.4499709]]]]}},
{"type":"Feature","properties":{"full_id":"w568474552","osm_id":"568474552","osm_type":"way","building":"yes","shop":null,"man_made":null,"content":null,"tourism":null,"office":null,"addr:housenumber":null,"name":null,"building:levels":null,"addr:street":null,"addr:postcode":null,"addr:city":null},"geometry":{"type":"MultiPolygon","coordinates":[[[[78.3915151,17.4497669],[78.3917431,17.4497791],[78.3917497,17.4496672],[78.3915217,17.4496549],[78.3915151,17.4497669]]]]}},
{"type":"Feature","properties":{"full_id":"w568973274","osm_id":"568973274","osm_type":"way","building":"yes","shop":null,"man_made":null,"content":null,"tourism":null,"office":null,"addr:housenumber":null,"name":null,"building:levels":null,"addr:street":null,"addr:postcode":null,"addr:city":null},"geometry":{"type":"MultiPolygon","coordinates":[[[[78.390635,17.4471016],[78.3907275,17.447108],[78.3907419,17.4469181],[78.3906494,17.4469117],[78.390635,17.4471016]]]]}},
{"type":"Feature","properties":{"full_id":"w572397641","osm_id":"572397641","osm_type":"way","building":"yes","shop":null,"man_made":null,"content":null,"tourism":null,"office":null,"addr:housenumber":null,"name":null,"building:levels":null,"addr:street":null,"addr:postcode":null,"addr:city":null},"geometry":{"type":"MultiPolygon","coordinates":[[[[78.3919613,17.4467293],[78.3919546,17.446833],[78.392018,17.4468317],[78.3920192,17.4467863],[78.3920226,17.4467333],[78.3919613,17.4467293]]]]}},
{"type":"Feature","properties":{"full_id":"w572397642","osm_id":"572397642","osm_type":"way","building":"yes","shop":null,"man_made":null,"content":null,"tourism":null,"office":null,"addr:housenumber":null,"name":null,"building:levels":null,"addr:street":null,"addr:postcode":null,"addr:city":null},"geometry":{"type":"MultiPolygon","coordinates":[[[[78.3916542,17.4469072],[78.3916509,17.4469765],[78.3916733,17.4469775],[78.3916721,17.4470031],[78.3917422,17.4470062],[78.3917467,17.4469112],[78.3916542,17.4469072]]]]}},
{"type":"Feature","properties":{"full_id":"w642197592","osm_id":"642197592","osm_type":"way","building":"residential","shop":null,"man_made":null,"content":null,"tourism":null,"office":null,"addr:housenumber":null,"name":null,"building:levels":null,"addr:street":null,"addr:postcode":null,"addr:city":null},"geometry":{"type":"MultiPolygon","coordinates":[[[[78.390334,17.4467585],[78.390342,17.4465814],[78.3904741,17.4465868],[78.3904661,17.4467639],[78.390334,17.4467585]]]]}},
{"type":"Feature","properties":{"full_id":"w642208337","osm_id":"642208337","osm_type":"way","building":"residential","shop":null,"man_made":null,"content":null,"tourism":null,"office":null,"addr:housenumber":null,"name":null,"building:levels":null,"addr:street":null,"addr:postcode":null,"addr:city":null},"geometry":{"type":"MultiPolygon","coordinates":[[[[78.3925122,17.4490428],[78.3925042,17.4491682],[78.392262,17.4491541],[78.39227,17.4490287],[78.3925122,17.4490428]]]]}},
{"type":"Feature","properties":{"full_id":"w642208338","osm_id":"642208338","osm_type":"way","building":"residential","shop":null,"man_made":null,"content":null,"tourism":null,"office":null,"addr:housenumber":null,"name":null,"building:levels":null,"addr:street":null,"addr:postcode":null,"addr:city":null},"geometry":{"type":"MultiPolygon","coordinates":[[[[78.3919223,17.4462832],[78.3919299,17.4461599],[78.3921655,17.4461732],[78.3921579,17.4462964],[78.3919223,17.4462832]]]]}},
{"type":"Feature","properties":{"full_id":"w740707429","osm_id":"740707429","osm_type":"way","building":"yes","shop":null,"man_made":null,"content":null,"tourism":null,"office":null,"addr:housenumber":null,"name":null,"building:levels":null,"addr:street":null,"addr:postcode":null,"addr:city":null},"geometry":{"type":"MultiPolygon","coordinates":[[[[78.3890255,17.4489634],[78.3890355,17.4487693],[78.3891663,17.4487754],[78.3891563,17.4489695],[78.3890255,17.4489634]]]]}},
{"type":"Feature","properties":{"full_id":"w740773339","osm_id":"740773339","osm_type":"way","building":"yes","shop":null,"man_made":null,"content":null,"tourism":null,"office":null,"addr:housenumber":null,"name":"Avni Heights","building:levels":null,"addr:street":null,"addr:postcode":null,"addr:city":null},"geometry":{"type":"MultiPolygon","coordinates":[[[[78.3892385,17.4490971],[78.3892394,17.4489886],[78.3894395,17.4489898],[78.3894388,17.4490984],[78.3892385,17.4490971]]]]}},
{"type":"Feature","properties":{"full_id":"w742092830","osm_id":"742092830","osm_type":"way","building":"yes","shop":null,"man_made":null,"content":null,"tourism":null,"office":null,"addr:housenumber":null,"name":null,"building:levels":null,"addr:street":null,"addr:postcode":null,"addr:city":null},"geometry":{"type":"MultiPolygon","coordinates":[[[[78.3897213,17.4499625],[78.3898905,17.4499676],[78.3898948,17.4498396],[78.389754,17.4498353],[78.389752,17.4498973],[78.3897235,17.4498965],[78.3897213,17.4499625]]]]}},
{"type":"Feature","properties":{"full_id":"w742092831","osm_id":"742092831","osm_type":"way","building":"water_tower","shop":null,"man_made":"storage_tank","content":"water","tourism":null,"office":null,"addr:housenumber":null,"name":null,"building:levels":null,"addr:street":null,"addr:postcode":null,"addr:city":null},"geometry":{"type":"MultiPolygon","coordinates":[[[[78.3900382,17.449462],[78.3900251,17.4494754],[78.3900159,17.4494916],[78.3900112,17.4495094],[78.3900113,17.4495277],[78.3900162,17.4495455],[78.3900255,17.4495615],[78.3900388,17.4495749],[78.3900551,17.4495846],[78.3900734,17.4495902],[78.3900926,17.4495913],[78.3901115,17.4495877],[78.3901289,17.4495798],[78.3901436,17.4495681],[78.3901549,17.4495532],[78.3901619,17.4495361],[78.3901642,17.4495178],[78.3901617,17.4494996],[78.3901545,17.4494826],[78.3901431,17.4494678],[78.3901282,17.4494562],[78.3901108,17.4494484],[78.3900918,17.4494451],[78.3900726,17.4494463],[78.3900544,17.4494521],[78.3900382,17.449462]]]]}},
{"type":"Feature","properties":{"full_id":"w742092832","osm_id":"742092832","osm_type":"way","building":"water_tower","shop":null,"man_made":"storage_tank","content":"water","tourism":null,"office":null,"addr:housenumber":null,"name":null,"building:levels":null,"addr:street":null,"addr:postcode":null,"addr:city":null},"geometry":{"type":"MultiPolygon","coordinates":[[[[78.3902087,17.4492886],[78.3901899,17.4493196],[78.3901797,17.4493541],[78.3901788,17.4493899],[78.3901873,17.4494249],[78.3902047,17.4494567],[78.3902297,17.4494833],[78.390261,17.4495032],[78.3902964,17.4495151],[78.3903339,17.4495182],[78.3903709,17.4495122],[78.3904053,17.4494977],[78.3904348,17.4494755],[78.3904576,17.449447],[78.3904722,17.449414],[78.3904777,17.4493786],[78.3904739,17.4493429],[78.3904609,17.4493093],[78.3904395,17.4492798],[78.3904111,17.4492563],[78.3903775,17.4492403],[78.3903407,17.4492328],[78.3903032,17.4492343],[78.3902672,17.4492445],[78.390235,17.4492631],[78.3902087,17.4492886]]]]}},
{"type":"Feature","properties":{"full_id":"w742092833","osm_id":"742092833","osm_type":"way","building":"yes","shop":null,"man_made":null,"content":null,"tourism":null,"office":null,"addr:housenumber":null,"name":null,"building:levels":null,"addr:street":null,"addr:postcode":null,"addr:city":null},"geometry":{"type":"MultiPolygon","coordinates":[[[[78.3907419,17.4469181],[78.3907275,17.447108],[78.3908271,17.4471149],[78.3908415,17.446925],[78.3907419,17.4469181]]]]}},
{"type":"Feature","properties":{"full_id":"w742092835","osm_id":"742092835","osm_type":"way","building":"shed","shop":null,"man_made":null,"content":null,"tourism":null,"office":null,"addr:housenumber":null,"name":null,"building:levels":null,"addr:street":null,"addr:postcode":null,"addr:city":null},"geometry":{"type":"MultiPolygon","coordinates":[[[[78.3890122,17.4477733],[78.3891624,17.4478475],[78.3891897,17.4477972],[78.3890395,17.447723],[78.3890122,17.4477733]]]]}},
{"type":"Feature","properties":{"full_id":"w744820520","osm_id":"744820520","osm_type":"way","building":"yes","shop":null,"man_made":null,"content":null,"tourism":null,"office":null,"addr:housenumber":null,"name":null,"building:levels":null,"addr:street":null,"addr:postcode":null,"addr:city":null},"geometry":{"type":"MultiPolygon","coordinates":[[[[78.3929293,17.4471474],[78.3929791,17.4471516],[78.3929892,17.4470415],[78.3929394,17.4470374],[78.3929293,17.4471474]]]]}},
{"type":"Feature","properties":{"full_id":"w744820521","osm_id":"744820521","osm_type":"way","building":"yes","shop":null,"man_made":null,"content":null,"tourism":null,"office":null,"addr:housenumber":null,"name":null,"building:levels":null,"addr:street":null,"addr:postcode":null,"addr:city":null},"geometry":{"type":"MultiPolygon","coordinates":[[[[78.3932297,17.4476386],[78.3933863,17.4476487],[78.3933902,17.4475932],[78.3932336,17.4475832],[78.3932297,17.4476386]]]]}},
{"type":"Feature","properties":{"full_id":"w744820522","osm_id":"744820522","osm_type":"way","building":"yes","shop":null,"man_made":null,"content":null,"tourism":null,"office":null,"addr:housenumber":null,"name":null,"building:levels":null,"addr:street":null,"addr:postcode":null,"addr:city":null},"geometry":{"type":"MultiPolygon","coordinates":[[[[78.3933733,17.4478199],[78.3935365,17.4478296],[78.3935429,17.4477326],[78.3933797,17.4477229],[78.3933733,17.4478199]]]]}},
{"type":"Feature","properties":{"full_id":"w744820523","osm_id":"744820523","osm_type":"way","building":"yes","shop":null,"man_made":null,"content":null,"tourism":null,"office":null,"addr:housenumber":null,"name":null,"building:levels":null,"addr:street":null,"addr:postcode":null,"addr:city":null},"geometry":{"type":"MultiPolygon","coordinates":[[[[78.393561,17.4484377],[78.3937209,17.4484441],[78.3937247,17.4483579],[78.3935648,17.4483516],[78.393561,17.4484377]]]]}},
{"type":"Feature","properties":{"full_id":"w744820525","osm_id":"744820525","osm_type":"way","building":"yes","shop":null,"man_made":null,"content":null,"tourism":null,"office":null,"addr:housenumber":null,"name":null,"building:levels":null,"addr:street":null,"addr:postcode":null,"addr:city":null},"geometry":{"type":"MultiPolygon","coordinates":[[[[78.3923933,17.4483423],[78.3923756,17.448581],[78.3925895,17.4485954],[78.3926072,17.4483567],[78.3923933,17.4483423]]]]}},
{"type":"Feature","properties":{"full_id":"w744820527","osm_id":"744820527","osm_type":"way","building":"yes","shop":"supermarket","man_made":null,"content":null,"tourism":null,"office":null,"addr:housenumber":null,"name":"Sampoorna Super mart","building:levels":null,"addr:street":null,"addr:postcode":null,"addr:city":null},"geometry":{"type":"MultiPolygon","coordinates":[[[[78.3918166,17.4505288],[78.3919296,17.4505333],[78.391931,17.4505018],[78.391818,17.4504973],[78.3918166,17.4505288]]]]}},
{"type":"Feature","properties":{"full_id":"w744820528","osm_id":"744820528","osm_type":"way","building":"yes","shop":null,"man_made":null,"content":null,"tourism":null,"office":null,"addr:housenumber":null,"name":null,"building:levels":null,"addr:street":null,"addr:postcode":null,"addr:city":null},"geometry":{"type":"MultiPolygon","coordinates":[[[[78.3914847,17.4504109],[78.3914804,17.4505572],[78.3916391,17.4505614],[78.3916434,17.4504151],[78.3914847,17.4504109]]]]}},
{"type":"Feature","properties":{"full_id":"w744820529","osm_id":"744820529","osm_type":"way","building":"yes","shop":null,"man_made":null,"content":null,"tourism":null,"office":null,"addr:housenumber":null,"name":null,"building:levels":null,"addr:street":null,"addr:postcode":null,"addr:city":null},"geometry":{"type":"MultiPolygon","coordinates":[[[[78.391272,17.4501852],[78.391268,17.4502521],[78.391397,17.4502591],[78.3914009,17.4501922],[78.391272,17.4501852]]]]}},
{"type":"Feature","properties":{"full_id":"w744820531","osm_id":"744820531","osm_type":"way","building":"yes","shop":null,"man_made":null,"content":null,"tourism":null,"office":null,"addr:housenumber":null,"name":null,"building:levels":null,"addr:street":null,"addr:postcode":null,"addr:city":null},"geometry":{"type":"MultiPolygon","coordinates":[[[[78.3914893,17.4501907],[78.3916743,17.4502028],[78.3916838,17.4500722],[78.3914987,17.45006],[78.3914893,17.4501907]]]]}},
{"type":"Feature","properties":{"full_id":"w744820532","osm_id":"744820532","osm_type":"way","building":"yes","shop":null,"man_made":null,"content":null,"tourism":null,"office":null,"addr:housenumber":null,"name":null,"building:levels":null,"addr:street":null,"addr:postcode":null,"addr:city":null},"geometry":{"type":"MultiPolygon","coordinates":[[[[78.3910614,17.4492069],[78.3910406,17.4494231],[78.3911408,17.4494319],[78.3911615,17.4492156],[78.3910614,17.4492069]]]]}},
{"type":"Feature","properties":{"full_id":"w744820533","osm_id":"744820533","osm_type":"way","building":"yes","shop":null,"man_made":null,"content":null,"tourism":null,"office":null,"addr:housenumber":null,"name":null,"building:levels":null,"addr:street":null,"addr:postcode":null,"addr:city":null},"geometry":{"type":"MultiPolygon","coordinates":[[[[78.3902716,17.4488876],[78.3902692,17.4489563],[78.3903656,17.4489594],[78.3903642,17.4490013],[78.3904783,17.4490049],[78.3904822,17.4488943],[78.3902716,17.4488876]]]]}},
{"type":"Feature","properties":{"full_id":"w744820534","osm_id":"744820534","osm_type":"way","building":"yes","shop":null,"man_made":null,"content":null,"tourism":null,"office":null,"addr:housenumber":null,"name":null,"building:levels":null,"addr:street":null,"addr:postcode":null,"addr:city":null},"geometry":{"type":"MultiPolygon","coordinates":[[[[78.3897223,17.4491352],[78.3897127,17.4492539],[78.3899342,17.4492702],[78.3899438,17.4491514],[78.3897223,17.4491352]]]]}},
{"type":"Feature","properties":{"full_id":"w744820535","osm_id":"744820535","osm_type":"way","building":"yes","shop":null,"man_made":null,"content":null,"tourism":null,"office":null,"addr:housenumber":null,"name":null,"building:levels":null,"addr:street":null,"addr:postcode":null,"addr:city":null},"geometry":{"type":"MultiPolygon","coordinates":[[[[78.3898028,17.4488621],[78.3900052,17.4488769],[78.39001,17.4488179],[78.3898076,17.4488031],[78.3898028,17.4488621]]]]}},
{"type":"Feature","properties":{"full_id":"w744820536","osm_id":"744820536","osm_type":"way","building":"yes","shop":null,"man_made":null,"content":null,"tourism":null,"office":null,"addr:housenumber":null,"name":null,"building:levels":null,"addr:street":null,"addr:postcode":null,"addr:city":null},"geometry":{"type":"MultiPolygon","coordinates":[[[[78.3898115,17.4487936],[78.3900197,17.4488089],[78.3900254,17.4487373],[78.3898173,17.4487221],[78.3898115,17.4487936]]]]}},
{"type":"Feature","properties":{"full_id":"w744820537","osm_id":"744820537","osm_type":"way","building":"yes","shop":null,"man_made":null,"content":null,"tourism":null,"office":null,"addr:housenumber":null,"name":null,"building:levels":null,"addr:street":null,"addr:postcode":null,"addr:city":null},"geometry":{"type":"MultiPolygon","coordinates":[[[[78.3898149,17.4487143],[78.3900267,17.4487299],[78.3900375,17.4485966],[78.3898256,17.4485811],[78.3898149,17.4487143]]]]}},
{"type":"Feature","properties":{"full_id":"w744820538","osm_id":"744820538","osm_type":"way","building":"yes","shop":null,"man_made":null,"content":null,"tourism":null,"office":null,"addr:housenumber":null,"name":null,"building:levels":null,"addr:street":null,"addr:postcode":null,"addr:city":null},"geometry":{"type":"MultiPolygon","coordinates":[[[[78.3891928,17.4482282],[78.3891797,17.448424],[78.3893109,17.448432],[78.389324,17.4482361],[78.3891928,17.4482282]]]]}},
{"type":"Feature","properties":{"full_id":"w744820540","osm_id":"744820540","osm_type":"way","building":"yes","shop":null,"man_made":null,"content":null,"tourism":null,"office":null,"addr:housenumber":null,"name":null,"building:levels":null,"addr:street":null,"addr:postcode":null,"addr:city":null},"geometry":{"type":"MultiPolygon","coordinates":[[[[78.3891517,17.4462039],[78.3891952,17.4462322],[78.3892276,17.4461869],[78.3892647,17.4462111],[78.3892946,17.4461693],[78.389214,17.4461168],[78.3891517,17.4462039]]]]}},
{"type":"Feature","properties":{"full_id":"w749364275","osm_id":"749364275","osm_type":"way","building":"yes","shop":null,"man_made":null,"content":null,"tourism":null,"office":null,"addr:housenumber":null,"name":null,"building:levels":null,"addr:street":null,"addr:postcode":null,"addr:city":null},"geometry":{"type":"MultiPolygon","coordinates":[[[[78.3898587,17.4481523],[78.3899944,17.4481516],[78.3899939,17.4480517],[78.3898581,17.4480523],[78.3898587,17.4481523]]]]}},
{"type":"Feature","properties":{"full_id":"w749364276","osm_id":"749364276","osm_type":"way","building":"yes","shop":null,"man_made":null,"content":null,"tourism":null,"office":null,"addr:housenumber":null,"name":null,"building:levels":null,"addr:street":null,"addr:postcode":null,"addr:city":null},"geometry":{"type":"MultiPolygon","coordinates":[[[[78.3906754,17.4476353],[78.3907305,17.447636],[78.3907314,17.4475751],[78.3906763,17.4475743],[78.3906754,17.4476353]]]]}},
{"type":"Feature","properties":{"full_id":"w749464193","osm_id":"749464193","osm_type":"way","building":"yes","shop":null,"man_made":null,"content":null,"tourism":null,"office":null,"addr:housenumber":null,"name":null,"building:levels":null,"addr:street":null,"addr:postcode":null,"addr:city":null},"geometry":{"type":"MultiPolygon","coordinates":[[[[78.3922349,17.4475827],[78.392318,17.4475878],[78.3923228,17.447517],[78.3922397,17.4475119],[78.3922349,17.4475827]]]]}},
{"type":"Feature","properties":{"full_id":"w749464194","osm_id":"749464194","osm_type":"way","building":"yes","shop":null,"man_made":null,"content":null,"tourism":null,"office":null,"addr:housenumber":null,"name":null,"building:levels":null,"addr:street":null,"addr:postcode":null,"addr:city":null},"geometry":{"type":"MultiPolygon","coordinates":[[[[78.3923683,17.4483266],[78.3924019,17.4483279],[78.3924074,17.4481951],[78.3923739,17.4481939],[78.3923683,17.4483266]]]]}},
{"type":"Feature","properties":{"full_id":"w749464195","osm_id":"749464195","osm_type":"way","building":"yes","shop":null,"man_made":null,"content":null,"tourism":null,"office":null,"addr:housenumber":null,"name":null,"building:levels":null,"addr:street":null,"addr:postcode":null,"addr:city":null},"geometry":{"type":"MultiPolygon","coordinates":[[[[78.3922711,17.4495235],[78.3923368,17.4495248],[78.3923379,17.4494739],[78.3922722,17.4494726],[78.3922711,17.4495235]]]]}},
{"type":"Feature","properties":{"full_id":"w749464196","osm_id":"749464196","osm_type":"way","building":"yes","shop":null,"man_made":null,"content":null,"tourism":null,"office":null,"addr:housenumber":null,"name":null,"building:levels":null,"addr:street":null,"addr:postcode":null,"addr:city":null},"geometry":{"type":"MultiPolygon","coordinates":[[[[78.3919989,17.4494404],[78.3920445,17.4494416],[78.3920456,17.4494059],[78.392,17.4494046],[78.3919989,17.4494404]]]]}},
{"type":"Feature","properties":{"full_id":"w749464197","osm_id":"749464197","osm_type":"way","building":"yes","shop":null,"man_made":null,"content":null,"tourism":null,"office":null,"addr:housenumber":null,"name":null,"building:levels":null,"addr:street":null,"addr:postcode":null,"addr:city":null},"geometry":{"type":"MultiPolygon","coordinates":[[[[78.391959,17.4491419],[78.3919542,17.4492691],[78.3921991,17.4492775],[78.392204,17.4491504],[78.391959,17.4491419]]]]}},
{"type":"Feature","properties":{"full_id":"w749468104","osm_id":"749468104","osm_type":"way","building":"yes","shop":null,"man_made":null,"content":null,"tourism":null,"office":null,"addr:housenumber":null,"name":null,"building:levels":null,"addr:street":null,"addr:postcode":null,"addr:city":null},"geometry":{"type":"MultiPolygon","coordinates":[[[[78.3927914,17.447616],[78.3929363,17.4476211],[78.3929402,17.4475203],[78.3927953,17.4475152],[78.3927914,17.447616]]]]}},
{"type":"Feature","properties":{"full_id":"w749468105","osm_id":"749468105","osm_type":"way","building":"yes","shop":null,"man_made":null,"content":null,"tourism":null,"office":null,"addr:housenumber":null,"name":null,"building:levels":null,"addr:street":null,"addr:postcode":null,"addr:city":null},"geometry":{"type":"MultiPolygon","coordinates":[[[[78.392715,17.4483068],[78.3927619,17.4483081],[78.392763,17.4482735],[78.392716,17.4482722],[78.392715,17.4483068]]]]}},
{"type":"Feature","properties":{"full_id":"w749468106","osm_id":"749468106","osm_type":"way","building":"yes","shop":null,"man_made":null,"content":null,"tourism":null,"office":null,"addr:housenumber":null,"name":null,"building:levels":null,"addr:street":null,"addr:postcode":null,"addr:city":null},"geometry":{"type":"MultiPolygon","coordinates":[[[[78.39271,17.4495183],[78.3928733,17.4495306],[78.3928826,17.4494181],[78.3927192,17.4494059],[78.39271,17.4495183]]]]}},
{"type":"Feature","properties":{"full_id":"w749468107","osm_id":"749468107","osm_type":"way","building":"yes","shop":null,"man_made":null,"content":null,"tourism":null,"office":null,"addr:housenumber":null,"name":null,"building:levels":null,"addr:street":null,"addr:postcode":null,"addr:city":null},"geometry":{"type":"MultiPolygon","coordinates":[[[[78.3925427,17.4495033],[78.3926978,17.4495144],[78.3927065,17.4494031],[78.3925514,17.4493921],[78.3925427,17.4495033]]]]}},
{"type":"Feature","properties":{"full_id":"w749468108","osm_id":"749468108","osm_type":"way","building":"yes","shop":null,"man_made":null,"content":null,"tourism":null,"office":null,"addr:housenumber":null,"name":null,"building:levels":null,"addr:street":null,"addr:postcode":null,"addr:city":null},"geometry":{"type":"MultiPolygon","coordinates":[[[[78.3924267,17.4505841],[78.3925916,17.4505995],[78.3926007,17.450511],[78.3924357,17.4504956],[78.3924267,17.4505841]]]]}},
{"type":"Feature","properties":{"full_id":"w749468109","osm_id":"749468109","osm_type":"way","building":"yes","shop":null,"man_made":null,"content":null,"tourism":null,"office":null,"addr:housenumber":null,"name":null,"building:levels":null,"addr:street":null,"addr:postcode":null,"addr:city":null},"geometry":{"type":"MultiPolygon","coordinates":[[[[78.393234,17.447891],[78.3932984,17.4478949],[78.3933044,17.4478025],[78.3932401,17.4477987],[78.393234,17.447891]]]]}},
{"type":"Feature","properties":{"full_id":"w749468110","osm_id":"749468110","osm_type":"way","building":"yes","shop":null,"man_made":null,"content":null,"tourism":null,"office":null,"addr:housenumber":null,"name":null,"building:levels":null,"addr:street":null,"addr:postcode":null,"addr:city":null},"geometry":{"type":"MultiPolygon","coordinates":[[[[78.3931757,17.4480285],[78.3932427,17.4480317],[78.3932479,17.4479328],[78.3931809,17.4479296],[78.3931757,17.4480285]]]]}},
{"type":"Feature","properties":{"full_id":"w749475246","osm_id":"749475246","osm_type":"way","building":"yes","shop":null,"man_made":null,"content":null,"tourism":null,"office":null,"addr:housenumber":null,"name":null,"building:levels":null,"addr:street":null,"addr:postcode":null,"addr:city":null},"geometry":{"type":"MultiPolygon","coordinates":[[[[78.3938167,17.4500033],[78.3938791,17.4500052],[78.3938812,17.4499415],[78.3938189,17.4499396],[78.3938167,17.4500033]]]]}},
{"type":"Feature","properties":{"full_id":"w749475248","osm_id":"749475248","osm_type":"way","building":"yes","shop":null,"man_made":null,"content":null,"tourism":null,"office":null,"addr:housenumber":null,"name":null,"building:levels":null,"addr:street":null,"addr:postcode":null,"addr:city":null},"geometry":{"type":"MultiPolygon","coordinates":[[[[78.3936028,17.4479514],[78.3937699,17.4479504],[78.3937693,17.4478466],[78.3936022,17.4478475],[78.3936028,17.4479514]]]]}},
{"type":"Feature","properties":{"full_id":"w749475249","osm_id":"749475249","osm_type":"way","building":"yes","shop":null,"man_made":null,"content":null,"tourism":null,"office":null,"addr:housenumber":null,"name":null,"building:levels":null,"addr:street":null,"addr:postcode":null,"addr:city":null},"geometry":{"type":"MultiPolygon","coordinates":[[[[78.3935143,17.4488058],[78.3935135,17.4488508],[78.3935886,17.4488521],[78.3935894,17.4488071],[78.3935143,17.4488058]]]]}},
{"type":"Feature","properties":{"full_id":"w749475250","osm_id":"749475250","osm_type":"way","building":"yes","shop":null,"man_made":null,"content":null,"tourism":null,"office":null,"addr:housenumber":null,"name":null,"building:levels":null,"addr:street":null,"addr:postcode":null,"addr:city":null},"geometry":{"type":"MultiPolygon","coordinates":[[[[78.3935956,17.4495833],[78.3935889,17.4496847],[78.3937579,17.4496949],[78.3937646,17.4495935],[78.3935956,17.4495833]]]]}},
{"type":"Feature","properties":{"full_id":"w749475251","osm_id":"749475251","osm_type":"way","building":"yes","shop":null,"man_made":null,"content":null,"tourism":null,"office":null,"addr:housenumber":null,"name":null,"building:levels":null,"addr:street":null,"addr:postcode":null,"addr:city":null},"geometry":{"type":"MultiPolygon","coordinates":[[[[78.3934687,17.4501248],[78.393525,17.4501261],[78.3935269,17.4500496],[78.3934706,17.4500484],[78.3934687,17.4501248]]]]}},
{"type":"Feature","properties":{"full_id":"w749475252","osm_id":"749475252","osm_type":"way","building":"yes","shop":null,"man_made":null,"content":null,"tourism":null,"office":null,"addr:housenumber":null,"name":null,"building:levels":null,"addr:street":null,"addr:postcode":null,"addr:city":null},"geometry":{"type":"MultiPolygon","coordinates":[[[[78.3933561,17.4501044],[78.3934379,17.4501108],[78.3934451,17.4500265],[78.3933633,17.4500201],[78.3933561,17.4501044]]]]}},
{"type":"Feature","properties":{"full_id":"w749475253","osm_id":"749475253","osm_type":"way","building":"yes","shop":null,"man_made":null,"content":null,"tourism":null,"office":null,"addr:housenumber":null,"name":null,"building:levels":null,"addr:street":null,"addr:postcode":null,"addr:city":null},"geometry":{"type":"MultiPolygon","coordinates":[[[[78.3936377,17.4501683],[78.3936316,17.4502491],[78.3937067,17.4502542],[78.3937128,17.4501734],[78.3936377,17.4501683]]]]}},
{"type":"Feature","properties":{"full_id":"w749512847","osm_id":"749512847","osm_type":"way","building":"yes","shop":null,"man_made":null,"content":null,"tourism":null,"office":null,"addr:housenumber":null,"name":null,"building:levels":null,"addr:street":null,"addr:postcode":null,"addr:city":null},"geometry":{"type":"MultiPolygon","coordinates":[[[[78.391274,17.447536],[78.391273,17.4475686],[78.3912965,17.4475693],[78.3912975,17.4475366],[78.391274,17.447536]]]]}},
{"type":"Feature","properties":{"full_id":"w749512848","osm_id":"749512848","osm_type":"way","building":"yes","shop":null,"man_made":null,"content":null,"tourism":null,"office":null,"addr:housenumber":null,"name":null,"building:levels":null,"addr:street":null,"addr:postcode":null,"addr:city":null},"geometry":{"type":"MultiPolygon","coordinates":[[[[78.3913639,17.4473792],[78.3913961,17.4473779],[78.3913947,17.447347],[78.3913625,17.4473483],[78.3913639,17.4473792]]]]}},
{"type":"Feature","properties":{"full_id":"w749512849","osm_id":"749512849","osm_type":"way","building":"yes","shop":null,"man_made":null,"content":null,"tourism":null,"office":null,"addr:housenumber":null,"name":null,"building:levels":null,"addr:street":null,"addr:postcode":null,"addr:city":null},"geometry":{"type":"MultiPolygon","coordinates":[[[[78.3910822,17.4484687],[78.3911191,17.4484687],[78.3911191,17.4484009],[78.3910822,17.4484009],[78.3910822,17.4484687]]]]}},
{"type":"Feature","properties":{"full_id":"w749512850","osm_id":"749512850","osm_type":"way","building":"yes","shop":null,"man_made":null,"content":null,"tourism":null,"office":null,"addr:housenumber":null,"name":null,"building:levels":null,"addr:street":null,"addr:postcode":null,"addr:city":null},"geometry":{"type":"MultiPolygon","coordinates":[[[[78.3904995,17.4482876],[78.3903882,17.4482876],[78.3903882,17.448335],[78.3904995,17.448335],[78.3904995,17.4482876]]]]}},
{"type":"Feature","properties":{"full_id":"w749512851","osm_id":"749512851","osm_type":"way","building":"yes","shop":null,"man_made":null,"content":null,"tourism":null,"office":null,"addr:housenumber":null,"name":null,"building:levels":null,"addr:street":null,"addr:postcode":null,"addr:city":null},"geometry":{"type":"MultiPolygon","coordinates":[[[[78.3905907,17.4482915],[78.3905894,17.448358],[78.3906591,17.4483593],[78.3906604,17.4482927],[78.3905907,17.4482915]]]]}},
{"type":"Feature","properties":{"full_id":"w749512852","osm_id":"749512852","osm_type":"way","building":"yes","shop":null,"man_made":null,"content":null,"tourism":null,"office":null,"addr:housenumber":null,"name":null,"building:levels":null,"addr:street":null,"addr:postcode":null,"addr:city":null},"geometry":{"type":"MultiPolygon","coordinates":[[[[78.391044,17.4487815],[78.3910424,17.4488095],[78.391092,17.4488121],[78.3910936,17.448784],[78.391044,17.4487815]]]]}},
{"type":"Feature","properties":{"full_id":"w749512853","osm_id":"749512853","osm_type":"way","building":"yes","shop":null,"man_made":null,"content":null,"tourism":null,"office":null,"addr:housenumber":null,"name":null,"building:levels":null,"addr:street":null,"addr:postcode":null,"addr:city":null},"geometry":{"type":"MultiPolygon","coordinates":[[[[78.390824,17.44877],[78.3908235,17.4488019],[78.390979,17.4488045],[78.3909796,17.4487725],[78.390824,17.44877]]]]}},
{"type":"Feature","properties":{"full_id":"w749512854","osm_id":"749512854","osm_type":"way","building":"yes","shop":null,"man_made":null,"content":null,"tourism":null,"office":null,"addr:housenumber":null,"name":null,"building:levels":null,"addr:street":null,"addr:postcode":null,"addr:city":null},"geometry":{"type":"MultiPolygon","coordinates":[[[[78.3911822,17.4488883],[78.391264,17.448887],[78.3912622,17.4487835],[78.3911804,17.4487848],[78.3911822,17.4488883]]]]}},
{"type":"Feature","properties":{"full_id":"w749512855","osm_id":"749512855","osm_type":"way","building":"yes","shop":null,"man_made":null,"content":null,"tourism":null,"office":null,"addr:housenumber":null,"name":null,"building:levels":null,"addr:street":null,"addr:postcode":null,"addr:city":null},"geometry":{"type":"MultiPolygon","coordinates":[[[[78.3910231,17.4490608],[78.3910227,17.4491101],[78.3911188,17.4491109],[78.3911192,17.4490616],[78.3910231,17.4490608]]]]}},
{"type":"Feature","properties":{"full_id":"w749512856","osm_id":"749512856","osm_type":"way","building":"yes","shop":null,"man_made":null,"content":null,"tourism":null,"office":null,"addr:housenumber":null,"name":null,"building:levels":null,"addr:street":null,"addr:postcode":null,"addr:city":null},"geometry":{"type":"MultiPolygon","coordinates":[[[[78.3907798,17.4491909],[78.3909421,17.4491909],[78.3909421,17.4491435],[78.3907798,17.4491435],[78.3907798,17.4491909]]]]}},
{"type":"Feature","properties":{"full_id":"w749512857","osm_id":"749512857","osm_type":"way","building":"yes","shop":null,"man_made":null,"content":null,"tourism":null,"office":null,"addr:housenumber":null,"name":null,"building:levels":null,"addr:street":null,"addr:postcode":null,"addr:city":null},"geometry":{"type":"MultiPolygon","coordinates":[[[[78.3908435,17.4503903],[78.3908353,17.4505091],[78.3910392,17.4505218],[78.3910474,17.4504031],[78.3908435,17.4503903]]]]}},
{"type":"Feature","properties":{"full_id":"w749515766","osm_id":"749515766","osm_type":"way","building":"yes","shop":null,"man_made":null,"content":null,"tourism":null,"office":null,"addr:housenumber":null,"name":null,"building:levels":null,"addr:street":null,"addr:postcode":null,"addr:city":null},"geometry":{"type":"MultiPolygon","coordinates":[[[[78.3915147,17.4477131],[78.3917132,17.4477195],[78.3917164,17.4476285],[78.391518,17.4476221],[78.3915147,17.4477131]]]]}},
{"type":"Feature","properties":{"full_id":"w749515767","osm_id":"749515767","osm_type":"way","building":"yes","shop":null,"man_made":null,"content":null,"tourism":null,"office":null,"addr:housenumber":null,"name":null,"building:levels":null,"addr:street":null,"addr:postcode":null,"addr:city":null},"geometry":{"type":"MultiPolygon","coordinates":[[[[78.3917306,17.4478386],[78.3918057,17.4478411],[78.3918084,17.4477708],[78.3917333,17.4477683],[78.3917306,17.4478386]]]]}},
{"type":"Feature","properties":{"full_id":"w749519608","osm_id":"749519608","osm_type":"way","building":"yes","shop":null,"man_made":null,"content":null,"tourism":null,"office":null,"addr:housenumber":null,"name":null,"building:levels":null,"addr:street":null,"addr:postcode":null,"addr:city":null},"geometry":{"type":"MultiPolygon","coordinates":[[[[78.3917329,17.4477493],[78.3919822,17.4477675],[78.3919921,17.4476437],[78.3917428,17.4476256],[78.3917329,17.4477493]]]]}},
{"type":"Feature","properties":{"full_id":"w749519677","osm_id":"749519677","osm_type":"way","building":"yes","shop":null,"man_made":null,"content":null,"tourism":null,"office":null,"addr:housenumber":null,"name":null,"building:levels":null,"addr:street":null,"addr:postcode":null,"addr:city":null},"geometry":{"type":"MultiPolygon","coordinates":[[[[78.3928759,17.4470914],[78.3929108,17.4470907],[78.3929087,17.4469844],[78.3928738,17.4469851],[78.3928759,17.4470914]]]]}},
{"type":"Feature","properties":{"full_id":"w749687326","osm_id":"749687326","osm_type":"way","building":"yes","shop":null,"man_made":null,"content":null,"tourism":null,"office":null,"addr:housenumber":null,"name":null,"building:levels":null,"addr:street":null,"addr:postcode":null,"addr:city":null},"geometry":{"type":"MultiPolygon","coordinates":[[[[78.3935834,17.4468496],[78.3935847,17.4469027],[78.3936692,17.4469007],[78.3936679,17.4468477],[78.3935834,17.4468496]]]]}},
{"type":"Feature","properties":{"full_id":"w749687327","osm_id":"749687327","osm_type":"way","building":"yes","shop":null,"man_made":null,"content":null,"tourism":null,"office":null,"addr:housenumber":null,"name":null,"building:levels":null,"addr:street":null,"addr:postcode":null,"addr:city":null},"geometry":{"type":"MultiPolygon","coordinates":[[[[78.3936008,17.4468253],[78.3936418,17.4468269],[78.3936438,17.4467822],[78.3936028,17.4467805],[78.3936008,17.4468253]]]]}},
{"type":"Feature","properties":{"full_id":"w749687328","osm_id":"749687328","osm_type":"way","building":"yes","shop":null,"man_made":null,"content":null,"tourism":null,"office":null,"addr:housenumber":null,"name":null,"building:levels":null,"addr:street":null,"addr:postcode":null,"addr:city":null},"geometry":{"type":"MultiPolygon","coordinates":[[[[78.3934754,17.4468931],[78.3935586,17.4468977],[78.3935666,17.4467646],[78.3934835,17.44676],[78.3934754,17.4468931]]]]}},
{"type":"Feature","properties":{"full_id":"w749687329","osm_id":"749687329","osm_type":"way","building":"yes","shop":null,"man_made":null,"content":null,"tourism":null,"office":null,"addr:housenumber":null,"name":null,"building:levels":null,"addr:street":null,"addr:postcode":null,"addr:city":null},"geometry":{"type":"MultiPolygon","coordinates":[[[[78.393667,17.446454],[78.3937747,17.4464559],[78.3937767,17.4463505],[78.393669,17.4463486],[78.393667,17.446454]]]]}},
{"type":"Feature","properties":{"full_id":"w749687334","osm_id":"749687334","osm_type":"way","building":"yes","shop":null,"man_made":null,"content":null,"tourism":null,"office":null,"addr:housenumber":null,"name":null,"building:levels":null,"addr:street":null,"addr:postcode":null,"addr:city":null},"geometry":{"type":"MultiPolygon","coordinates":[[[[78.3926591,17.4462061],[78.3926593,17.4463142],[78.3928175,17.446314],[78.3928174,17.4462059],[78.3926591,17.4462061]]]]}},
{"type":"Feature","properties":{"full_id":"w749687335","osm_id":"749687335","osm_type":"way","building":"yes","shop":null,"man_made":null,"content":null,"tourism":null,"office":null,"addr:housenumber":null,"name":null,"building:levels":null,"addr:street":null,"addr:postcode":null,"addr:city":null},"geometry":{"type":"MultiPolygon","coordinates":[[[[78.3923923,17.4461847],[78.3923889,17.4462932],[78.3926086,17.4462995],[78.3926115,17.4462073],[78.3925827,17.4462065],[78.3925832,17.4461901],[78.3923923,17.4461847]]]]}},
{"type":"Feature","properties":{"full_id":"w749687336","osm_id":"749687336","osm_type":"way","building":"yes","shop":null,"man_made":null,"content":null,"tourism":null,"office":null,"addr:housenumber":null,"name":null,"building:levels":null,"addr:street":null,"addr:postcode":null,"addr:city":null},"geometry":{"type":"MultiPolygon","coordinates":[[[[78.3920247,17.4467965],[78.3920622,17.4467971],[78.3920907,17.4467976],[78.3920921,17.4467211],[78.392026,17.4467201],[78.3920247,17.4467965]]]]}},
{"type":"Feature","properties":{"full_id":"w749687337","osm_id":"749687337","osm_type":"way","building":"yes","shop":null,"man_made":null,"content":null,"tourism":null,"office":null,"addr:housenumber":null,"name":null,"building:levels":null,"addr:street":null,"addr:postcode":null,"addr:city":null},"geometry":{"type":"MultiPolygon","coordinates":[[[[78.3916341,17.4465374],[78.3916297,17.4466611],[78.3918657,17.4466688],[78.3918701,17.4465451],[78.3916341,17.4465374]]]]}},
{"type":"Feature","properties":{"full_id":"w749687339","osm_id":"749687339","osm_type":"way","building":"yes","shop":null,"man_made":null,"content":null,"tourism":null,"office":null,"addr:housenumber":null,"name":null,"building:levels":null,"addr:street":null,"addr:postcode":null,"addr:city":null},"geometry":{"type":"MultiPolygon","coordinates":[[[[78.3902071,17.446746],[78.390275,17.4467472],[78.390277,17.4466487],[78.3902092,17.4466474],[78.3902071,17.446746]]]]}},
{"type":"Feature","properties":{"full_id":"w749687340","osm_id":"749687340","osm_type":"way","building":"yes","shop":null,"man_made":null,"content":null,"tourism":null,"office":null,"addr:housenumber":null,"name":null,"building:levels":null,"addr:street":null,"addr:postcode":null,"addr:city":null},"geometry":{"type":"MultiPolygon","coordinates":[[[[78.39021,17.4465438],[78.3902047,17.4466293],[78.3902936,17.4466343],[78.390299,17.4465488],[78.39021,17.4465438]]]]}},
{"type":"Feature","properties":{"full_id":"w749687341","osm_id":"749687341","osm_type":"way","building":"yes","shop":null,"man_made":null,"content":null,"tourism":null,"office":null,"addr:housenumber":null,"name":null,"building:levels":null,"addr:street":null,"addr:postcode":null,"addr:city":null},"geometry":{"type":"MultiPolygon","coordinates":[[[[78.3903755,17.4463496],[78.390358,17.4465384],[78.3904789,17.4465486],[78.3904965,17.4463598],[78.3903755,17.4463496]]]]}},
{"type":"Feature","properties":{"full_id":"w749742830","osm_id":"749742830","osm_type":"way","building":"yes","shop":null,"man_made":null,"content":null,"tourism":null,"office":null,"addr:housenumber":null,"name":null,"building:levels":null,"addr:street":null,"addr:postcode":null,"addr:city":null},"geometry":{"type":"MultiPolygon","coordinates":[[[[78.3903171,17.4460666],[78.3903013,17.4461268],[78.390355,17.4461396],[78.3903708,17.4460794],[78.3903171,17.4460666]]]]}},
{"type":"Feature","properties":{"full_id":"w749742831","osm_id":"749742831","osm_type":"way","building":"yes","shop":null,"man_made":null,"content":null,"tourism":null,"office":null,"addr:housenumber":null,"name":null,"building:levels":null,"addr:street":null,"addr:postcode":null,"addr:city":null},"geometry":{"type":"MultiPolygon","coordinates":[[[[78.390151,17.4463038],[78.3901352,17.44639],[78.3902202,17.4464042],[78.3902361,17.446318],[78.390151,17.4463038]]]]}},
{"type":"Feature","properties":{"full_id":"w749742832","osm_id":"749742832","osm_type":"way","building":"yes","shop":null,"man_made":null,"content":null,"tourism":null,"office":null,"addr:housenumber":null,"name":null,"building:levels":null,"addr:street":null,"addr:postcode":null,"addr:city":null},"geometry":{"type":"MultiPolygon","coordinates":[[[[78.3898048,17.4467216],[78.3897759,17.4467817],[78.3898751,17.4468252],[78.3899041,17.4467651],[78.3898048,17.4467216]]]]}},
{"type":"Feature","properties":{"full_id":"w749742833","osm_id":"749742833","osm_type":"way","building":"yes","shop":null,"man_made":null,"content":null,"tourism":null,"office":null,"addr:housenumber":null,"name":null,"building:levels":null,"addr:street":null,"addr:postcode":null,"addr:city":null},"geometry":{"type":"MultiPolygon","coordinates":[[[[78.3896579,17.4467404],[78.3896226,17.4468107],[78.3898046,17.4468939],[78.3898399,17.4468236],[78.3896579,17.4467404]]]]}},
{"type":"Feature","properties":{"full_id":"w750233203","osm_id":"750233203","osm_type":"way","building":"yes","shop":null,"man_made":null,"content":null,"tourism":null,"office":null,"addr:housenumber":null,"name":null,"building:levels":null,"addr:street":null,"addr:postcode":null,"addr:city":null},"geometry":{"type":"MultiPolygon","coordinates":[[[[78.3933448,17.4503026],[78.3933391,17.4504034],[78.3934098,17.4504071],[78.3934082,17.450436],[78.3933344,17.4504322],[78.3933288,17.4505307],[78.3934803,17.4505385],[78.3934859,17.4504403],[78.3934429,17.4504381],[78.3934443,17.4504134],[78.3934901,17.4504158],[78.3934961,17.4503104],[78.3933448,17.4503026]]]]}},
{"type":"Feature","properties":{"full_id":"w750233204","osm_id":"750233204","osm_type":"way","building":"yes","shop":null,"man_made":null,"content":null,"tourism":null,"office":null,"addr:housenumber":null,"name":null,"building:levels":null,"addr:street":null,"addr:postcode":null,"addr:city":null},"geometry":{"type":"MultiPolygon","coordinates":[[[[78.3933621,17.4479652],[78.3933896,17.4479646],[78.3933891,17.4479448],[78.3933616,17.4479455],[78.3933621,17.4479652]]]]}},
{"type":"Feature","properties":{"full_id":"w752929134","osm_id":"752929134","osm_type":"way","building":"yes","shop":null,"man_made":null,"content":null,"tourism":null,"office":null,"addr:housenumber":null,"name":null,"building:levels":null,"addr:street":null,"addr:postcode":null,"addr:city":null},"geometry":{"type":"MultiPolygon","coordinates":[[[[78.3893941,17.4494384],[78.3894736,17.4494388],[78.3894738,17.4493838],[78.3893943,17.4493835],[78.3893941,17.4494384]]]]}},
{"type":"Feature","properties":{"full_id":"w753835728","osm_id":"753835728","osm_type":"way","building":"roof","shop":null,"man_made":null,"content":null,"tourism":null,"office":null,"addr:housenumber":null,"name":null,"building:levels":null,"addr:street":null,"addr:postcode":null,"addr:city":null},"geometry":{"type":"MultiPolygon","coordinates":[[[[78.3919539,17.45046],[78.3919533,17.4504895],[78.3920584,17.4504916],[78.3920591,17.4504622],[78.3919539,17.45046]]]]}},
{"type":"Feature","properties":{"full_id":"w753867061","osm_id":"753867061","osm_type":"way","building":"yes","shop":null,"man_made":null,"content":null,"tourism":null,"office":null,"addr:housenumber":null,"name":null,"building:levels":null,"addr:street":null,"addr:postcode":null,"addr:city":null},"geometry":{"type":"MultiPolygon","coordinates":[[[[78.3927963,17.4461494],[78.3928303,17.4461497],[78.3928309,17.4460871],[78.3927969,17.4460868],[78.3927963,17.4461494]]]]}},
{"type":"Feature","properties":{"full_id":"w753880425","osm_id":"753880425","osm_type":"way","building":"yes","shop":null,"man_made":null,"content":null,"tourism":null,"office":null,"addr:housenumber":null,"name":null,"building:levels":null,"addr:street":null,"addr:postcode":null,"addr:city":null},"geometry":{"type":"MultiPolygon","coordinates":[[[[78.3938071,17.4500432],[78.3937803,17.4503024],[78.3939432,17.4503177],[78.3939701,17.4500586],[78.3938071,17.4500432]]]]}},
{"type":"Feature","properties":{"full_id":"w753891930","osm_id":"753891930","osm_type":"way","building":"yes","shop":null,"man_made":null,"content":null,"tourism":null,"office":null,"addr:housenumber":null,"name":null,"building:levels":null,"addr:street":null,"addr:postcode":null,"addr:city":null},"geometry":{"type":"MultiPolygon","coordinates":[[[[78.3927653,17.4481296],[78.3929394,17.4481343],[78.3929423,17.4480337],[78.3927682,17.448029],[78.3927653,17.4481296]]]]}},
{"type":"Feature","properties":{"full_id":"w753918916","osm_id":"753918916","osm_type":"way","building":"yes","shop":null,"man_made":null,"content":null,"tourism":null,"office":null,"addr:housenumber":null,"name":null,"building:levels":null,"addr:street":null,"addr:postcode":null,"addr:city":null},"geometry":{"type":"MultiPolygon","coordinates":[[[[78.3892355,17.4460902],[78.3893767,17.4461629],[78.3894498,17.4460337],[78.3893086,17.445961],[78.3892355,17.4460902]]]]}},
{"type":"Feature","properties":{"full_id":"w753918922","osm_id":"753918922","osm_type":"way","building":"yes","shop":null,"man_made":null,"content":null,"tourism":null,"office":null,"addr:housenumber":null,"name":null,"building:levels":null,"addr:street":null,"addr:postcode":null,"addr:city":null},"geometry":{"type":"MultiPolygon","coordinates":[[[[78.3894481,17.4466717],[78.3896281,17.4467591],[78.3896816,17.4466587],[78.3895016,17.4465713],[78.3894481,17.4466717]]]]}},
{"type":"Feature","properties":{"full_id":"w753918923","osm_id":"753918923","osm_type":"way","building":"yes","shop":null,"man_made":null,"content":null,"tourism":null,"office":null,"addr:housenumber":null,"name":null,"building:levels":null,"addr:street":null,"addr:postcode":null,"addr:city":null},"geometry":{"type":"MultiPolygon","coordinates":[[[[78.3922704,17.4468304],[78.3925125,17.4468558],[78.3925265,17.4467336],[78.3922845,17.4467082],[78.3922704,17.4468304]]]]}},
{"type":"Feature","properties":{"full_id":"w1082080839","osm_id":"1082080839","osm_type":"way","building":"yes","shop":null,"man_made":null,"content":null,"tourism":null,"office":null,"addr:housenumber":null,"name":null,"building:levels":null,"addr:street":null,"addr:postcode":null,"addr:city":null},"geometry":{"type":"MultiPolygon","coordinates":[[[[78.393772,17.4504177],[78.3939431,17.450429],[78.3939507,17.4503244],[78.3937796,17.4503131],[78.393772,17.4504177]]]]}},
{"type":"Feature","properties":{"full_id":"w1082080840","osm_id":"1082080840","osm_type":"way","building":"yes","shop":null,"man_made":null,"content":null,"tourism":null,"office":null,"addr:housenumber":null,"name":null,"building:levels":null,"addr:street":null,"addr:postcode":null,"addr:city":null},"geometry":{"type":"MultiPolygon","coordinates":[[[[78.3924357,17.4476552],[78.3924452,17.4475287],[78.392694,17.4475458],[78.3926845,17.4476723],[78.3924357,17.4476552]]]]}},
{"type":"Feature","properties":{"full_id":"w1082080841","osm_id":"1082080841","osm_type":"way","building":"yes","shop":null,"man_made":null,"content":null,"tourism":null,"office":null,"addr:housenumber":null,"name":null,"building:levels":null,"addr:street":null,"addr:postcode":null,"addr:city":null},"geometry":{"type":"MultiPolygon","coordinates":[[[[78.3931962,17.4477911],[78.3932054,17.4476845],[78.3933707,17.4476976],[78.3933615,17.4478041],[78.3931962,17.4477911]]]]}},
{"type":"Feature","properties":{"full_id":"w1082080842","osm_id":"1082080842","osm_type":"way","building":"yes","shop":null,"man_made":null,"content":null,"tourism":null,"office":null,"addr:housenumber":null,"name":null,"building:levels":null,"addr:street":null,"addr:postcode":null,"addr:city":null},"geometry":{"type":"MultiPolygon","coordinates":[[[[78.3937991,17.447848],[78.3939603,17.4478574],[78.3939533,17.4479607],[78.3937964,17.4479579],[78.3937991,17.447848]]]]}},
{"type":"Feature","properties":{"full_id":"w1082080843","osm_id":"1082080843","osm_type":"way","building":"yes","shop":null,"man_made":null,"content":null,"tourism":null,"office":null,"addr:housenumber":null,"name":null,"building:levels":null,"addr:street":null,"addr:postcode":null,"addr:city":null},"geometry":{"type":"MultiPolygon","coordinates":[[[[78.393737,17.4481941],[78.3937425,17.4480806],[78.393597,17.4480742],[78.3935916,17.4481877],[78.393737,17.4481941]]]]}},
{"type":"Feature","properties":{"full_id":"w1082080844","osm_id":"1082080844","osm_type":"way","building":"yes","shop":null,"man_made":null,"content":null,"tourism":null,"office":null,"addr:housenumber":null,"name":null,"building:levels":null,"addr:street":null,"addr:postcode":null,"addr:city":null},"geometry":{"type":"MultiPolygon","coordinates":[[[[78.3928626,17.448027],[78.3928712,17.4479104],[78.3930813,17.4479246],[78.3930727,17.4480411],[78.3928626,17.448027]]]]}},
{"type":"Feature","properties":{"full_id":"w1082080845","osm_id":"1082080845","osm_type":"way","building":"yes","shop":null,"man_made":null,"content":null,"tourism":null,"office":null,"addr:housenumber":null,"name":null,"building:levels":null,"addr:street":null,"addr:postcode":null,"addr:city":null},"geometry":{"type":"MultiPolygon","coordinates":[[[[78.3935299,17.4486864],[78.3936238,17.4486912],[78.393631,17.4485635],[78.3935371,17.4485586],[78.3935299,17.4486864]]]]}},
{"type":"Feature","properties":{"full_id":"w1082080846","osm_id":"1082080846","osm_type":"way","building":"yes","shop":null,"man_made":null,"content":null,"tourism":null,"office":null,"addr:housenumber":null,"name":null,"building:levels":null,"addr:street":null,"addr:postcode":null,"addr:city":null},"geometry":{"type":"MultiPolygon","coordinates":[[[[78.3936323,17.4492125],[78.3936379,17.4490997],[78.3937974,17.4491069],[78.3937918,17.4492197],[78.3936323,17.4492125]]]]}},
{"type":"Feature","properties":{"full_id":"w1082080847","osm_id":"1082080847","osm_type":"way","building":"yes","shop":null,"man_made":null,"content":null,"tourism":null,"office":null,"addr:housenumber":null,"name":null,"building:levels":null,"addr:street":null,"addr:postcode":null,"addr:city":null},"geometry":{"type":"MultiPolygon","coordinates":[[[[78.3936317,17.449361],[78.3936796,17.4493657],[78.3936697,17.4494575],[78.3936217,17.4494528],[78.3936317,17.449361]]]]}},
{"type":"Feature","properties":{"full_id":"w1082080848","osm_id":"1082080848","osm_type":"way","building":"yes","shop":null,"man_made":null,"content":null,"tourism":null,"office":null,"addr:housenumber":null,"name":null,"building:levels":null,"addr:street":null,"addr:postcode":null,"addr:city":null},"geometry":{"type":"MultiPolygon","coordinates":[[[[78.3935645,17.4499144],[78.3936231,17.449916],[78.3936241,17.4498849],[78.3936375,17.4498853],[78.3936366,17.4499124],[78.3937253,17.4499149],[78.3937286,17.4498069],[78.3936463,17.4498046],[78.3936448,17.4498555],[78.3936285,17.449855],[78.3936304,17.4497925],[78.3935684,17.4497907],[78.3935645,17.4499144]]]]}},
{"type":"Feature","properties":{"full_id":"w1082080850","osm_id":"1082080850","osm_type":"way","building":"yes","shop":null,"man_made":null,"content":null,"tourism":null,"office":null,"addr:housenumber":null,"name":null,"building:levels":null,"addr:street":null,"addr:postcode":null,"addr:city":null},"geometry":{"type":"MultiPolygon","coordinates":[[[[78.3926174,17.4503527],[78.3928065,17.4503594],[78.3928109,17.4502469],[78.3926218,17.4502402],[78.3926174,17.4503527]]]]}},
{"type":"Feature","properties":{"full_id":"w1082080851","osm_id":"1082080851","osm_type":"way","building":"yes","shop":null,"man_made":null,"content":null,"tourism":null,"office":null,"addr:housenumber":null,"name":null,"building:levels":null,"addr:street":null,"addr:postcode":null,"addr:city":null},"geometry":{"type":"MultiPolygon","coordinates":[[[[78.3928677,17.4504905],[78.3928755,17.4503801],[78.3930413,17.4503908],[78.3930335,17.4505012],[78.3928677,17.4504905]]]]}},
{"type":"Feature","properties":{"full_id":"w1082080855","osm_id":"1082080855","osm_type":"way","building":"yes","shop":null,"man_made":null,"content":null,"tourism":null,"office":null,"addr:housenumber":null,"name":null,"building:levels":null,"addr:street":null,"addr:postcode":null,"addr:city":null},"geometry":{"type":"MultiPolygon","coordinates":[[[[78.3930655,17.4502575],[78.3932191,17.4502657],[78.3932251,17.4501642],[78.3930715,17.4501559],[78.3930655,17.4502575]]]]}},
{"type":"Feature","properties":{"full_id":"w1082080861","osm_id":"1082080861","osm_type":"way","building":"yes","shop":null,"man_made":null,"content":null,"tourism":null,"office":null,"addr:housenumber":null,"name":null,"building:levels":null,"addr:street":null,"addr:postcode":null,"addr:city":null},"geometry":{"type":"MultiPolygon","coordinates":[[[[78.392915,17.4500026],[78.3930818,17.4500088],[78.3930862,17.4499021],[78.3929194,17.4498959],[78.392915,17.4500026]]]]}},
{"type":"Feature","properties":{"full_id":"w1082080862","osm_id":"1082080862","osm_type":"way","building":"yes","shop":null,"man_made":null,"content":null,"tourism":null,"office":null,"addr:housenumber":null,"name":null,"building:levels":null,"addr:street":null,"addr:postcode":null,"addr:city":null},"geometry":{"type":"MultiPolygon","coordinates":[[[[78.39201,17.4491153],[78.3920149,17.448989],[78.3922038,17.4489956],[78.3921989,17.449122],[78.39201,17.4491153]]]]}},
{"type":"Feature","properties":{"full_id":"w1082080863","osm_id":"1082080863","osm_type":"way","building":"yes","shop":null,"man_made":null,"content":null,"tourism":null,"office":null,"addr:housenumber":null,"name":null,"building:levels":null,"addr:street":null,"addr:postcode":null,"addr:city":null},"geometry":{"type":"MultiPolygon","coordinates":[[[[78.3925139,17.4488526],[78.3925228,17.4487526],[78.392314,17.4487358],[78.3923051,17.4488357],[78.3925139,17.4488526]]]]}},
{"type":"Feature","properties":{"full_id":"w1082080864","osm_id":"1082080864","osm_type":"way","building":"yes","shop":null,"man_made":null,"content":null,"tourism":null,"office":null,"addr:housenumber":null,"name":null,"building:levels":null,"addr:street":null,"addr:postcode":null,"addr:city":null},"geometry":{"type":"MultiPolygon","coordinates":[[[[78.3925562,17.4493807],[78.3927143,17.4493896],[78.392721,17.4492812],[78.392563,17.4492723],[78.3925562,17.4493807]]]]}},
{"type":"Feature","properties":{"full_id":"w1082080865","osm_id":"1082080865","osm_type":"way","building":"yes","shop":null,"man_made":null,"content":null,"tourism":null,"office":null,"addr:housenumber":null,"name":null,"building:levels":null,"addr:street":null,"addr:postcode":null,"addr:city":null},"geometry":{"type":"MultiPolygon","coordinates":[[[[78.3926363,17.4491147],[78.3927941,17.4491288],[78.3928166,17.4488995],[78.3926588,17.4488854],[78.3926363,17.4491147]]]]}},
{"type":"Feature","properties":{"full_id":"w1087122932","osm_id":"1087122932","osm_type":"way","building":"yes","shop":null,"man_made":null,"content":null,"tourism":null,"office":null,"addr:housenumber":null,"name":null,"building:levels":null,"addr:street":null,"addr:postcode":null,"addr:city":null},"geometry":{"type":"MultiPolygon","coordinates":[[[[78.3902869,17.4506466],[78.3904904,17.4506638],[78.3905001,17.4505436],[78.3902994,17.4505304],[78.3902869,17.4506466]]]]}},
{"type":"Feature","properties":{"full_id":"w1087122934","osm_id":"1087122934","osm_type":"way","building":"yes","shop":null,"man_made":null,"content":null,"tourism":null,"office":null,"addr:housenumber":null,"name":null,"building:levels":null,"addr:street":null,"addr:postcode":null,"addr:city":null},"geometry":{"type":"MultiPolygon","coordinates":[[[[78.3905896,17.4506435],[78.3907961,17.4506619],[78.3908012,17.4505298],[78.390603,17.4505241],[78.3905896,17.4506435]]]]}},
{"type":"Feature","properties":{"full_id":"w1111768228","osm_id":"1111768228","osm_type":"way","building":"residential","shop":null,"man_made":null,"content":null,"tourism":null,"office":null,"addr:housenumber":null,"name":null,"building:levels":null,"addr:street":null,"addr:postcode":null,"addr:city":null},"geometry":{"type":"MultiPolygon","coordinates":[[[[78.3918319,17.4503638],[78.3918422,17.4502293],[78.3920956,17.4502469],[78.3920853,17.4503815],[78.3918319,17.4503638]]]]}},
{"type":"Feature","properties":{"full_id":"w1111768230","osm_id":"1111768230","osm_type":"way","building":"yes","shop":"bakery","man_made":null,"content":null,"tourism":null,"office":null,"addr:housenumber":null,"name":null,"building:levels":null,"addr:street":null,"addr:postcode":null,"addr:city":null},"geometry":{"type":"MultiPolygon","coordinates":[[[[78.3921137,17.4468027],[78.3920243,17.4468023],[78.3920242,17.4468383],[78.3921135,17.4468387],[78.3921137,17.4468027]]]]}},
{"type":"Feature","properties":{"full_id":"w1111768231","osm_id":"1111768231","osm_type":"way","building":"residential","shop":null,"man_made":null,"content":null,"tourism":null,"office":null,"addr:housenumber":null,"name":null,"building:levels":null,"addr:street":null,"addr:postcode":null,"addr:city":null},"geometry":{"type":"MultiPolygon","coordinates":[[[[78.3929042,17.4466365],[78.3930781,17.4466474],[78.3930686,17.4467845],[78.3928948,17.4467736],[78.3929042,17.4466365]]]]}},
{"type":"Feature","properties":{"full_id":"w1111768232","osm_id":"1111768232","osm_type":"way","building":"residential","shop":null,"man_made":null,"content":null,"tourism":null,"office":null,"addr:housenumber":null,"name":null,"building:levels":null,"addr:street":null,"addr:postcode":null,"addr:city":null},"geometry":{"type":"MultiPolygon","coordinates":[[[[78.3913576,17.4461036],[78.3915858,17.4461172],[78.3915767,17.4462566],[78.3913485,17.4462431],[78.3913576,17.4461036]]]]}},
{"type":"Feature","properties":{"full_id":"w1111768233","osm_id":"1111768233","osm_type":"way","building":"residential","shop":null,"man_made":null,"content":null,"tourism":null,"office":null,"addr:housenumber":null,"name":null,"building:levels":null,"addr:street":null,"addr:postcode":null,"addr:city":null},"geometry":{"type":"MultiPolygon","coordinates":[[[[78.3910912,17.4465041],[78.3913224,17.4465155],[78.3913332,17.4463167],[78.3911021,17.4463052],[78.3910912,17.4465041]]]]}},
{"type":"Feature","properties":{"full_id":"w1111768234","osm_id":"1111768234","osm_type":"way","building":"residential","shop":null,"man_made":null,"content":null,"tourism":null,"office":null,"addr:housenumber":null,"name":null,"building:levels":null,"addr:street":null,"addr:postcode":null,"addr:city":null},"geometry":{"type":"MultiPolygon","coordinates":[[[[78.3911107,17.4462914],[78.3913286,17.4463063],[78.3913434,17.4461086],[78.3911256,17.4460937],[78.3911107,17.4462914]]]]}},
{"type":"Feature","properties":{"full_id":"w1111768238","osm_id":"1111768238","osm_type":"way","building":"residential","shop":null,"man_made":null,"content":null,"tourism":null,"office":null,"addr:housenumber":null,"name":null,"building:levels":null,"addr:street":null,"addr:postcode":null,"addr:city":null},"geometry":{"type":"MultiPolygon","coordinates":[[[[78.3921459,17.4500957],[78.3923946,17.4501148],[78.3924056,17.449985],[78.3921569,17.4499658],[78.3921459,17.4500957]]]]}}
]
}
