{
"type": "FeatureCollection",
"name": "Hyderabad_Buildings_Reprojected",
"crs": { "type": "name", "properties": { "name": "urn:ogc:def:crs:EPSG::32644" } },
"features": [
{"type":"Feature","properties":{"full_id":"w343854305","osm_id":"343854305","osm_type":"way","building":"yes","shop":null,"man_made":null,"content":null,"tourism":null,"office":null,"addr:housenumber":null,"name":null,"building:levels":null,"addr:street":null,"addr:postcode":null,"addr:city":null},"geometry":{"type":"MultiPolygon","coordinates":[[[[222745.135419651691336,1931180.708779168548062],[222745.676127945072949,1931153.391554348636419],[222766.473370552994311,1931153.793874862138182],[222765.94311084121,1931181.099877496482804],[222745.135419651691336,1931180.708779168548062]]]]}},
{"type":"Feature","properties":{"full_id":"w356020007","osm_id":"356020007","osm_type":"way","building":"yes","shop":null,"man_made":null,"content":null,"tourism":null,"office":null,"addr:housenumber":null,"name":null,"building:levels":null,"addr:street":null,"addr:postcode":null,"addr:city":null},"geometry":{"type":"MultiPolygon","coordinates":[[[[222898.444294103130233,1930962.615795080782846],[222898.292196953902021,1930974.046790081541985],[222902.236480691062752,1930974.092575271613896],[222902.220026520662941,1930975.22240230650641],[222907.440102324180771,1930975.283982733963057],[222907.457918166124728,1930974.25380792748183],[222910.21143171004951,1930974.282638613134623],[222910.198798070545308,1930974.914059479720891],[222914.749169606890064,1930974.973716241307557],[222914.912850936525501,1930962.833794553531334],[222898.444294103130233,1930962.615795080782846]]]]}},
{"type":"Feature","properties":{"full_id":"w356020012","osm_id":"356020012","osm_type":"way","building":"yes","shop":null,"man_made":null,"content":null,"tourism":null,"office":null,"addr:housenumber":null,"name":null,"building:levels":null,"addr:street":null,"addr:postcode":null,"addr:city":null},"geometry":{"type":"MultiPolygon","coordinates":[[[[222893.817028158518951,1931037.066648690961301],[222914.827977987064514,1931037.543740453198552],[222915.123914633179083,1931024.970104423118755],[222909.392658831260633,1931024.837985795689747],[222909.438463792961556,1931022.744273522868752],[222914.520970810379367,1931022.852031439077109],[222914.820539327978622,1931010.544134727213532],[222893.809410404472146,1931010.055966638494283],[222893.490678338159341,1931023.294388193637133],[222899.211458838079125,1931023.437720072688535],[222899.158506435982417,1931025.786244431743398],[222894.075999479799066,1931025.678490449441597],[222893.817028158518951,1931037.066648690961301]]]]}},
{"type":"Feature","properties":{"full_id":"w356020013","osm_id":"356020013","osm_type":"way","building":"yes","shop":null,"man_made":null,"content":null,"tourism":null,"office":null,"addr:housenumber":null,"name":"Pamidi Towers","building:levels":"6","addr:street":"sillicon valley","addr:postcode":"500081","addr:city":"Hyderabad"},"geometry":{"type":"MultiPolygon","coordinates":[[[[222660.4355082953698,1930908.458321694284678],[222711.288453628774732,1930934.873564005829394],[222720.851244697230868,1930916.691325609339401],[222669.99827389291022,1930890.276055184192955],[222660.4355082953698,1930908.458321694284678]]]]}},
{"type":"Feature","properties":{"full_id":"w356020023","osm_id":"356020023","osm_type":"way","building":"yes","shop":null,"man_made":null,"content":null,"tourism":null,"office":null,"addr:housenumber":null,"name":null,"building:levels":null,"addr:street":null,"addr:postcode":null,"addr:city":null},"geometry":{"type":"MultiPolygon","coordinates":[[[[223145.034535513550509,1930838.015784491086379],[223157.636275614437182,1930838.408592025516555],[223158.084800852870103,1930823.761969739571214],[223148.981741290539503,1930823.476452291710302],[223148.814522584376391,1930829.137808980885893],[223145.315834024455398,1930829.030517524341121],[223145.034535513550509,1930838.015784491086379]]]]}},
{"type":"Feature","properties":{"full_id":"w356020024","osm_id":"356020024","osm_type":"way","building":"yes","shop":null,"man_made":null,"content":null,"tourism":null,"office":null,"addr:housenumber":null,"name":null,"building:levels":null,"addr:street":null,"addr:postcode":null,"addr:city":null},"geometry":{"type":"MultiPolygon","coordinates":[[[[222740.562021674064454,1930926.245008090278134],[222758.078531485400163,1930930.025638231774792],[222760.940122015133966,1930916.962862609885633],[222743.423602256749291,1930913.182228551944718],[222740.562021674064454,1930926.245008090278134]]]]}},
{"type":"Feature","properties":{"full_id":"w356020025","osm_id":"356020025","osm_type":"way","building":"yes","shop":null,"man_made":null,"content":null,"tourism":null,"office":null,"addr:housenumber":null,"name":null,"building:levels":null,"addr:street":null,"addr:postcode":null,"addr:city":null},"geometry":{"type":"MultiPolygon","coordinates":[[[[222867.205522405914962,1931206.272626949008554],[222880.221547359600663,1931206.659567592665553],[222880.672732687089592,1931191.448064328171313],[222867.656849390768912,1931191.072194517822936],[222867.205522405914962,1931206.272626949008554]]]]}},
{"type":"Feature","properties":{"full_id":"w356020028","osm_id":"356020028","osm_type":"way","building":"apartments","shop":null,"man_made":null,"content":null,"tourism":null,"office":null,"addr:housenumber":null,"name":"Naina's Sunrise apartments","building:levels":null,"addr:street":null,"addr:postcode":null,"addr:city":null},"geometry":{"type":"MultiPolygon","coordinates":[[[[222813.11857272736961,1930814.806980056455359],[222826.514697857724968,1930815.764606534736231],[222828.062993535073474,1930794.491415715776384],[222814.666703474766109,1930793.522713826736435],[222813.11857272736961,1930814.806980056455359]]]]}},
{"type":"Feature","properties":{"full_id":"w356020034","osm_id":"356020034","osm_type":"way","building":"yes","shop":null,"man_made":null,"content":null,"tourism":null,"office":null,"addr:housenumber":null,"name":null,"building:levels":null,"addr:street":null,"addr:postcode":null,"addr:city":null},"geometry":{"type":"MultiPolygon","coordinates":[[[[223083.412897245492786,1930841.105055004358292],[223099.814387450809591,1930841.855711033567786],[223100.324888676521368,1930830.973569701658562],[223088.018299751798622,1930830.399575328221545],[223087.92769386182772,1930832.327777793165296],[223085.938616902101785,1930832.233111887006089],[223085.848918177653104,1930834.227749102283269],[223083.732155610516202,1930834.123752024024725],[223083.412897245492786,1930841.105055004358292]]]]}},
{"type":"Feature","properties":{"full_id":"w356020035","osm_id":"356020035","osm_type":"way","building":"yes","shop":null,"man_made":null,"content":null,"tourism":null,"office":null,"addr:housenumber":null,"name":"Aishwarya residency","building:levels":"5","addr:street":null,"addr:postcode":null,"addr:city":null},"geometry":{"type":"MultiPolygon","coordinates":[[[[222694.585568667273037,1931118.108844381757081],[222716.01461806113366,1931118.070572946686298],[222715.995587780198548,1931104.238721636589617],[222694.566523790766951,1931104.276991061866283],[222694.585568667273037,1931118.108844381757081]]]]}},
{"type":"Feature","properties":{"full_id":"w356020037","osm_id":"356020037","osm_type":"way","building":"yes","shop":null,"man_made":null,"content":null,"tourism":null,"office":null,"addr:housenumber":null,"name":null,"building:levels":null,"addr:street":null,"addr:postcode":null,"addr:city":null},"geometry":{"type":"MultiPolygon","coordinates":[[[[223135.678035669145174,1930816.825056733097881],[223145.490749804244842,1930816.923690864583477],[223145.646373047609814,1930802.624374782666564],[223135.823024133453146,1930802.525884676724672],[223135.678035669145174,1930816.825056733097881]]]]}},
{"type":"Feature","properties":{"full_id":"w356020041","osm_id":"356020041","osm_type":"way","building":"yes","shop":null,"man_made":null,"content":null,"tourism":null,"office":null,"addr:housenumber":null,"name":null,"building:levels":null,"addr:street":null,"addr:postcode":null,"addr:city":null},"geometry":{"type":"MultiPolygon","coordinates":[[[[222924.260422872786876,1931037.82463936554268],[222949.666994332510512,1931038.706848987611011],[222950.11843681888422,1931025.843154845526442],[222924.711849470622838,1931024.96094243763946],[222924.260422872786876,1931037.82463936554268]]]]}},
{"type":"Feature","properties":{"full_id":"w356020044","osm_id":"356020044","osm_type":"way","building":"yes","shop":null,"man_made":null,"content":null,"tourism":null,"office":null,"addr:housenumber":null,"name":null,"building:levels":null,"addr:street":null,"addr:postcode":null,"addr:city":null},"geometry":{"type":"MultiPolygon","coordinates":[[[[222689.686455569462851,1931150.070537768304348],[222711.59493160963757,1931150.114297545747831],[222711.626883288379759,1931136.901923071825877],[222689.718241611553822,1931136.847088799113408],[222689.686455569462851,1931150.070537768304348]]]]}},
{"type":"Feature","properties":{"full_id":"w356020046","osm_id":"356020046","osm_type":"way","building":"yes","shop":null,"man_made":null,"content":null,"tourism":null,"office":null,"addr:housenumber":null,"name":null,"building:levels":null,"addr:street":null,"addr:postcode":null,"addr:city":null},"geometry":{"type":"MultiPolygon","coordinates":[[[[222665.598474259430077,1930968.090634031221271],[222699.768838861084078,1930985.641735166078433],[222714.694069250370376,1930956.942877676337957],[222680.534153721178882,1930939.380529174814001],[222665.598474259430077,1930968.090634031221271]]]]}},
{"type":"Feature","properties":{"full_id":"w356020047","osm_id":"356020047","osm_type":"way","building":"yes","shop":null,"man_made":null,"content":null,"tourism":null,"office":null,"addr:housenumber":null,"name":null,"building:levels":null,"addr:street":null,"addr:postcode":null,"addr:city":null},"geometry":{"type":"MultiPolygon","coordinates":[[[[222672.549860219703987,1931093.215541863348335],[222685.845935702032875,1931093.864329626783729],[222686.263778137858026,1931085.552703107707202],[222672.967697315092664,1931084.903914319816977],[222672.549860219703987,1931093.215541863348335]]]]}},
{"type":"Feature","properties":{"full_id":"w356020051","osm_id":"356020051","osm_type":"way","building":"yes","shop":null,"man_made":null,"content":null,"tourism":null,"office":null,"addr:housenumber":null,"name":null,"building:levels":null,"addr:street":null,"addr:postcode":null,"addr:city":null},"geometry":{"type":"MultiPolygon","coordinates":[[[[222716.443395024631172,1931147.877396784955636],[222732.654338665306568,1931147.921555515611544],[222732.675461961887777,1931136.248693365603685],[222716.464660395635292,1931136.215605802601203],[222716.443395024631172,1931147.877396784955636]]]]}},
{"type":"Feature","properties":{"full_id":"w356020052","osm_id":"356020052","osm_type":"way","building":"yes","shop":null,"man_made":null,"content":null,"tourism":null,"office":null,"addr:housenumber":null,"name":null,"building:levels":null,"addr:street":null,"addr:postcode":null,"addr:city":null},"geometry":{"type":"MultiPolygon","coordinates":[[[[222733.990430730278604,1931036.493345456663519],[222746.755144869093783,1931037.149442254565656],[222747.790377181663644,1931017.234333126340061],[222735.025650767202023,1931016.578233954962343],[222733.990430730278604,1931036.493345456663519]]]]}},
{"type":"Feature","properties":{"full_id":"w356020054","osm_id":"356020054","osm_type":"way","building":"yes","shop":null,"man_made":null,"content":null,"tourism":null,"office":null,"addr:housenumber":null,"name":null,"building:levels":null,"addr:street":null,"addr:postcode":null,"addr:city":null},"geometry":{"type":"MultiPolygon","coordinates":[[[[222919.438463773694821,1930796.886596437077969],[222939.218784547410905,1930797.524529634974897],[222939.636250276060309,1930784.506258888402954],[222919.856068214052357,1930783.879395994590595],[222919.438463773694821,1930796.886596437077969]]]]}},
{"type":"Feature","properties":{"full_id":"w356020055","osm_id":"356020055","osm_type":"way","building":"yes","shop":null,"man_made":null,"content":null,"tourism":null,"office":null,"addr:housenumber":null,"name":null,"building:levels":null,"addr:street":null,"addr:postcode":null,"addr:city":null},"geometry":{"type":"MultiPolygon","coordinates":[[[[222970.68493062077323,1930945.526633468456566],[222987.83548738679383,1930945.868273484986275],[222988.069744619948324,1930935.000965864863247],[222970.90839967969805,1930934.648397074546665],[222970.68493062077323,1930945.526633468456566]]]]}},
{"type":"Feature","properties":{"full_id":"w356020058","osm_id":"356020058","osm_type":"way","building":"retail","shop":null,"man_made":null,"content":null,"tourism":null,"office":null,"addr:housenumber":"213","name":"Gvr building","building:levels":null,"addr:street":"Ayyappa society","addr:postcode":"500081","addr:city":"Hyderabad"},"geometry":{"type":"MultiPolygon","coordinates":[[[[222680.955259747570381,1931147.432361192069948],[222681.92342873418238,1931128.060805835062638],[222669.839999355317559,1931127.472963883774355],[222668.882469430856872,1931146.844376077642664],[222680.955259747570381,1931147.432361192069948]]]]}},
{"type":"Feature","properties":{"full_id":"w356020060","osm_id":"356020060","osm_type":"way","building":"yes","shop":null,"man_made":null,"content":null,"tourism":null,"office":null,"addr:housenumber":"220","name":null,"building:levels":"5","addr:street":"Jai Hind Gandhi Road","addr:postcode":null,"addr:city":null},"geometry":{"type":"MultiPolygon","coordinates":[[[[222695.249214429757558,1931102.11919398792088],[222715.668036989227403,1931102.050439174054191],[222715.631171962828375,1931090.023983303224668],[222695.212488693243358,1931090.103808953426778],[222695.249214429757558,1931102.11919398792088]]]]}},
{"type":"Feature","properties":{"full_id":"w356020064","osm_id":"356020064","osm_type":"way","building":"yes","shop":null,"man_made":null,"content":null,"tourism":null,"office":null,"addr:housenumber":null,"name":null,"building:levels":null,"addr:street":null,"addr:postcode":null,"addr:city":null},"geometry":{"type":"MultiPolygon","coordinates":[[[[222779.10393662576098,1930845.217368703801185],[222792.38435063516954,1930846.265147635480389],[222793.238714991661254,1930835.666212217416614],[222779.958294273586944,1930834.618431779788807],[222779.10393662576098,1930845.217368703801185]]]]}},
{"type":"Feature","properties":{"full_id":"w356020065","osm_id":"356020065","osm_type":"way","building":"yes","shop":null,"man_made":null,"content":null,"tourism":null,"office":null,"addr:housenumber":null,"name":null,"building:levels":null,"addr:street":null,"addr:postcode":null,"addr:city":null},"geometry":{"type":"MultiPolygon","coordinates":[[[[222969.819167609501164,1930929.613290020730346],[222985.40105171216419,1930930.286441605072469],[222985.790364938846324,1930921.432579759741202],[222970.208474153012503,1930920.759426941163838],[222969.819167609501164,1930929.613290020730346]]]]}},
{"type":"Feature","properties":{"full_id":"w356020066","osm_id":"356020066","osm_type":"way","building":"yes","shop":null,"man_made":null,"content":null,"tourism":null,"office":null,"addr:housenumber":null,"name":null,"building:levels":null,"addr:street":null,"addr:postcode":null,"addr:city":null},"geometry":{"type":"MultiPolygon","coordinates":[[[[222714.796145830594469,1931161.898148598149419],[222724.659443284966983,1931161.818670362001285],[222724.581852172850631,1931150.700884354300797],[222714.707770180539228,1931150.769434701651335],[222714.796145830594469,1931161.898148598149419]]]]}},
{"type":"Feature","properties":{"full_id":"w356020069","osm_id":"356020069","osm_type":"way","building":"school","shop":null,"man_made":null,"content":null,"tourism":null,"office":null,"addr:housenumber":null,"name":null,"building:levels":null,"addr:street":null,"addr:postcode":null,"addr:city":null},"geometry":{"type":"MultiPolygon","coordinates":[[[[222909.846595475508366,1931171.657936939736828],[222934.094504737411626,1931174.106366693042219],[222935.388384209247306,1931161.441575716249645],[222911.140460478956811,1931158.993142366874963],[222909.846595475508366,1931171.657936939736828]]]]}},
{"type":"Feature","properties":{"full_id":"w356020070","osm_id":"356020070","osm_type":"way","building":"yes","shop":null,"man_made":null,"content":null,"tourism":null,"office":null,"addr:housenumber":null,"name":null,"building:levels":null,"addr:street":null,"addr:postcode":null,"addr:city":null},"geometry":{"type":"MultiPolygon","coordinates":[[[[222909.229871031362563,1930858.855141151463613],[222924.480085113376845,1930859.366667444584891],[222924.902222147909924,1930846.69164052605629],[222909.652149917033967,1930846.19118506484665],[222909.229871031362563,1930858.855141151463613]]]]}},
{"type":"Feature","properties":{"full_id":"w356020073","osm_id":"356020073","osm_type":"way","building":"yes","shop":null,"man_made":null,"content":null,"tourism":null,"office":null,"addr:housenumber":null,"name":null,"building:levels":null,"addr:street":null,"addr:postcode":null,"addr:city":null},"geometry":{"type":"MultiPolygon","coordinates":[[[[222855.074048799520824,1931188.940637616207823],[222866.125054892560001,1931188.656728257192299],[222865.681458416336682,1931171.751971781020984],[222854.630594366812147,1931172.046952571021393],[222855.074048799520824,1931188.940637616207823]]]]}},
{"type":"Feature","properties":{"full_id":"w356020074","osm_id":"356020074","osm_type":"way","building":"yes","shop":null,"man_made":null,"content":null,"tourism":null,"office":null,"addr:housenumber":null,"name":null,"building:levels":null,"addr:street":null,"addr:postcode":null,"addr:city":null},"geometry":{"type":"MultiPolygon","coordinates":[[[[222640.808371386723593,1930941.562742912676185],[222669.43088670790894,1930956.066643357742578],[222677.455223520519212,1930940.430409381166101],[222642.720730318920687,1930922.831673071952537],[222639.003740245243534,1930930.080959064187482],[222645.11570415715687,1930933.175780232995749],[222640.808371386723593,1930941.562742912676185]]]]}},
{"type":"Feature","properties":{"full_id":"w356020076","osm_id":"356020076","osm_type":"way","building":"yes","shop":null,"man_made":null,"content":null,"tourism":null,"office":null,"addr:housenumber":null,"name":"XENO SUMMIT","building:levels":"8","addr:street":null,"addr:postcode":null,"addr:city":null},"geometry":{"type":"MultiPolygon","coordinates":[[[[222721.012810971646104,1930833.641098179155961],[222755.34201625053538,1930850.359555477509275],[222765.664459125837311,1930829.420482743997127],[222731.335232505225576,1930812.702004574472085],[222721.012810971646104,1930833.641098179155961]]]]}},
{"type":"Feature","properties":{"full_id":"w356020078","osm_id":"356020078","osm_type":"way","building":"yes","shop":null,"man_made":null,"content":null,"tourism":null,"office":null,"addr:housenumber":null,"name":null,"building:levels":null,"addr:street":null,"addr:postcode":null,"addr:city":null},"geometry":{"type":"MultiPolygon","coordinates":[[[[222872.294874204904772,1931005.399598737480119],[222891.481054586998653,1931006.134169119177386],[222891.995021273498423,1930993.181018113391474],[222872.80882882932201,1930992.44644555891864],[222872.294874204904772,1931005.399598737480119]]]]}},
{"type":"Feature","properties":{"full_id":"w356020084","osm_id":"356020084","osm_type":"way","building":"yes","shop":null,"man_made":null,"content":null,"tourism":null,"office":null,"addr:housenumber":null,"name":null,"building:levels":null,"addr:street":null,"addr:postcode":null,"addr:city":null},"geometry":{"type":"MultiPolygon","coordinates":[[[[222922.031176294782199,1931067.612358104204759],[222972.397721645131242,1931069.371817362494767],[222972.8277264846256,1931057.27256058412604],[222922.461151510360651,1931055.513096116250381],[222922.031176294782199,1931067.612358104204759]]]]}},
{"type":"Feature","properties":{"full_id":"w356020086","osm_id":"356020086","osm_type":"way","building":"yes","shop":null,"man_made":null,"content":null,"tourism":null,"office":null,"addr:housenumber":null,"name":null,"building:levels":null,"addr:street":null,"addr:postcode":null,"addr:city":null},"geometry":{"type":"MultiPolygon","coordinates":[[[[222967.082366193179041,1930915.24271114775911],[222975.760437156131957,1930915.545020197983831],[222976.130391209037043,1930905.27388291223906],[222967.441536835103761,1930904.96064579160884],[222967.082366193179041,1930915.24271114775911]]]]}},
{"type":"Feature","properties":{"full_id":"w356020088","osm_id":"356020088","osm_type":"way","building":"yes","shop":null,"man_made":null,"content":null,"tourism":null,"office":null,"addr:housenumber":null,"name":null,"building:levels":null,"addr:street":null,"addr:postcode":null,"addr:city":null},"geometry":{"type":"MultiPolygon","coordinates":[[[[222832.770401673798915,1930854.273886795155704],[222852.356052230868954,1930854.670747734140605],[222852.612183413235471,1930842.296993103809655],[222833.016044408548623,1930841.911347953602672],[222832.770401673798915,1930854.273886795155704]]]]}},
{"type":"Feature","properties":{"full_id":"w356020091","osm_id":"356020091","osm_type":"way","building":"yes","shop":null,"man_made":null,"content":null,"tourism":null,"office":null,"addr:housenumber":null,"name":null,"building:levels":null,"addr:street":null,"addr:postcode":null,"addr:city":null},"geometry":{"type":"MultiPolygon","coordinates":[[[[222865.21581142564537,1931230.242966898251325],[222874.392199094523676,1931230.460881092818454],[222874.608972727437504,1931221.432171319611371],[222865.432581014640164,1931221.214256461942568],[222865.21581142564537,1931230.242966898251325]]]]}},
{"type":"Feature","properties":{"full_id":"w356020094","osm_id":"356020094","osm_type":"way","building":"yes","shop":null,"man_made":null,"content":null,"tourism":null,"office":null,"addr:housenumber":null,"name":null,"building:levels":null,"addr:street":null,"addr:postcode":null,"addr:city":null},"geometry":{"type":"MultiPolygon","coordinates":[[[[222999.789748025534209,1931024.168016862124205],[223024.39897573669441,1931024.263845757115632],[223024.451405960775446,1931012.535210829460993],[222999.831687483296264,1931012.450597502291203],[222999.789748025534209,1931024.168016862124205]]]]}},
{"type":"Feature","properties":{"full_id":"w356020100","osm_id":"356020100","osm_type":"way","building":"yes","shop":null,"man_made":null,"content":null,"tourism":null,"office":null,"addr:housenumber":null,"name":null,"building:levels":null,"addr:street":null,"addr:postcode":null,"addr:city":null},"geometry":{"type":"MultiPolygon","coordinates":[[[[222919.237288829404861,1930989.929467933950946],[222919.21583236270817,1930979.021348496200517],[222909.744932725909166,1930979.039985446026549],[222909.755766467365902,1930989.948250769637525],[222919.237288829404861,1930989.929467933950946]]]]}},
{"type":"Feature","properties":{"full_id":"w356020106","osm_id":"356020106","osm_type":"way","building":"yes","shop":null,"man_made":null,"content":null,"tourism":null,"office":null,"addr:housenumber":null,"name":null,"building:levels":null,"addr:street":null,"addr:postcode":null,"addr:city":null},"geometry":{"type":"MultiPolygon","coordinates":[[[[222894.503710688848514,1930797.105386128183454],[222913.496360102493782,1930797.665458300849423],[222913.890133646083996,1930784.470315674785525],[222894.89747202442959,1930783.910241429926828],[222894.503710688848514,1930797.105386128183454]]]]}},
{"type":"Feature","properties":{"full_id":"w356020107","osm_id":"356020107","osm_type":"way","building":"yes","shop":null,"man_made":null,"content":null,"tourism":null,"office":null,"addr:housenumber":null,"name":null,"building:levels":null,"addr:street":null,"addr:postcode":null,"addr:city":null},"geometry":{"type":"MultiPolygon","coordinates":[[[[222743.735441145021468,1930906.444643122144043],[222755.373931592446752,1930911.800683750305325],[222761.033194059040397,1930899.663154606008902],[222749.394699180149473,1930894.307110034395009],[222743.735441145021468,1930906.444643122144043]]]]}},
{"type":"Feature","properties":{"full_id":"w356020109","osm_id":"356020109","osm_type":"way","building":"yes","shop":null,"man_made":null,"content":null,"tourism":null,"office":null,"addr:housenumber":null,"name":null,"building:levels":null,"addr:street":null,"addr:postcode":null,"addr:city":null},"geometry":{"type":"MultiPolygon","coordinates":[[[[222895.168034481350332,1931005.242132089333609],[222916.23627939511789,1931005.242242699256167],[222916.24254708312219,1930992.473222927656025],[222895.17413765413221,1930992.46203800663352],[222895.168034481350332,1931005.242132089333609]]]]}},
{"type":"Feature","properties":{"full_id":"w356020110","osm_id":"356020110","osm_type":"way","building":"yes","shop":null,"man_made":null,"content":null,"tourism":null,"office":null,"addr:housenumber":null,"name":null,"building:levels":null,"addr:street":null,"addr:postcode":null,"addr:city":null},"geometry":{"type":"MultiPolygon","coordinates":[[[[222996.205694195756223,1931055.945478555746377],[223021.708740319416393,1931057.668120325310156],[223022.62104359670775,1931044.299787300871685],[222997.128608911822084,1931042.576996938325465],[222996.205694195756223,1931055.945478555746377]]]]}},
{"type":"Feature","properties":{"full_id":"w356020114","osm_id":"356020114","osm_type":"way","building":"yes","shop":null,"man_made":null,"content":null,"tourism":null,"office":null,"addr:housenumber":null,"name":null,"building:levels":null,"addr:street":null,"addr:postcode":null,"addr:city":null},"geometry":{"type":"MultiPolygon","coordinates":[[[[223169.567916893109214,1930870.705136154545471],[223180.861954357591458,1930871.082578517962247],[223181.447898729878943,1930854.041989779565483],[223170.153851904673502,1930853.664545782841742],[223169.567916893109214,1930870.705136154545471]]]]}},
{"type":"Feature","properties":{"full_id":"w356020119","osm_id":"356020119","osm_type":"way","building":"yes","shop":null,"man_made":null,"content":null,"tourism":null,"office":null,"addr:housenumber":null,"name":null,"building:levels":null,"addr:street":null,"addr:postcode":null,"addr:city":null},"geometry":{"type":"MultiPolygon","coordinates":[[[[222769.8840981683461,1930926.608363450970501],[222791.165420423145406,1930927.413886196445674],[222791.67721537820762,1930914.305710342945531],[222770.395728247181978,1930913.489112690556794],[222769.8840981683461,1930926.608363450970501]]]]}},
{"type":"Feature","properties":{"full_id":"w356020123","osm_id":"356020123","osm_type":"way","building":"yes","shop":null,"man_made":null,"content":null,"tourism":null,"office":null,"addr:housenumber":null,"name":null,"building:levels":null,"addr:street":null,"addr:postcode":null,"addr:city":null},"geometry":{"type":"MultiPolygon","coordinates":[[[[222961.457408110902179,1930928.343180314870551],[222968.465844212623779,1930928.590768243419006],[222968.751703134621494,1930920.723950724117458],[222961.743264352262486,1930920.476362321060151],[222961.457408110902179,1930928.343180314870551]]]]}},
{"type":"Feature","properties":{"full_id":"w356020125","osm_id":"356020125","osm_type":"way","building":"yes","shop":null,"man_made":null,"content":null,"tourism":null,"office":null,"addr:housenumber":null,"name":null,"building:levels":null,"addr:street":null,"addr:postcode":null,"addr:city":null},"geometry":{"type":"MultiPolygon","coordinates":[[[[222908.182778160786256,1930872.468967835186049],[222926.00613775261445,1930873.033939554356039],[222926.372784483188298,1930861.743986634537578],[222908.549415098852478,1930861.179013224784285],[222908.182778160786256,1930872.468967835186049]]]]}},
{"type":"Feature","properties":{"full_id":"w356020130","osm_id":"356020130","osm_type":"way","building":"yes","shop":null,"man_made":null,"content":null,"tourism":null,"office":null,"addr:housenumber":null,"name":null,"building:levels":null,"addr:street":null,"addr:postcode":null,"addr:city":null},"geometry":{"type":"MultiPolygon","coordinates":[[[[223045.381155976501759,1930865.37912999978289],[223070.50614689354552,1930865.86668444913812],[223070.756664951972198,1930853.072197679430246],[223045.631809495040216,1930852.595713184215128],[223045.381155976501759,1930865.37912999978289]]]]}},
{"type":"Feature","properties":{"full_id":"w356020132","osm_id":"356020132","osm_type":"way","building":"yes","shop":null,"man_made":null,"content":null,"tourism":null,"office":null,"addr:housenumber":null,"name":null,"building:levels":null,"addr:street":null,"addr:postcode":null,"addr:city":null},"geometry":{"type":"MultiPolygon","coordinates":[[[[223088.242551996721886,1930795.43427157192491],[223106.065193961549085,1930795.94404770899564],[223106.327339159033727,1930787.114082669606432],[223088.504689527384471,1930786.604305231943727],[223088.242551996721886,1930795.43427157192491]]]]}},
{"type":"Feature","properties":{"full_id":"w356020135","osm_id":"356020135","osm_type":"way","building":"yes","shop":null,"man_made":null,"content":null,"tourism":null,"office":null,"addr:housenumber":null,"name":null,"building:levels":null,"addr:street":null,"addr:postcode":null,"addr:city":null},"geometry":{"type":"MultiPolygon","coordinates":[[[[222968.587656609830447,1930902.486447611125186],[222989.662196217337623,1930902.940619993722066],[222989.729310402646661,1930900.07140178908594],[222992.504541508271359,1930900.133172102272511],[222992.643652738828678,1930893.973837290657684],[222989.836537223600317,1930893.912502265768126],[222989.915834633691702,1930890.37864629807882],[222968.862537813431118,1930889.92418154515326],[222968.587656609830447,1930902.486447611125186]]]]}},
{"type":"Feature","properties":{"full_id":"w356020139","osm_id":"356020139","osm_type":"way","building":"yes","shop":null,"man_made":null,"content":null,"tourism":null,"office":null,"addr:housenumber":null,"name":null,"building:levels":null,"addr:street":null,"addr:postcode":null,"addr:city":null},"geometry":{"type":"MultiPolygon","coordinates":[[[[223109.931305428734049,1930786.367194054182619],[223127.506034090532921,1930786.625660348916426],[223127.664928549143951,1930775.681874803965911],[223110.090190467424691,1930775.423407061723992],[223109.931305428734049,1930786.367194054182619]]]]}},
{"type":"Feature","properties":{"full_id":"w356020142","osm_id":"356020142","osm_type":"way","building":"yes","shop":null,"man_made":null,"content":null,"tourism":null,"office":null,"addr:housenumber":null,"name":null,"building:levels":null,"addr:street":null,"addr:postcode":null,"addr:city":null},"geometry":{"type":"MultiPolygon","coordinates":[[[[222942.38837921252707,1930873.153480568900704],[222964.171543050499167,1930873.343238196335733],[222964.244393483153544,1930865.44610655377619],[222942.450593326357193,1930865.256492835935205],[222942.38837921252707,1930873.153480568900704]]]]}},
{"type":"Feature","properties":{"full_id":"w356020147","osm_id":"356020147","osm_type":"way","building":"yes","shop":null,"man_made":null,"content":null,"tourism":null,"office":null,"addr:housenumber":null,"name":null,"building:levels":null,"addr:street":null,"addr:postcode":null,"addr:city":null},"geometry":{"type":"MultiPolygon","coordinates":[[[[223052.019275960978121,1930786.338259324431419],[223062.082953372038901,1930786.909633399685845],[223062.737545564770699,1930775.682211688486859],[223052.673711544368416,1930775.099764071870595],[223052.019275960978121,1930786.338259324431419]]]]}},
{"type":"Feature","properties":{"full_id":"w356020148","osm_id":"356020148","osm_type":"way","building":"yes","shop":null,"man_made":null,"content":null,"tourism":null,"office":null,"addr:housenumber":null,"name":null,"building:levels":null,"addr:street":null,"addr:postcode":null,"addr:city":null},"geometry":{"type":"MultiPolygon","coordinates":[[[[223098.944219840341248,1930869.996855495963246],[223116.13476348889526,1930870.149800416082144],[223116.240703483810648,1930858.442594289314002],[223099.050149957707617,1930858.289647905388847],[223098.944219840341248,1930869.996855495963246]]]]}},
{"type":"Feature","properties":{"full_id":"w356020155","osm_id":"356020155","osm_type":"way","building":"yes","shop":null,"man_made":null,"content":null,"tourism":null,"office":null,"addr:housenumber":null,"name":null,"building:levels":null,"addr:street":null,"addr:postcode":null,"addr:city":null},"geometry":{"type":"MultiPolygon","coordinates":[[[[223097.783818689989857,1930882.327556387055665],[223114.798562929558102,1930882.062066981103271],[223114.634476693405304,1930871.598891988163814],[223097.619723652373068,1930871.864380312850699],[223097.783818689989857,1930882.327556387055665]]]]}},
{"type":"Feature","properties":{"full_id":"w356020158","osm_id":"356020158","osm_type":"way","building":"yes","shop":null,"man_made":null,"content":null,"tourism":null,"office":null,"addr:housenumber":null,"name":null,"building:levels":null,"addr:street":null,"addr:postcode":null,"addr:city":null},"geometry":{"type":"MultiPolygon","coordinates":[[[[222859.752565693517681,1930809.407740728696808],[222881.731349900655914,1930809.904834888875484],[222882.019690306624398,1930797.552793046925217],[222860.030264924454968,1930797.055841925786808],[222859.752565693517681,1930809.407740728696808]]]]}},
{"type":"Feature","properties":{"full_id":"w356020163","osm_id":"356020163","osm_type":"way","building":"yes","shop":null,"man_made":null,"content":null,"tourism":null,"office":null,"addr:housenumber":null,"name":null,"building:levels":null,"addr:street":null,"addr:postcode":null,"addr:city":null},"geometry":{"type":"MultiPolygon","coordinates":[[[[223020.206956452340819,1930833.263447491452098],[223043.4620890878723,1930833.820805258117616],[223043.747455690288916,1930822.02254687785171],[223020.49230965966126,1930821.465186915826052],[223020.206956452340819,1930833.263447491452098]]]]}},
{"type":"Feature","properties":{"full_id":"w356020169","osm_id":"356020169","osm_type":"way","building":"yes","shop":null,"man_made":null,"content":null,"tourism":null,"office":null,"addr:housenumber":null,"name":null,"building:levels":null,"addr:street":null,"addr:postcode":null,"addr:city":null},"geometry":{"type":"MultiPolygon","coordinates":[[[[223106.549951348162722,1930813.545906226150692],[223121.381905550835654,1930813.786431061802432],[223121.559631725132931,1930802.665195404551923],[223106.727669447835069,1930802.424669314408675],[223106.549951348162722,1930813.545906226150692]]]]}},
{"type":"Feature","properties":{"full_id":"w356020170","osm_id":"356020170","osm_type":"way","building":"yes","shop":null,"man_made":null,"content":null,"tourism":null,"office":null,"addr:housenumber":null,"name":null,"building:levels":null,"addr:street":null,"addr:postcode":null,"addr:city":null},"geometry":{"type":"MultiPolygon","coordinates":[[[[223023.492773886828218,1930796.761261145118624],[223030.719750457443297,1930796.66258317953907],[223030.620726039691363,1930789.410125235794112],[223023.393746878544334,1930789.508802877739072],[223023.492773886828218,1930796.761261145118624]]]]}},
{"type":"Feature","properties":{"full_id":"w356020171","osm_id":"356020171","osm_type":"way","building":"yes","shop":null,"man_made":null,"content":null,"tourism":null,"office":null,"addr:housenumber":null,"name":null,"building:levels":null,"addr:street":null,"addr:postcode":null,"addr:city":null},"geometry":{"type":"MultiPolygon","coordinates":[[[[223100.420833829906769,1930855.912065211450681],[223117.422505776921753,1930856.24478351441212],[223117.645807962457184,1930844.569199223304167],[223100.654754186805803,1930844.236334300832823],[223100.420833829906769,1930855.912065211450681]]]]}},
{"type":"Feature","properties":{"full_id":"w356020172","osm_id":"356020172","osm_type":"way","building":"yes","shop":null,"man_made":null,"content":null,"tourism":null,"office":null,"addr:housenumber":null,"name":null,"building:levels":null,"addr:street":null,"addr:postcode":null,"addr:city":null},"geometry":{"type":"MultiPolygon","coordinates":[[[[222837.173397745587863,1930822.540552112273872],[222857.410518807533663,1930823.936303677037358],[222859.314563739637379,1930796.799831292359158],[222839.077265096188057,1930795.393001657910645],[222837.173397745587863,1930822.540552112273872]]]]}},
{"type":"Feature","properties":{"full_id":"w356020176","osm_id":"356020176","osm_type":"way","building":"yes","shop":null,"man_made":null,"content":null,"tourism":null,"office":null,"addr:housenumber":null,"name":null,"building:levels":null,"addr:street":null,"addr:postcode":null,"addr:city":null},"geometry":{"type":"MultiPolygon","coordinates":[[[[222829.087093843962066,1931123.800950833363459],[222846.034232243138831,1931124.045557943638414],[222846.242745460069273,1931109.745479876874015],[222829.306222945800982,1931109.500725697726011],[222829.087093843962066,1931123.800950833363459]]]]}},
{"type":"Feature","properties":{"full_id":"w356020186","osm_id":"356020186","osm_type":"way","building":"yes","shop":null,"man_made":null,"content":null,"tourism":null,"office":null,"addr:housenumber":null,"name":null,"building:levels":null,"addr:street":null,"addr:postcode":null,"addr:city":null},"geometry":{"type":"MultiPolygon","coordinates":[[[[222708.671838505077176,1931208.428546349983662],[222729.704929471306968,1931209.757858186261728],[222730.519370540627278,1931197.022066871635616],[222709.486266708699986,1931195.692752382019535],[222708.671838505077176,1931208.428546349983662]]]]}},
{"type":"Feature","properties":{"full_id":"w356020199","osm_id":"356020199","osm_type":"way","building":"yes","shop":null,"man_made":null,"content":null,"tourism":null,"office":null,"addr:housenumber":null,"name":null,"building:levels":null,"addr:street":null,"addr:postcode":null,"addr:city":null},"geometry":{"type":"MultiPolygon","coordinates":[[[[223050.591661691782065,1930804.010531173087656],[223064.671618636348285,1930804.449549663346261],[223065.094954150205012,1930791.076828985242173],[223051.004511302395258,1930790.649026477010921],[223050.591661691782065,1930804.010531173087656]]]]}},
{"type":"Feature","properties":{"full_id":"w356020200","osm_id":"356020200","osm_type":"way","building":"yes","shop":null,"man_made":null,"content":null,"tourism":null,"office":null,"addr:housenumber":null,"name":null,"building:levels":null,"addr:street":null,"addr:postcode":null,"addr:city":null},"geometry":{"type":"MultiPolygon","coordinates":[[[[222769.216847167350352,1930908.898215696681291],[222789.772164069407154,1930909.470022724708542],[222790.153096964873839,1930896.119995548389852],[222769.597766688559204,1930895.548186266096309],[222769.216847167350352,1930908.898215696681291]]]]}},
{"type":"Feature","properties":{"full_id":"w356020205","osm_id":"356020205","osm_type":"way","building":"yes","shop":null,"man_made":null,"content":null,"tourism":null,"office":null,"addr:housenumber":null,"name":null,"building:levels":null,"addr:street":null,"addr:postcode":null,"addr:city":null},"geometry":{"type":"MultiPolygon","coordinates":[[[[222914.715696018247399,1930829.344104483025149],[222934.495834976085462,1930829.970956269884482],[222934.923921464243904,1930816.952539370628074],[222915.133142070670146,1930816.325830591376871],[222914.715696018247399,1930829.344104483025149]]]]}},
{"type":"Feature","properties":{"full_id":"w356020211","osm_id":"356020211","osm_type":"way","building":"yes","shop":null,"man_made":null,"content":null,"tourism":null,"office":null,"addr:housenumber":null,"name":null,"building:levels":null,"addr:street":null,"addr:postcode":null,"addr:city":null},"geometry":{"type":"MultiPolygon","coordinates":[[[[222860.166889638523571,1930824.950725162401795],[222880.508354999066796,1930825.42588732810691],[222880.808530905458611,1930813.162279692478478],[222860.456425457494333,1930812.687260729260743],[222860.166889638523571,1930824.950725162401795]]]]}},
{"type":"Feature","properties":{"full_id":"w356020223","osm_id":"356020223","osm_type":"way","building":"yes","shop":null,"man_made":null,"content":null,"tourism":null,"office":null,"addr:housenumber":null,"name":null,"building:levels":null,"addr:street":null,"addr:postcode":null,"addr:city":null},"geometry":{"type":"MultiPolygon","coordinates":[[[[222980.043400380411185,1930801.064543515676633],[223002.704668731079437,1930800.943350245710462],[223002.643767216533888,1930787.920544650871307],[222979.982333107385784,1930788.03066351194866],[222980.043400380411185,1930801.064543515676633]]]]}},
{"type":"Feature","properties":{"full_id":"w356020226","osm_id":"356020226","osm_type":"way","building":"yes","shop":null,"man_made":null,"content":null,"tourism":null,"office":null,"addr:housenumber":null,"name":null,"building:levels":null,"addr:street":null,"addr:postcode":null,"addr:city":null},"geometry":{"type":"MultiPolygon","coordinates":[[[[222885.816419576003682,1930857.602407928090543],[222907.3261587395682,1930858.006258807843551],[222907.575667742756195,1930845.14532107510604],[222886.065915052662604,1930844.741468044230714],[222885.816419576003682,1930857.602407928090543]]]]}},
{"type":"Feature","properties":{"full_id":"w356020228","osm_id":"356020228","osm_type":"way","building":"yes","shop":null,"man_made":null,"content":null,"tourism":null,"office":null,"addr:housenumber":null,"name":null,"building:levels":null,"addr:street":null,"addr:postcode":null,"addr:city":null},"geometry":{"type":"MultiPolygon","coordinates":[[[[222749.174247823655605,1931133.243431289214641],[222769.191295459109824,1931133.335261455504224],[222769.241869704972487,1931122.260025553172454],[222749.224811174033675,1931122.168193820863962],[222749.174247823655605,1931133.243431289214641]]]]}},
{"type":"Feature","properties":{"full_id":"w356020237","osm_id":"356020237","osm_type":"way","building":"yes","shop":null,"man_made":null,"content":null,"tourism":null,"office":null,"addr:housenumber":null,"name":null,"building:levels":null,"addr:street":null,"addr:postcode":null,"addr:city":null},"geometry":{"type":"MultiPolygon","coordinates":[[[[222944.261353808396962,1931130.887551628053188],[222968.084161666571163,1931131.005110345082358],[222968.162504417530727,1931116.507483077468351],[222944.339528331067413,1931116.378849445609376],[222944.261353808396962,1931130.887551628053188]]]]}},
{"type":"Feature","properties":{"full_id":"w356020239","osm_id":"356020239","osm_type":"way","building":"yes","shop":null,"man_made":null,"content":null,"tourism":null,"office":null,"addr:housenumber":null,"name":null,"building:levels":null,"addr:street":null,"addr:postcode":null,"addr:city":null},"geometry":{"type":"MultiPolygon","coordinates":[[[[222948.991305451199878,1930800.126462436281145],[222970.114968320413027,1930801.056164412526414],[222970.669061165885068,1930788.700502811698243],[222949.545385657344013,1930787.770798489218578],[222948.991305451199878,1930800.126462436281145]]]]}},
{"type":"Feature","properties":{"full_id":"w356020243","osm_id":"356020243","osm_type":"way","building":"yes","shop":null,"man_made":null,"content":null,"tourism":null,"office":null,"addr:housenumber":null,"name":null,"building:levels":null,"addr:street":null,"addr:postcode":null,"addr:city":null},"geometry":{"type":"MultiPolygon","coordinates":[[[[222972.077132196107414,1930859.89046448469162],[222991.182490756735206,1930860.925265099387616],[222991.760025906609371,1930850.285835959715769],[222972.654657542530913,1930849.251033425098285],[222972.077132196107414,1930859.89046448469162]]]]}},
{"type":"Feature","properties":{"full_id":"w356020248","osm_id":"356020248","osm_type":"way","building":"yes","shop":null,"man_made":null,"content":null,"tourism":null,"office":null,"addr:housenumber":null,"name":null,"building:levels":null,"addr:street":null,"addr:postcode":null,"addr:city":null},"geometry":{"type":"MultiPolygon","coordinates":[[[[223101.165034807811026,1930841.903720644302666],[223117.904545780387707,1930841.719517759047449],[223117.777583078539465,1930830.081938325194642],[223101.038062485458795,1930830.266139982966706],[223101.165034807811026,1930841.903720644302666]]]]}},
{"type":"Feature","properties":{"full_id":"w356020253","osm_id":"356020253","osm_type":"way","building":"yes","shop":null,"man_made":null,"content":null,"tourism":null,"office":null,"addr:housenumber":null,"name":null,"building:levels":null,"addr:street":null,"addr:postcode":null,"addr:city":null},"geometry":{"type":"MultiPolygon","coordinates":[[[[222824.930934949486982,1930941.792331300210208],[222845.27278101479169,1930941.525441449834034],[222845.099887493124697,1930928.094391580903903],[222824.758027924923226,1930928.361279733479023],[222824.930934949486982,1930941.792331300210208]]]]}},
{"type":"Feature","properties":{"full_id":"w356020255","osm_id":"356020255","osm_type":"way","building":"yes","shop":null,"man_made":null,"content":null,"tourism":null,"office":null,"addr:housenumber":null,"name":null,"building:levels":null,"addr:street":null,"addr:postcode":null,"addr:city":null},"geometry":{"type":"MultiPolygon","coordinates":[[[[223125.825694316066802,1930882.354525289032608],[223138.058203410590068,1930882.176481970585883],[223137.860475888242945,1930868.468936053803191],[223125.627958502853289,1930868.646978344069794],[223125.825694316066802,1930882.354525289032608]]]]}},
{"type":"Feature","properties":{"full_id":"w356020257","osm_id":"356020257","osm_type":"way","building":"yes","shop":null,"man_made":null,"content":null,"tourism":null,"office":null,"addr:housenumber":null,"name":null,"building:levels":null,"addr:street":null,"addr:postcode":null,"addr:city":null},"geometry":{"type":"MultiPolygon","coordinates":[[[[223051.084761872654781,1930835.455429161433131],[223065.977753267856315,1930835.495736634125933],[223066.009016650728881,1930822.99218060169369],[223051.126643990341108,1930822.951726730214432],[223051.084761872654781,1930835.455429161433131]]]]}},
{"type":"Feature","properties":{"full_id":"w356020259","osm_id":"356020259","osm_type":"way","building":"yes","shop":null,"man_made":null,"content":null,"tourism":null,"office":null,"addr:housenumber":null,"name":null,"building:levels":null,"addr:street":null,"addr:postcode":null,"addr:city":null},"geometry":{"type":"MultiPolygon","coordinates":[[[[222943.520397706422955,1930844.742931065615267],[222970.207583697047085,1930845.197954099159688],[222970.425855093402788,1930832.381748115411028],[222943.74928025790723,1930831.926577301463112],[222943.520397706422955,1930844.742931065615267]]]]}},
{"type":"Feature","properties":{"full_id":"w356020263","osm_id":"356020263","osm_type":"way","building":"yes","shop":null,"man_made":null,"content":null,"tourism":null,"office":null,"addr:housenumber":null,"name":null,"building:levels":null,"addr:street":null,"addr:postcode":null,"addr:city":null},"geometry":{"type":"MultiPolygon","coordinates":[[[[222991.130342447489966,1931100.722655994584784],[223016.014354384096805,1931102.265470185317099],[223016.810001458739862,1931089.696094276150689],[222991.925974493962713,1931088.153276999248192],[222991.130342447489966,1931100.722655994584784]]]]}},
{"type":"Feature","properties":{"full_id":"w356020264","osm_id":"356020264","osm_type":"way","building":"yes","shop":null,"man_made":null,"content":null,"tourism":null,"office":null,"addr:housenumber":null,"name":null,"building:levels":null,"addr:street":null,"addr:postcode":null,"addr:city":null},"geometry":{"type":"MultiPolygon","coordinates":[[[[222674.23376300628297,1931081.099105749279261],[222687.078180495882407,1931081.366462042089552],[222687.273931038973387,1931072.36017571343109],[222674.429356496082619,1931072.081746025709435],[222674.23376300628297,1931081.099105749279261]]]]}},
{"type":"Feature","properties":{"full_id":"w356020269","osm_id":"356020269","osm_type":"way","building":"yes","shop":null,"man_made":null,"content":null,"tourism":null,"office":null,"addr:housenumber":null,"name":null,"building:levels":null,"addr:street":null,"addr:postcode":null,"addr:city":null},"geometry":{"type":"MultiPolygon","coordinates":[[[[222821.725069130596239,1930959.223165262723342],[222843.169432693801355,1930959.517080172896385],[222843.370665602735244,1930945.460743678035215],[222821.926287270558532,1930945.166826498461887],[222821.725069130596239,1930959.223165262723342]]]]}},
{"type":"Feature","properties":{"full_id":"w356020272","osm_id":"356020272","osm_type":"way","building":"yes","shop":null,"man_made":null,"content":null,"tourism":null,"office":null,"addr:housenumber":null,"name":null,"building:levels":"5","addr:street":null,"addr:postcode":null,"addr:city":null},"geometry":{"type":"MultiPolygon","coordinates":[[[[222930.671952520264313,1930962.474548472790048],[222956.677857730479445,1930963.647606388898566],[222957.308818813238759,1930949.917649210896343],[222931.302896319888532,1930948.744588064728305],[222930.671952520264313,1930962.474548472790048]]]]}},
{"type":"Feature","properties":{"full_id":"w356020282","osm_id":"356020282","osm_type":"way","building":"yes","shop":null,"man_made":null,"content":null,"tourism":null,"office":null,"addr:housenumber":null,"name":null,"building:levels":null,"addr:street":null,"addr:postcode":null,"addr:city":null},"geometry":{"type":"MultiPolygon","coordinates":[[[[222928.443001687875949,1931009.405629834160209],[222946.213855730660725,1931010.026690812781453],[222946.620136035140604,1930998.525780616560951],[222928.849272057414055,1930997.904717893572524],[222928.443001687875949,1931009.405629834160209]]]]}},
{"type":"Feature","properties":{"full_id":"w356020288","osm_id":"356020288","osm_type":"way","building":"yes","shop":null,"man_made":null,"content":null,"tourism":null,"office":null,"addr:housenumber":null,"name":null,"building:levels":null,"addr:street":null,"addr:postcode":null,"addr:city":null},"geometry":{"type":"MultiPolygon","coordinates":[[[[222774.515875509066973,1931120.825765554094687],[222793.99073063681135,1931121.689176625339314],[222794.570051601796877,1931108.856938424985856],[222775.095184373960365,1931107.993525102268904],[222774.515875509066973,1931120.825765554094687]]]]}},
{"type":"Feature","properties":{"full_id":"w356020290","osm_id":"356020290","osm_type":"way","building":"yes","shop":null,"man_made":null,"content":null,"tourism":null,"office":null,"addr:housenumber":null,"name":null,"building:levels":null,"addr:street":null,"addr:postcode":null,"addr:city":null},"geometry":{"type":"MultiPolygon","coordinates":[[[[222789.769454826309811,1930955.938832528889179],[222811.099947560171131,1930956.455761301331222],[222811.450402500748169,1930942.430605525383726],[222790.119895167765208,1930941.913674345705658],[222789.769454826309811,1930955.938832528889179]]]]}},
{"type":"Feature","properties":{"full_id":"w356020292","osm_id":"356020292","osm_type":"way","building":"yes","shop":null,"man_made":null,"content":null,"tourism":null,"office":null,"addr:housenumber":null,"name":null,"building:levels":null,"addr:street":null,"addr:postcode":null,"addr:city":null},"geometry":{"type":"MultiPolygon","coordinates":[[[[222859.418456395331305,1930851.085776030551642],[222873.244999927585013,1930851.649939958006144],[222873.318413790082559,1930850.02098064403981],[222880.646626764617395,1930850.330620974069461],[222881.157996384019498,1930837.964456953573972],[222860.013702720461879,1930837.079432510770857],[222859.418456395331305,1930851.085776030551642]]]]}},
{"type":"Feature","properties":{"full_id":"w356020304","osm_id":"356020304","osm_type":"way","building":"yes","shop":null,"man_made":null,"content":null,"tourism":null,"office":null,"addr:housenumber":null,"name":null,"building:levels":null,"addr:street":null,"addr:postcode":null,"addr:city":null},"geometry":{"type":"MultiPolygon","coordinates":[[[[223087.00222539564129,1930823.713364704046398],[223099.053749171784148,1930824.290840917499736],[223099.48502830445068,1930815.392119137570262],[223087.433650496532209,1930814.825714392587543],[223087.00222539564129,1930823.713364704046398]]]]}},
{"type":"Feature","properties":{"full_id":"w356020306","osm_id":"356020306","osm_type":"way","building":"yes","shop":null,"man_made":null,"content":null,"tourism":null,"office":null,"addr:housenumber":null,"name":null,"building:levels":null,"addr:street":null,"addr:postcode":null,"addr:city":null},"geometry":{"type":"MultiPolygon","coordinates":[[[[222880.123169487458654,1931229.020400790963322],[222892.846784223278519,1931229.012659654952586],[222892.833045554521959,1931217.89401386724785],[222880.120202850026544,1931217.912681291811168],[222880.123169487458654,1931229.020400790963322]]]]}},
{"type":"Feature","properties":{"full_id":"w356020308","osm_id":"356020308","osm_type":"way","building":"yes","shop":null,"man_made":null,"content":null,"tourism":null,"office":null,"addr:housenumber":null,"name":null,"building:levels":null,"addr:street":null,"addr:postcode":null,"addr:city":null},"geometry":{"type":"MultiPolygon","coordinates":[[[[222927.950463023560587,1930992.02534615714103],[222954.027247505087871,1930992.942712592659518],[222954.48584789247252,1930979.824207813479006],[222928.419825853605289,1930978.917765747755766],[222927.950463023560587,1930992.02534615714103]]]]}},
{"type":"Feature","properties":{"full_id":"w356020336","osm_id":"356020336","osm_type":"way","building":"yes","shop":null,"man_made":null,"content":null,"tourism":null,"office":null,"addr:housenumber":null,"name":null,"building:levels":null,"addr:street":null,"addr:postcode":null,"addr:city":null},"geometry":{"type":"MultiPolygon","coordinates":[[[[223131.143900349852629,1930838.205377232516184],[223143.877457091177348,1930838.131247638259083],[223143.780826089379843,1930822.484283724799752],[223131.04741065466078,1930822.569484466919675],[223131.143900349852629,1930838.205377232516184]]]]}},
{"type":"Feature","properties":{"full_id":"w356020338","osm_id":"356020338","osm_type":"way","building":"yes","shop":null,"man_made":null,"content":null,"tourism":null,"office":null,"addr:housenumber":null,"name":null,"building:levels":null,"addr:street":null,"addr:postcode":null,"addr:city":null},"geometry":{"type":"MultiPolygon","coordinates":[[[[222885.266372265294194,1931158.892608963418752],[222885.415793025924359,1931142.599926061695442],[222873.966241460992023,1931142.501658130437136],[222873.806050829123706,1931158.78341514384374],[222885.266372265294194,1931158.892608963418752]]]]}},
{"type":"Feature","properties":{"full_id":"w356020344","osm_id":"356020344","osm_type":"way","building":"yes","shop":null,"man_made":null,"content":null,"tourism":null,"office":null,"addr:housenumber":null,"name":null,"building:levels":null,"addr:street":null,"addr:postcode":null,"addr:city":null},"geometry":{"type":"MultiPolygon","coordinates":[[[[223168.370958644431084,1930886.591242711059749],[223186.574901960615534,1930887.007276907330379],[223186.261507543269545,1930880.40007299487479],[223184.14858021796681,1930877.460940070450306],[223183.346404609736055,1930871.646696515148506],[223168.073721377528273,1930871.821904823649675],[223168.370958644431084,1930886.591242711059749]]]]}},
{"type":"Feature","properties":{"full_id":"w356020352","osm_id":"356020352","osm_type":"way","building":"yes","shop":null,"man_made":null,"content":null,"tourism":null,"office":null,"addr:housenumber":null,"name":null,"building:levels":null,"addr:street":null,"addr:postcode":null,"addr:city":null},"geometry":{"type":"MultiPolygon","coordinates":[[[[223050.366369886964094,1930788.287792233051732],[223050.707139554666355,1930774.318173412932083],[223045.592541584919672,1930774.199735759757459],[223023.613296444935258,1930773.669242118252441],[223023.386546891124453,1930782.753444211324677],[223032.988542174512986,1930782.987798112910241],[223032.863910334999673,1930787.873362608952448],[223050.366369886964094,1930788.287792233051732]]]]}},
{"type":"Feature","properties":{"full_id":"w356020365","osm_id":"356020365","osm_type":"way","building":"yes","shop":null,"man_made":null,"content":null,"tourism":null,"office":null,"addr:housenumber":null,"name":null,"building:levels":null,"addr:street":null,"addr:postcode":null,"addr:city":null},"geometry":{"type":"MultiPolygon","coordinates":[[[[222722.19933242368279,1931003.641311847837642],[222723.01778537168866,1930982.643856620648876],[222709.500274592486676,1930982.130955557106063],[222709.17912361107301,1930990.518778902245685],[222716.198485336906742,1930990.788276895182207],[222716.113669825426769,1930993.137240466661751],[222707.137426332046743,1930992.794824803713709],[222706.735430277069099,1931003.044277847744524],[222722.19933242368279,1931003.641311847837642]]]]}},
{"type":"Feature","properties":{"full_id":"w356020369","osm_id":"356020369","osm_type":"way","building":"yes","shop":null,"man_made":null,"content":null,"tourism":null,"office":null,"addr:housenumber":null,"name":null,"building:levels":null,"addr:street":null,"addr:postcode":null,"addr:city":null},"geometry":{"type":"MultiPolygon","coordinates":[[[[222718.316199331253301,1931101.371910525485873],[222734.838531983084977,1931102.419603263493627],[222735.635974533506669,1931089.994134377222508],[222724.645827626693062,1931089.291639879113063],[222724.541151842218824,1931090.965327655198053],[222720.71106582286302,1931090.718677191529423],[222720.447182341886219,1931094.742345869773999],[222718.744922153942753,1931094.632723737275228],[222718.316199331253301,1931101.371910525485873]]]]}},
{"type":"Feature","properties":{"full_id":"w356020372","osm_id":"356020372","osm_type":"way","building":"yes","shop":null,"man_made":null,"content":null,"tourism":null,"office":null,"addr:housenumber":null,"name":null,"building:levels":null,"addr:street":null,"addr:postcode":null,"addr:city":null},"geometry":{"type":"MultiPolygon","coordinates":[[[[222886.366739466961008,1930870.651762833120301],[222894.29740535793826,1930870.709536766400561],[222894.281364937894978,1930872.647798879770562],[222898.629527749319095,1930872.688068891409785],[222898.631422092788853,1930871.270503049483523],[222906.604749739926774,1930871.338773465016857],[222906.673836539266631,1930862.389609263511375],[222886.432299073960166,1930862.223148393677548],[222886.366739466961008,1930870.651762833120301]]]]}},
{"type":"Feature","properties":{"full_id":"w356182566","osm_id":"356182566","osm_type":"way","building":"yes","shop":null,"man_made":null,"content":null,"tourism":null,"office":null,"addr:housenumber":null,"name":null,"building:levels":null,"addr:street":null,"addr:postcode":null,"addr:city":null},"geometry":{"type":"MultiPolygon","coordinates":[[[[222743.799540068488568,1931281.261787296039984],[222753.799694723449647,1931281.867065223166719],[222754.696954339859076,1931267.413588752038777],[222744.686013676982839,1931266.797382223419845],[222743.799540068488568,1931281.261787296039984]]]]}},
{"type":"Feature","properties":{"full_id":"w356182567","osm_id":"356182567","osm_type":"way","building":"yes","shop":null,"man_made":null,"content":null,"tourism":null,"office":null,"addr:housenumber":null,"name":null,"building:levels":null,"addr:street":null,"addr:postcode":null,"addr:city":null},"geometry":{"type":"MultiPolygon","coordinates":[[[[222877.835315254225861,1931108.261699323076755],[222877.971996586071327,1931101.149980085203424],[222865.181205217493698,1931100.914996430044994],[222865.044528336264193,1931108.026716375024989],[222877.835315254225861,1931108.261699323076755]]]]}},
{"type":"Feature","properties":{"full_id":"w356182573","osm_id":"356182573","osm_type":"way","building":"yes","shop":null,"man_made":null,"content":null,"tourism":null,"office":null,"addr:housenumber":"912","name":"Laxmi Nilayam","building:levels":null,"addr:street":null,"addr:postcode":null,"addr:city":null},"geometry":{"type":"MultiPolygon","coordinates":[[[[223001.863061356474645,1931252.241700037382543],[223026.57684410555521,1931253.786824074108154],[223027.275835379841737,1931242.702753091230989],[223002.562039467564318,1931241.157626354834065],[223001.863061356474645,1931252.241700037382543]]]]}},
{"type":"Feature","properties":{"full_id":"w356182577","osm_id":"356182577","osm_type":"way","building":"yes","shop":null,"man_made":null,"content":null,"tourism":null,"office":null,"addr:housenumber":null,"name":null,"building:levels":null,"addr:street":null,"addr:postcode":null,"addr:city":null},"geometry":{"type":"MultiPolygon","coordinates":[[[[223158.965112405247055,1930983.278267242014408],[223177.14227504649898,1930983.295963068492711],[223177.165079269558191,1930970.947574317688122],[223158.977277779194992,1930970.930021995445713],[223158.965112405247055,1930983.278267242014408]]]]}},
{"type":"Feature","properties":{"full_id":"w356182578","osm_id":"356182578","osm_type":"way","building":"yes","shop":null,"man_made":null,"content":null,"tourism":null,"office":null,"addr:housenumber":null,"name":null,"building:levels":null,"addr:street":null,"addr:postcode":null,"addr:city":null},"geometry":{"type":"MultiPolygon","coordinates":[[[[223101.90976415813202,1931103.57327388599515],[223118.477712898340542,1931104.853216861374676],[223119.337397936440539,1931093.855561486678198],[223102.780068249383476,1931092.57547148829326],[223101.90976415813202,1931103.57327388599515]]]]}},
{"type":"Feature","properties":{"full_id":"w356182580","osm_id":"356182580","osm_type":"way","building":"yes","shop":null,"man_made":null,"content":null,"tourism":null,"office":null,"addr:housenumber":null,"name":null,"building:levels":null,"addr:street":null,"addr:postcode":null,"addr:city":null},"geometry":{"type":"MultiPolygon","coordinates":[[[[223153.83227200678084,1931202.978052436606959],[223135.853449749876745,1931202.680836809333414],[223135.661000276857521,1931214.27848131256178],[223153.639661174325738,1931214.564622899750248],[223153.83227200678084,1931202.978052436606959]]]]}},
{"type":"Feature","properties":{"full_id":"w356182584","osm_id":"356182584","osm_type":"way","building":"yes","shop":null,"man_made":null,"content":null,"tourism":null,"office":null,"addr:housenumber":"905","name":"Lakshmi Nilayam","building:levels":null,"addr:street":null,"addr:postcode":null,"addr:city":null},"geometry":{"type":"MultiPolygon","coordinates":[[[[223012.972924398549367,1931148.08909048140049],[223038.208041579346173,1931149.660351146012545],[223039.003997923922725,1931137.113122137263417],[223013.768714309262577,1931135.530785885872319],[223012.972924398549367,1931148.08909048140049]]]]}},
{"type":"Feature","properties":{"full_id":"w356182586","osm_id":"356182586","osm_type":"way","building":"yes","shop":null,"man_made":null,"content":null,"tourism":null,"office":null,"addr:housenumber":null,"name":null,"building:levels":null,"addr:street":null,"addr:postcode":null,"addr:city":null},"geometry":{"type":"MultiPolygon","coordinates":[[[[223106.826473891327623,1931065.066502809291705],[223123.128201069659553,1931065.530574707314372],[223123.466878065897617,1931053.742668007267639],[223107.165292681893334,1931053.289666982134804],[223106.826473891327623,1931065.066502809291705]]]]}},
{"type":"Feature","properties":{"full_id":"w356182587","osm_id":"356182587","osm_type":"way","building":"yes","shop":null,"man_made":null,"content":null,"tourism":null,"office":null,"addr:housenumber":null,"name":null,"building:levels":null,"addr:street":null,"addr:postcode":null,"addr:city":null},"geometry":{"type":"MultiPolygon","coordinates":[[[[222893.605845446931198,1931316.457897525746375],[222917.191687662503682,1931317.918620228068903],[222918.832044157781638,1931291.716008720453829],[222895.24617223860696,1931290.255279936827719],[222893.605845446931198,1931316.457897525746375]]]]}},
{"type":"Feature","properties":{"full_id":"w356182592","osm_id":"356182592","osm_type":"way","building":"yes","shop":null,"man_made":null,"content":null,"tourism":null,"office":null,"addr:housenumber":"908","name":null,"building:levels":null,"addr:street":null,"addr:postcode":null,"addr:city":null},"geometry":{"type":"MultiPolygon","coordinates":[[[[223010.707279820577241,1931192.340611761203036],[223031.159014440258034,1931193.135523167671636],[223031.649025057733525,1931180.758588490309194],[223011.197429376130458,1931179.974747332278639],[223010.707279820577241,1931192.340611761203036]]]]}},
{"type":"Feature","properties":{"full_id":"w356182594","osm_id":"356182594","osm_type":"way","building":"yes","shop":null,"man_made":null,"content":null,"tourism":null,"office":null,"addr:housenumber":null,"name":null,"building:levels":null,"addr:street":null,"addr:postcode":null,"addr:city":null},"geometry":{"type":"MultiPolygon","coordinates":[[[[223104.7767865252099,1931037.950847372412682],[223121.13419709878508,1931039.377643536310643],[223122.165646501875017,1931027.724248520797119],[223105.808226880792063,1931026.297450248384848],[223104.7767865252099,1931037.950847372412682]]]]}},
{"type":"Feature","properties":{"full_id":"w356182597","osm_id":"356182597","osm_type":"way","building":"yes","shop":null,"man_made":null,"content":null,"tourism":null,"office":null,"addr:housenumber":null,"name":null,"building:levels":null,"addr:street":null,"addr:postcode":null,"addr:city":null},"geometry":{"type":"MultiPolygon","coordinates":[[[[222905.935333352885209,1931233.152890639379621],[222931.86783003131859,1931235.201755578862503],[222934.047255730372854,1931207.995078823994845],[222908.114725421532057,1931205.946206356864423],[222905.935333352885209,1931233.152890639379621]]]]}},
{"type":"Feature","properties":{"full_id":"w356182598","osm_id":"356182598","osm_type":"way","building":"yes","shop":null,"man_made":null,"content":null,"tourism":null,"office":null,"addr:housenumber":null,"name":null,"building:levels":null,"addr:street":null,"addr:postcode":null,"addr:city":null},"geometry":{"type":"MultiPolygon","coordinates":[[[[223091.133034198079258,1930953.439216915052384],[223106.621952336165123,1930954.313068376388401],[223107.367909345426597,1930941.212808957556263],[223091.868202443583868,1930940.328028193907812],[223091.133034198079258,1930953.439216915052384]]]]}},
{"type":"Feature","properties":{"full_id":"w356182606","osm_id":"356182606","osm_type":"way","building":"yes","shop":null,"man_made":null,"content":null,"tourism":null,"office":null,"addr:housenumber":null,"name":null,"building:levels":null,"addr:street":null,"addr:postcode":null,"addr:city":null},"geometry":{"type":"MultiPolygon","coordinates":[[[[222700.916054886125494,1931307.441413289634511],[222719.994222215143964,1931307.291292526759207],[222719.902536178007722,1931295.143764119129628],[222700.824357410660014,1931295.293883380945772],[222700.916054886125494,1931307.441413289634511]]]]}},
{"type":"Feature","properties":{"full_id":"w356182626","osm_id":"356182626","osm_type":"way","building":"yes","shop":null,"man_made":null,"content":null,"tourism":null,"office":null,"addr:housenumber":null,"name":null,"building:levels":null,"addr:street":null,"addr:postcode":null,"addr:city":null},"geometry":{"type":"MultiPolygon","coordinates":[[[[222753.238582239428069,1931299.91517458925955],[222774.413242610811722,1931300.722078739665449],[222774.972396016702987,1931286.41719609242864],[222753.797569566231687,1931285.599216822069138],[222753.238582239428069,1931299.91517458925955]]]]}},
{"type":"Feature","properties":{"full_id":"w356182633","osm_id":"356182633","osm_type":"way","building":"yes","shop":null,"man_made":null,"content":null,"tourism":null,"office":null,"addr:housenumber":null,"name":null,"building:levels":null,"addr:street":null,"addr:postcode":null,"addr:city":null},"geometry":{"type":"MultiPolygon","coordinates":[[[[223117.244030383997597,1930941.288405732251704],[223133.729200252855662,1930942.724554113345221],[223134.89832464925712,1930929.474553757579997],[223118.413144412625115,1930928.038402963196859],[223117.244030383997597,1930941.288405732251704]]]]}},
{"type":"Feature","properties":{"full_id":"w356182638","osm_id":"356182638","osm_type":"way","building":"yes","shop":null,"man_made":null,"content":null,"tourism":null,"office":null,"addr:housenumber":null,"name":null,"building:levels":null,"addr:street":null,"addr:postcode":null,"addr:city":null},"geometry":{"type":"MultiPolygon","coordinates":[[[[222842.541769916540943,1931284.618732208386064],[222863.336102231580298,1931285.597046755487099],[222863.889275936642662,1931273.961221843026578],[222843.094931916566566,1931272.98290508845821],[222842.541769916540943,1931284.618732208386064]]]]}},
{"type":"Feature","properties":{"full_id":"w356182648","osm_id":"356182648","osm_type":"way","building":"yes","shop":null,"man_made":null,"content":null,"tourism":null,"office":null,"addr:housenumber":null,"name":null,"building:levels":null,"addr:street":null,"addr:postcode":null,"addr:city":null},"geometry":{"type":"MultiPolygon","coordinates":[[[[223139.627676841220818,1931067.243380144471303],[223139.808808106870856,1931054.815303981071338],[223124.360923633968923,1931054.605349763995036],[223124.190278376743663,1931067.022209841292351],[223139.627676841220818,1931067.243380144471303]]]]}},
{"type":"Feature","properties":{"full_id":"w356182650","osm_id":"356182650","osm_type":"way","building":"yes","shop":null,"man_made":null,"content":null,"tourism":null,"office":null,"addr:housenumber":null,"name":null,"building:levels":null,"addr:street":null,"addr:postcode":null,"addr:city":null},"geometry":{"type":"MultiPolygon","coordinates":[[[[223175.309645088156685,1931288.257632959634066],[223191.670065393380355,1931289.141762568615377],[223192.419552840059623,1931275.520958126522601],[223176.069749434071127,1931274.636681335046887],[223175.309645088156685,1931288.257632959634066]]]]}},
{"type":"Feature","properties":{"full_id":"w356182654","osm_id":"356182654","osm_type":"way","building":"yes","shop":null,"man_made":null,"content":null,"tourism":null,"office":null,"addr:housenumber":null,"name":null,"building:levels":null,"addr:street":null,"addr:postcode":null,"addr:city":null},"geometry":{"type":"MultiPolygon","coordinates":[[[[222679.843274647952057,1931293.875306875677779],[222698.113754684512969,1931293.736212623072788],[222698.019634362251963,1931281.411522924201563],[222679.749143213557545,1931281.550615719053894],[222679.843274647952057,1931293.875306875677779]]]]}},
{"type":"Feature","properties":{"full_id":"w356182656","osm_id":"356182656","osm_type":"way","building":"yes","shop":null,"man_made":null,"content":null,"tourism":null,"office":null,"addr:housenumber":null,"name":null,"building:levels":null,"addr:street":null,"addr:postcode":null,"addr:city":null},"geometry":{"type":"MultiPolygon","coordinates":[[[[223091.183381095703226,1931212.493638479150832],[223107.369751225633081,1931213.081074626883492],[223107.812260488455649,1931201.114554225234315],[223091.625880950130522,1931200.527116409968585],[223091.183381095703226,1931212.493638479150832]]]]}},
{"type":"Feature","properties":{"full_id":"w356182663","osm_id":"356182663","osm_type":"way","building":"yes","shop":null,"man_made":null,"content":null,"tourism":null,"office":null,"addr:housenumber":null,"name":null,"building:levels":null,"addr:street":null,"addr:postcode":null,"addr:city":null},"geometry":{"type":"MultiPolygon","coordinates":[[[[223017.86618414131226,1931115.662502624094486],[223042.888633926224429,1931117.225605001207441],[223043.718792656669393,1931104.068811483215541],[223018.696327053126879,1931102.505705860210583],[223017.86618414131226,1931115.662502624094486]]]]}},
{"type":"Feature","properties":{"full_id":"w356182670","osm_id":"356182670","osm_type":"way","building":"yes","shop":null,"man_made":null,"content":null,"tourism":null,"office":null,"addr:housenumber":null,"name":null,"building:levels":null,"addr:street":null,"addr:postcode":null,"addr:city":null},"geometry":{"type":"MultiPolygon","coordinates":[[[[222780.907237919105683,1931047.934356553480029],[222801.193993962369859,1931048.310482661705464],[222801.436906460497994,1931034.973415447864681],[222781.150137179065496,1931034.597287251381204],[222780.907237919105683,1931047.934356553480029]]]]}},
{"type":"Feature","properties":{"full_id":"w356182683","osm_id":"356182683","osm_type":"way","building":"yes","shop":null,"man_made":null,"content":null,"tourism":null,"office":null,"addr:housenumber":"910","name":null,"building:levels":null,"addr:street":null,"addr:postcode":null,"addr:city":null},"geometry":{"type":"MultiPolygon","coordinates":[[[[223006.420494490303099,1931224.028006242588162],[223029.900289198383689,1931225.50139754707925],[223030.634840560262091,1931213.907413678010926],[223007.155184004164767,1931212.445092145819217],[223006.420494490303099,1931224.028006242588162]]]]}},
{"type":"Feature","properties":{"full_id":"w356182693","osm_id":"356182693","osm_type":"way","building":"yes","shop":null,"man_made":null,"content":null,"tourism":null,"office":null,"addr:housenumber":null,"name":null,"building:levels":null,"addr:street":null,"addr:postcode":null,"addr:city":null},"geometry":{"type":"MultiPolygon","coordinates":[[[[223114.187710552534554,1931174.470819324953482],[223130.292306598508731,1931174.516743397107348],[223130.317992761032656,1931163.940230889711529],[223114.224016043473966,1931163.894160537747666],[223114.187710552534554,1931174.470819324953482]]]]}},
{"type":"Feature","properties":{"full_id":"w356182695","osm_id":"356182695","osm_type":"way","building":"yes","shop":null,"man_made":null,"content":null,"tourism":null,"office":null,"addr:housenumber":"916","name":null,"building:levels":null,"addr:street":null,"addr:postcode":null,"addr:city":null},"geometry":{"type":"MultiPolygon","coordinates":[[[[223037.591907685913611,1931279.67259346251376],[223052.766942487738561,1931280.151970605133101],[223053.116139181656763,1931269.139126331079751],[223037.951723903301172,1931268.659602647880092],[223037.591907685913611,1931279.67259346251376]]]]}},
{"type":"Feature","properties":{"full_id":"w356182696","osm_id":"356182696","osm_type":"way","building":"yes","shop":null,"man_made":null,"content":null,"tourism":null,"office":null,"addr:housenumber":null,"name":null,"building:levels":null,"addr:street":null,"addr:postcode":null,"addr:city":null},"geometry":{"type":"MultiPolygon","coordinates":[[[[223008.644976853451226,1930933.922613164177164],[223032.68444696982624,1930935.100477874977514],[223033.277701082930434,1930923.275863795075566],[223009.238217233680189,1930922.09799645585008],[223008.644976853451226,1930933.922613164177164]]]]}},
{"type":"Feature","properties":{"full_id":"w356182706","osm_id":"356182706","osm_type":"way","building":"yes","shop":null,"man_made":null,"content":null,"tourism":null,"office":null,"addr:housenumber":"919","name":null,"building:levels":null,"addr:street":null,"addr:postcode":null,"addr:city":null},"geometry":{"type":"MultiPolygon","coordinates":[[[[223040.779823081102222,1931236.79279889492318],[223057.495102611952461,1931237.970993652706966],[223058.289610483276192,1931226.87454768596217],[223041.574322074418887,1931225.696351024089381],[223040.779823081102222,1931236.79279889492318]]]]}},
{"type":"Feature","properties":{"full_id":"w356182707","osm_id":"356182707","osm_type":"way","building":"yes","shop":null,"man_made":null,"content":null,"tourism":null,"office":null,"addr:housenumber":null,"name":null,"building:levels":null,"addr:street":null,"addr:postcode":null,"addr:city":null},"geometry":{"type":"MultiPolygon","coordinates":[[[[223052.075672678824048,1930922.044633023906499],[223052.342227443121374,1930907.311883713351563],[223039.902354555495549,1930907.094129683449864],[223039.635808757971972,1930921.826880406355485],[223052.075672678824048,1930922.044633023906499]]]]}},
{"type":"Feature","properties":{"full_id":"w356182710","osm_id":"356182710","osm_type":"way","building":"yes","shop":null,"man_made":null,"content":null,"tourism":null,"office":null,"addr:housenumber":null,"name":null,"building:levels":null,"addr:street":null,"addr:postcode":null,"addr:city":null},"geometry":{"type":"MultiPolygon","coordinates":[[[[223086.490844551939517,1931254.175755141302943],[223100.091334693948738,1931254.554850481217727],[223100.4353132606484,1931242.379258106462657],[223086.834663856890984,1931241.989088954171166],[223086.490844551939517,1931254.175755141302943]]]]}},
{"type":"Feature","properties":{"full_id":"w356182720","osm_id":"356182720","osm_type":"way","building":"yes","shop":null,"man_made":null,"content":null,"tourism":null,"office":null,"addr:housenumber":null,"name":null,"building:levels":null,"addr:street":null,"addr:postcode":null,"addr:city":null},"geometry":{"type":"MultiPolygon","coordinates":[[[[223144.063678054255433,1931134.460493682650849],[223157.647670961974654,1931135.183174588019028],[223158.216597934253514,1931124.687845497857779],[223144.632598148891702,1931123.965163247892633],[223144.063678054255433,1931134.460493682650849]]]]}},
{"type":"Feature","properties":{"full_id":"w356182722","osm_id":"356182722","osm_type":"way","building":"yes","shop":null,"man_made":null,"content":null,"tourism":null,"office":null,"addr:housenumber":null,"name":null,"building:levels":null,"addr:street":null,"addr:postcode":null,"addr:city":null},"geometry":{"type":"MultiPolygon","coordinates":[[[[223182.595728307496756,1930959.178776484914124],[223198.240317524236161,1930958.998493697261438],[223198.103215952927712,1930947.394281399669126],[223182.458617769589182,1930947.574563050176948],[223182.595728307496756,1930959.178776484914124]]]]}},
{"type":"Feature","properties":{"full_id":"w356182725","osm_id":"356182725","osm_type":"way","building":"yes","shop":null,"man_made":null,"content":null,"tourism":null,"office":null,"addr:housenumber":null,"name":null,"building:levels":null,"addr:street":null,"addr:postcode":null,"addr:city":null},"geometry":{"type":"MultiPolygon","coordinates":[[[[223120.097012719139457,1931105.89426381001249],[223135.845562451926526,1931107.107885211938992],[223136.824674579955172,1931094.735361975850537],[223121.06533665250754,1931093.510811139829457],[223120.097012719139457,1931105.89426381001249]]]]}},
{"type":"Feature","properties":{"full_id":"w356182727","osm_id":"356182727","osm_type":"way","building":"yes","shop":null,"man_made":null,"content":null,"tourism":null,"office":null,"addr:housenumber":null,"name":null,"building:levels":null,"addr:street":null,"addr:postcode":null,"addr:city":null},"geometry":{"type":"MultiPolygon","coordinates":[[[[222979.212999104463961,1931207.234115365892649],[223004.656220733944792,1931208.481319840764627],[223005.366907387331594,1931194.362667243927717],[222979.913040695944801,1931193.115604613674805],[222979.212999104463961,1931207.234115365892649]]]]}},
{"type":"Feature","properties":{"full_id":"w356182729","osm_id":"356182729","osm_type":"way","building":"yes","shop":null,"man_made":null,"content":null,"tourism":null,"office":null,"addr:housenumber":null,"name":null,"building:levels":null,"addr:street":null,"addr:postcode":null,"addr:city":null},"geometry":{"type":"MultiPolygon","coordinates":[[[[223095.000126190949231,1931175.17577083199285],[223112.762343232170679,1931175.17689946689643],[223112.771694023744203,1931163.404560786671937],[223095.00946669006953,1931163.403430715203285],[223095.000126190949231,1931175.17577083199285]]]]}},
{"type":"Feature","properties":{"full_id":"w356182734","osm_id":"356182734","osm_type":"way","building":"yes","shop":null,"man_made":null,"content":null,"tourism":null,"office":null,"addr:housenumber":null,"name":null,"building:levels":null,"addr:street":null,"addr:postcode":null,"addr:city":null},"geometry":{"type":"MultiPolygon","coordinates":[[[[223053.605208982015029,1931103.346859273733571],[223061.574611730466131,1931103.913583443732932],[223062.458332283073105,1931091.564501373562962],[223054.488924825098366,1931090.997776194242761],[223053.605208982015029,1931103.346859273733571]]]]}},
{"type":"Feature","properties":{"full_id":"w356182740","osm_id":"356182740","osm_type":"way","building":"yes","shop":null,"man_made":null,"content":null,"tourism":null,"office":null,"addr:housenumber":null,"name":null,"building:levels":null,"addr:street":null,"addr:postcode":null,"addr:city":null},"geometry":{"type":"MultiPolygon","coordinates":[[[[223085.656125177745707,1931302.02907911175862],[223098.986508183006663,1931302.090696118073538],[223099.079447129799519,1931283.207372212549672],[223085.759528205031529,1931283.134535850724205],[223085.656125177745707,1931302.02907911175862]]]]}},
{"type":"Feature","properties":{"full_id":"w356182741","osm_id":"356182741","osm_type":"way","building":"yes","shop":null,"man_made":null,"content":null,"tourism":null,"office":null,"addr:housenumber":null,"name":null,"building:levels":null,"addr:street":null,"addr:postcode":null,"addr:city":null},"geometry":{"type":"MultiPolygon","coordinates":[[[[223127.043795931269415,1931040.11648466065526],[223143.644931363058276,1931040.709382886998355],[223144.079575291427318,1931028.942317767068744],[223127.467802590341307,1931028.349562937393785],[223127.043795931269415,1931040.11648466065526]]]]}},
{"type":"Feature","properties":{"full_id":"w356182749","osm_id":"356182749","osm_type":"way","building":"yes","shop":null,"man_made":null,"content":null,"tourism":null,"office":null,"addr:housenumber":"921","name":"DK Towers","building:levels":null,"addr:street":null,"addr:postcode":null,"addr:city":null},"geometry":{"type":"MultiPolygon","coordinates":[[[[223043.82341056317091,1931209.806919605005533],[223060.506979620549828,1931210.996627736836672],[223061.445831825432833,1931198.01554292999208],[223044.7517759174807,1931196.837050160393119],[223043.82341056317091,1931209.806919605005533]]]]}},
{"type":"Feature","properties":{"full_id":"w356182750","osm_id":"356182750","osm_type":"way","building":"yes","shop":null,"man_made":null,"content":null,"tourism":null,"office":null,"addr:housenumber":null,"name":null,"building:levels":null,"addr:street":null,"addr:postcode":null,"addr:city":null},"geometry":{"type":"MultiPolygon","coordinates":[[[[223137.474872617342044,1930940.680014032870531],[223153.300860740884673,1930941.327811053022742],[223153.795964133285452,1930929.316284061642364],[223137.970117925200611,1930928.679557814262807],[223137.474872617342044,1930940.680014032870531]]]]}},
{"type":"Feature","properties":{"full_id":"w356182752","osm_id":"356182752","osm_type":"way","building":"yes","shop":null,"man_made":null,"content":null,"tourism":null,"office":null,"addr:housenumber":null,"name":null,"building:levels":null,"addr:street":null,"addr:postcode":null,"addr:city":null},"geometry":{"type":"MultiPolygon","coordinates":[[[[223171.640778278931975,1930913.546268940903246],[223184.399418272310868,1930914.53496792097576],[223185.758470849250443,1930897.28448699763976],[223172.999820360273588,1930896.295785684604198],[223171.640778278931975,1930913.546268940903246]]]]}},
{"type":"Feature","properties":{"full_id":"w356182757","osm_id":"356182757","osm_type":"way","building":"yes","shop":null,"man_made":null,"content":null,"tourism":null,"office":null,"addr:housenumber":null,"name":null,"building:levels":null,"addr:street":null,"addr:postcode":null,"addr:city":null},"geometry":{"type":"MultiPolygon","coordinates":[[[[223060.51444104273105,1931240.344007691368461],[223076.33945294469595,1931240.9363505654037],[223076.823285986669362,1931228.105449430877343],[223060.987636544450652,1931227.513249930460006],[223060.51444104273105,1931240.344007691368461]]]]}},
{"type":"Feature","properties":{"full_id":"w356182760","osm_id":"356182760","osm_type":"way","building":"yes","shop":null,"man_made":null,"content":null,"tourism":null,"office":"it","addr:housenumber":"922","name":"Swan Environmental Pvt Ltd","building:levels":null,"addr:street":null,"addr:postcode":null,"addr:city":null},"geometry":{"type":"MultiPolygon","coordinates":[[[[223044.593569315038621,1931186.030476815300062],[223080.237639182072598,1931188.567090074066073],[223081.122265818296,1931176.284443672280759],[223045.478175002033822,1931173.747825912665576],[223044.593569315038621,1931186.030476815300062]]]]}},
{"type":"Feature","properties":{"full_id":"w356182762","osm_id":"356182762","osm_type":"way","building":"yes","shop":null,"man_made":null,"content":null,"tourism":null,"office":null,"addr:housenumber":null,"name":null,"building:levels":null,"addr:street":null,"addr:postcode":null,"addr:city":null},"geometry":{"type":"MultiPolygon","coordinates":[[[[222687.435149412485771,1931206.980219746707007],[222707.606342016719282,1931208.243772886227816],[222709.366305444331374,1931180.699451554566622],[222688.514154380594846,1931179.389830974396318],[222687.762472886010073,1931191.272028984501958],[222693.826634548371658,1931191.654240963282064],[222693.589496552420314,1931195.301010951865464],[222688.195488088822458,1931194.953933864599094],[222687.435149412485771,1931206.980219746707007]]]]}},
{"type":"Feature","properties":{"full_id":"w356182764","osm_id":"356182764","osm_type":"way","building":"yes","shop":null,"man_made":null,"content":null,"tourism":null,"office":null,"addr:housenumber":null,"name":null,"building:levels":null,"addr:street":null,"addr:postcode":null,"addr:city":null},"geometry":{"type":"MultiPolygon","coordinates":[[[[222810.641604729287792,1931285.35374550614506],[222827.20889066811651,1931285.813924728892744],[222827.561817057721782,1931273.527434618677944],[222810.994672538712621,1931273.078326195245609],[222810.641604729287792,1931285.35374550614506]]]]}},
{"type":"Feature","properties":{"full_id":"w356182772","osm_id":"356182772","osm_type":"way","building":"yes","shop":null,"man_made":null,"content":null,"tourism":null,"office":null,"addr:housenumber":null,"name":null,"building:levels":null,"addr:street":null,"addr:postcode":null,"addr:city":null},"geometry":{"type":"MultiPolygon","coordinates":[[[[223175.814917473122478,1931027.789308860898018],[223191.405106708989479,1931027.521159156458452],[223191.201558311004192,1931014.943295698612928],[223175.6113593740738,1931015.211444216547534],[223175.814917473122478,1931027.789308860898018]]]]}},
{"type":"Feature","properties":{"full_id":"w356182774","osm_id":"356182774","osm_type":"way","building":"yes","shop":null,"man_made":null,"content":null,"tourism":null,"office":null,"addr:housenumber":null,"name":null,"building:levels":null,"addr:street":null,"addr:postcode":null,"addr:city":null},"geometry":{"type":"MultiPolygon","coordinates":[[[[223102.297983729164116,1931134.344055781373754],[223116.808408316399436,1931135.186955343000591],[223117.627879268780816,1931121.244027097476646],[223103.11744494055165,1931120.401125583332032],[223102.297983729164116,1931134.344055781373754]]]]}},
{"type":"Feature","properties":{"full_id":"w356182778","osm_id":"356182778","osm_type":"way","building":"yes","shop":null,"man_made":null,"content":null,"tourism":null,"office":null,"addr:housenumber":null,"name":null,"building:levels":null,"addr:street":null,"addr:postcode":null,"addr:city":null},"geometry":{"type":"MultiPolygon","coordinates":[[[[223153.384760040382389,1931229.374727367656305],[223163.336491583497263,1931229.548963597975671],[223163.53238405380398,1931218.981204256648198],[223153.580496214039158,1931218.795894763199612],[223153.384760040382389,1931229.374727367656305]]]]}},
{"type":"Feature","properties":{"full_id":"w356182784","osm_id":"356182784","osm_type":"way","building":"yes","shop":null,"man_made":null,"content":null,"tourism":null,"office":null,"addr:housenumber":null,"name":null,"building:levels":null,"addr:street":null,"addr:postcode":null,"addr:city":null},"geometry":{"type":"MultiPolygon","coordinates":[[[[222780.917977420322131,1931062.718724409583956],[222800.630515772732906,1931063.080547177931294],[222800.871272755088285,1931050.363683436997235],[222781.158570800733287,1931049.990786249749362],[222780.917977420322131,1931062.718724409583956]]]]}},
{"type":"Feature","properties":{"full_id":"w356182789","osm_id":"356182789","osm_type":"way","building":"yes","shop":null,"man_made":null,"content":null,"tourism":null,"office":null,"addr:housenumber":null,"name":null,"building:levels":null,"addr:street":null,"addr:postcode":null,"addr:city":null},"geometry":{"type":"MultiPolygon","coordinates":[[[[222984.009557824465446,1931190.302091649267823],[223006.586537481227424,1931191.045800739899278],[223006.996048637316562,1931179.002198441885412],[222984.419055754260626,1931178.258487047394738],[222984.009557824465446,1931190.302091649267823]]]]}},
{"type":"Feature","properties":{"full_id":"w356182795","osm_id":"356182795","osm_type":"way","building":"yes","shop":null,"man_made":null,"content":null,"tourism":null,"office":null,"addr:housenumber":null,"name":null,"building:levels":null,"addr:street":null,"addr:postcode":null,"addr:city":null},"geometry":{"type":"MultiPolygon","coordinates":[[[[222972.623728049104102,1931253.228044903138652],[222999.057233495695982,1931254.605675071245059],[222999.767868215742055,1931241.262238359078765],[222973.323718064697459,1931239.884750054217875],[222972.623728049104102,1931253.228044903138652]]]]}},
{"type":"Feature","properties":{"full_id":"w356182796","osm_id":"356182796","osm_type":"way","building":"yes","shop":null,"man_made":null,"content":null,"tourism":null,"office":null,"addr:housenumber":null,"name":null,"building:levels":null,"addr:street":null,"addr:postcode":null,"addr:city":null},"geometry":{"type":"MultiPolygon","coordinates":[[[[223070.777857200067956,1930948.833256639540195],[223080.386270578776021,1930949.543737480416894],[223081.152073227101937,1930939.455472161993384],[223071.543504047149327,1930938.733917852630839],[223070.777857200067956,1930948.833256639540195]]]]}},
{"type":"Feature","properties":{"full_id":"w356182800","osm_id":"356182800","osm_type":"way","building":"yes","shop":null,"man_made":null,"content":null,"tourism":null,"office":null,"addr:housenumber":null,"name":null,"building:levels":null,"addr:street":null,"addr:postcode":null,"addr:city":null},"geometry":{"type":"MultiPolygon","coordinates":[[[[223160.074759960407391,1930969.56395230605267],[223175.350041007157415,1930970.363248107256368],[223176.247495198331308,1930953.562044087098911],[223172.886083694524132,1930953.386430560844019],[223173.114249885897152,1930949.075332510983571],[223161.189737664361019,1930948.451792397536337],[223160.074759960407391,1930969.56395230605267]]]]}},
{"type":"Feature","properties":{"full_id":"w356182801","osm_id":"356182801","osm_type":"way","building":"yes","shop":null,"man_made":null,"content":null,"tourism":null,"office":null,"addr:housenumber":"913/A","name":null,"building:levels":null,"addr:street":null,"addr:postcode":null,"addr:city":null},"geometry":{"type":"MultiPolygon","coordinates":[[[[222999.914078904956114,1931269.865744080394506],[223011.020437560975552,1931269.7472688134294],[223010.892509386700112,1931257.268025315133855],[222999.786143886798527,1931257.386499703628942],[222999.914078904956114,1931269.865744080394506]]]]}},
{"type":"Feature","properties":{"full_id":"w356182808","osm_id":"356182808","osm_type":"way","building":"yes","shop":null,"man_made":null,"content":null,"tourism":null,"office":null,"addr:housenumber":null,"name":null,"building:levels":null,"addr:street":null,"addr:postcode":null,"addr:city":null},"geometry":{"type":"MultiPolygon","coordinates":[[[[222687.5971429963829,1931235.15166601864621],[222698.342476267018355,1931235.835327137960121],[222698.876610315288417,1931227.477811698336154],[222688.131272730475757,1931226.794149689842016],[222687.5971429963829,1931235.15166601864621]]]]}},
{"type":"Feature","properties":{"full_id":"w356182811","osm_id":"356182811","osm_type":"way","building":"yes","shop":null,"man_made":null,"content":null,"tourism":null,"office":null,"addr:housenumber":null,"name":null,"building:levels":null,"addr:street":null,"addr:postcode":null,"addr:city":null},"geometry":{"type":"MultiPolygon","coordinates":[[[[223059.625676097581163,1931060.827089649857953],[223093.622246347600594,1931062.577815387630835],[223094.237833292922005,1931050.830423119943589],[223060.241092572861817,1931049.068621192360297],[223059.625676097581163,1931060.827089649857953]]]]}},
{"type":"Feature","properties":{"full_id":"w356182816","osm_id":"356182816","osm_type":"way","building":"yes","shop":null,"man_made":null,"content":null,"tourism":null,"office":null,"addr:housenumber":null,"name":null,"building:levels":null,"addr:street":null,"addr:postcode":null,"addr:city":null},"geometry":{"type":"MultiPolygon","coordinates":[[[[223114.691083107201848,1930953.615965938894078],[223132.602335793373641,1930955.176613195799291],[223133.6164779693936,1930943.811394965974614],[223115.694587798265275,1930942.250890529714525],[223114.691083107201848,1930953.615965938894078]]]]}},
{"type":"Feature","properties":{"full_id":"w356182817","osm_id":"356182817","osm_type":"way","building":"yes","shop":null,"man_made":null,"content":null,"tourism":null,"office":null,"addr:housenumber":"906","name":null,"building:levels":null,"addr:street":null,"addr:postcode":null,"addr:city":null},"geometry":{"type":"MultiPolygon","coordinates":[[[[223012.342861777578946,1931161.885478752898052],[223036.836139146354981,1931163.62191021325998],[223037.757508391689043,1931150.917924774810672],[223013.253588412073441,1931149.181635254994035],[223012.342861777578946,1931161.885478752898052]]]]}},
{"type":"Feature","properties":{"full_id":"w356182818","osm_id":"356182818","osm_type":"way","building":"yes","shop":null,"man_made":null,"content":null,"tourism":null,"office":null,"addr:housenumber":null,"name":null,"building:levels":null,"addr:street":null,"addr:postcode":null,"addr:city":null},"geometry":{"type":"MultiPolygon","coordinates":[[[[223106.753018863033503,1931051.899906415026635],[223123.784548831812572,1931052.874519277131185],[223124.472432582231704,1931040.97110060765408],[223107.441044011211488,1931040.007558250566944],[223106.753018863033503,1931051.899906415026635]]]]}},
{"type":"Feature","properties":{"full_id":"w356182819","osm_id":"356182819","osm_type":"way","building":"yes","shop":null,"man_made":null,"content":null,"tourism":null,"office":null,"addr:housenumber":null,"name":null,"building:levels":null,"addr:street":null,"addr:postcode":null,"addr:city":null},"geometry":{"type":"MultiPolygon","coordinates":[[[[222865.441562094376422,1931302.767032145755365],[222885.044212619250175,1931303.661980485077947],[222885.66853427310707,1931290.231110601453111],[222866.06571969127981,1931289.325087403412908],[222865.441562094376422,1931302.767032145755365]]]]}},
{"type":"Feature","properties":{"full_id":"w356182823","osm_id":"356182823","osm_type":"way","building":"yes","shop":null,"man_made":null,"content":null,"tourism":null,"office":null,"addr:housenumber":null,"name":null,"building:levels":null,"addr:street":null,"addr:postcode":null,"addr:city":null},"geometry":{"type":"MultiPolygon","coordinates":[[[[223086.956939051044174,1930978.458189848344773],[223103.183994603634346,1930979.676342882914469],[223104.012258087808732,1930968.712340294150636],[223087.785345203825273,1930967.505257853073999],[223086.956939051044174,1930978.458189848344773]]]]}},
{"type":"Feature","properties":{"full_id":"w356182825","osm_id":"356182825","osm_type":"way","building":"yes","shop":null,"man_made":null,"content":null,"tourism":null,"office":null,"addr:housenumber":null,"name":null,"building:levels":null,"addr:street":null,"addr:postcode":null,"addr:city":null},"geometry":{"type":"MultiPolygon","coordinates":[[[[222945.485711025481578,1931097.569715054705739],[222969.711958591768052,1931097.648546908050776],[222969.749982217384968,1931084.868022802984342],[222945.523870678327512,1931084.80026125186123],[222945.485711025481578,1931097.569715054705739]]]]}},
{"type":"Feature","properties":{"full_id":"w356182826","osm_id":"356182826","osm_type":"way","building":"yes","shop":null,"man_made":null,"content":null,"tourism":null,"office":null,"addr:housenumber":null,"name":null,"building:levels":null,"addr:street":null,"addr:postcode":null,"addr:city":null},"geometry":{"type":"MultiPolygon","coordinates":[[[[223173.308550314453896,1931011.599360417108983],[223173.4085691930959,1931002.572269958211109],[223156.026542784878984,1931002.399758371291682],[223155.926531603210606,1931011.426849985262379],[223173.308550314453896,1931011.599360417108983]]]]}},
{"type":"Feature","properties":{"full_id":"w356182835","osm_id":"356182835","osm_type":"way","building":"yes","shop":null,"man_made":null,"content":null,"tourism":null,"office":null,"addr:housenumber":null,"name":null,"building:levels":null,"addr:street":null,"addr:postcode":null,"addr:city":null},"geometry":{"type":"MultiPolygon","coordinates":[[[[222705.64073806500528,1931281.384835497010499],[222724.155662499018945,1931281.242423940915614],[222724.058228634647094,1931268.674141886411235],[222705.54329271701863,1931268.81655193772167],[222705.64073806500528,1931281.384835497010499]]]]}},
{"type":"Feature","properties":{"full_id":"w356182836","osm_id":"356182836","osm_type":"way","building":"yes","shop":null,"man_made":null,"content":null,"tourism":null,"office":null,"addr:housenumber":null,"name":null,"building:levels":null,"addr:street":null,"addr:postcode":null,"addr:city":null},"geometry":{"type":"MultiPolygon","coordinates":[[[[223077.872228411317337,1931212.287786278873682],[223077.87287506298162,1931198.322808005148545],[223063.703590036078822,1931198.32802251749672],[223063.692174239491578,1931212.282074813963845],[223077.872228411317337,1931212.287786278873682]]]]}},
{"type":"Feature","properties":{"full_id":"w356182842","osm_id":"356182842","osm_type":"way","building":"yes","shop":null,"man_made":null,"content":null,"tourism":null,"office":null,"addr:housenumber":null,"name":null,"building:levels":null,"addr:street":null,"addr:postcode":null,"addr:city":null},"geometry":{"type":"MultiPolygon","coordinates":[[[[222816.9508276557317,1931003.453669440466911],[222837.91538089181995,1931003.643383439164609],[222838.026364670542534,1930990.762179846176878],[222817.061949498427566,1930990.583536359015852],[222816.9508276557317,1931003.453669440466911]]]]}},
{"type":"Feature","properties":{"full_id":"w356182846","osm_id":"356182846","osm_type":"way","building":"yes","shop":null,"man_made":null,"content":null,"tourism":null,"office":null,"addr:housenumber":null,"name":null,"building:levels":null,"addr:street":null,"addr:postcode":null,"addr:city":null},"geometry":{"type":"MultiPolygon","coordinates":[[[[222757.523518790607341,1931048.065714437281713],[222775.97954034950817,1931049.042716605821624],[222776.726365641981829,1931035.2447026851587],[222758.259703996824101,1931034.267843386624008],[222757.523518790607341,1931048.065714437281713]]]]}},
{"type":"Feature","properties":{"full_id":"w356182850","osm_id":"356182850","osm_type":"way","building":"yes","shop":null,"man_made":null,"content":null,"tourism":null,"office":null,"addr:housenumber":null,"name":null,"building:levels":null,"addr:street":null,"addr:postcode":null,"addr:city":null},"geometry":{"type":"MultiPolygon","coordinates":[[[[222954.684367710025981,1931038.715835250681266],[222975.549842949083541,1931039.438615921884775],[222976.018776433193125,1931026.297822788357735],[222955.14266007381957,1931025.575184940127656],[222954.684367710025981,1931038.715835250681266]]]]}},
{"type":"Feature","properties":{"full_id":"w356182851","osm_id":"356182851","osm_type":"way","building":"yes","shop":null,"man_made":null,"content":null,"tourism":null,"office":null,"addr:housenumber":null,"name":null,"building:levels":null,"addr:street":null,"addr:postcode":null,"addr:city":null},"geometry":{"type":"MultiPolygon","coordinates":[[[[222730.902806851256173,1931298.149607136845589],[222751.046772781177424,1931298.206435745349154],[222751.081578612560406,1931285.979658983182162],[222730.937600567063782,1931285.922828655457124],[222730.902806851256173,1931298.149607136845589]]]]}},
{"type":"Feature","properties":{"full_id":"w356182856","osm_id":"356182856","osm_type":"way","building":"yes","shop":null,"man_made":null,"content":null,"tourism":null,"office":null,"addr:housenumber":null,"name":null,"building:levels":null,"addr:street":null,"addr:postcode":null,"addr:city":null},"geometry":{"type":"MultiPolygon","coordinates":[[[[222934.853945271635894,1931234.363592881942168],[222948.478898865694646,1931234.974820259725675],[222949.049942834360991,1931222.308830424677581],[222935.424980883894023,1931221.697601492982358],[222934.853945271635894,1931234.363592881942168]]]]}},
{"type":"Feature","properties":{"full_id":"w356182862","osm_id":"356182862","osm_type":"way","building":"yes","shop":null,"man_made":null,"content":null,"tourism":null,"office":null,"addr:housenumber":"918","name":"Sri Vatsavai Residency","building:levels":null,"addr:street":null,"addr:postcode":null,"addr:city":null},"geometry":{"type":"MultiPolygon","coordinates":[[[[223037.829545433924068,1931265.161721735959873],[223052.755877978343051,1931266.109627017984167],[223054.360068578913342,1931241.136820957995951],[223039.433718134416267,1931240.18891198025085],[223037.829545433924068,1931265.161721735959873]]]]}},
{"type":"Feature","properties":{"full_id":"w356182863","osm_id":"356182863","osm_type":"way","building":"yes","shop":null,"man_made":null,"content":null,"tourism":null,"office":null,"addr:housenumber":null,"name":null,"building:levels":null,"addr:street":null,"addr:postcode":null,"addr:city":null},"geometry":{"type":"MultiPolygon","coordinates":[[[[223009.948511749564204,1930921.180185905657709],[223035.121591343544424,1930921.301570443902165],[223035.20368078944739,1930906.294474838068709],[223010.019954781746492,1930906.1732327491045],[223009.948511749564204,1930921.180185905657709]]]]}},
{"type":"Feature","properties":{"full_id":"w356182868","osm_id":"356182868","osm_type":"way","building":"yes","shop":null,"man_made":null,"content":null,"tourism":null,"office":null,"addr:housenumber":null,"name":null,"building:levels":null,"addr:street":null,"addr:postcode":null,"addr:city":null},"geometry":{"type":"MultiPolygon","coordinates":[[[[223170.978140907362103,1931038.675120717613026],[223171.107315579836722,1931027.111569078406319],[223154.71384418674279,1931026.936643795343116],[223154.58467881049728,1931038.500196830602363],[223170.978140907362103,1931038.675120717613026]]]]}},
{"type":"Feature","properties":{"full_id":"w356182870","osm_id":"356182870","osm_type":"way","building":"yes","shop":null,"man_made":null,"content":null,"tourism":null,"office":null,"addr:housenumber":"920","name":null,"building:levels":null,"addr:street":null,"addr:postcode":null,"addr:city":null},"geometry":{"type":"MultiPolygon","coordinates":[[[[223041.174227708892431,1931223.641953680897132],[223059.368472104077227,1931224.14655720279552],[223059.699490623024758,1931212.580236521083862],[223041.505084760894533,1931212.064558813814074],[223041.174227708892431,1931223.641953680897132]]]]}},
{"type":"Feature","properties":{"full_id":"w356182874","osm_id":"356182874","osm_type":"way","building":"yes","shop":null,"man_made":null,"content":null,"tourism":null,"office":null,"addr:housenumber":null,"name":null,"building:levels":null,"addr:street":null,"addr:postcode":null,"addr:city":null},"geometry":{"type":"MultiPolygon","coordinates":[[[[223107.293437537038699,1931227.733703217469156],[223122.57739382411819,1931227.624701550928876],[223122.50137547950726,1931216.606595725286752],[223107.217410885437857,1931216.715596297988668],[223107.293437537038699,1931227.733703217469156]]]]}},
{"type":"Feature","properties":{"full_id":"w356182876","osm_id":"356182876","osm_type":"way","building":"yes","shop":null,"man_made":null,"content":null,"tourism":null,"office":null,"addr:housenumber":null,"name":null,"building:levels":null,"addr:street":null,"addr:postcode":null,"addr:city":null},"geometry":{"type":"MultiPolygon","coordinates":[[[[222944.940963198605459,1931115.274255042662844],[222965.224447985878214,1931115.418013572692871],[222965.325930907274596,1931102.614472918910906],[222945.042433368682396,1931102.470712513430044],[222944.940963198605459,1931115.274255042662844]]]]}},
{"type":"Feature","properties":{"full_id":"w356182878","osm_id":"356182878","osm_type":"way","building":"yes","shop":null,"man_made":null,"content":null,"tourism":null,"office":null,"addr:housenumber":null,"name":null,"building:levels":null,"addr:street":null,"addr:postcode":null,"addr:city":null},"geometry":{"type":"MultiPolygon","coordinates":[[[[222923.754576713661663,1931305.015714015578851],[222946.947581606567837,1931304.953554856823757],[222946.914956959371921,1931292.450854269089177],[222923.721937777241692,1931292.513011480914429],[222923.754576713661663,1931305.015714015578851]]]]}},
{"type":"Feature","properties":{"full_id":"w356182880","osm_id":"356182880","osm_type":"way","building":"yes","shop":null,"man_made":null,"content":null,"tourism":null,"office":null,"addr:housenumber":null,"name":null,"building:levels":null,"addr:street":null,"addr:postcode":null,"addr:city":null},"geometry":{"type":"MultiPolygon","coordinates":[[[[222839.006283852737397,1931035.246281060623005],[222858.961651180812623,1931034.707808512728661],[222858.581836275116075,1931020.914126475574449],[222838.62630398501642,1931021.441525038797408],[222839.006283852737397,1931035.246281060623005]]]]}},
{"type":"Feature","properties":{"full_id":"w356182885","osm_id":"356182885","osm_type":"way","building":"yes","shop":null,"man_made":null,"content":null,"tourism":null,"office":null,"addr:housenumber":null,"name":null,"building:levels":null,"addr:street":null,"addr:postcode":null,"addr:city":null},"geometry":{"type":"MultiPolygon","coordinates":[[[[223110.580485088110436,1931022.367294354829937],[223127.196043975593057,1931023.236847373191267],[223127.787631470826454,1931012.065662040375173],[223111.182691416237503,1931011.195962195284665],[223110.580485088110436,1931022.367294354829937]]]]}},
{"type":"Feature","properties":{"full_id":"w356182888","osm_id":"356182888","osm_type":"way","building":"yes","shop":null,"man_made":null,"content":null,"tourism":null,"office":null,"addr:housenumber":null,"name":null,"building:levels":null,"addr:street":null,"addr:postcode":null,"addr:city":null},"geometry":{"type":"MultiPolygon","coordinates":[[[[223182.515700477117207,1930971.228933825157583],[223196.974801882228348,1930971.419212182052433],[223197.128124749695417,1930960.065749898087233],[223182.658538603456691,1930959.886687803547829],[223182.515700477117207,1930971.228933825157583]]]]}},
{"type":"Feature","properties":{"full_id":"w356182889","osm_id":"356182889","osm_type":"way","building":"yes","shop":null,"man_made":null,"content":null,"tourism":null,"office":null,"addr:housenumber":"909","name":null,"building:levels":null,"addr:street":null,"addr:postcode":null,"addr:city":null},"geometry":{"type":"MultiPolygon","coordinates":[[[[223007.61668516107602,1931210.434299715794623],[223032.959105094429106,1931211.306381673552096],[223033.441294032090809,1931197.578461878933012],[223008.098857183067594,1931196.706376953981817],[223007.61668516107602,1931210.434299715794623]]]]}},
{"type":"Feature","properties":{"full_id":"w356182892","osm_id":"356182892","osm_type":"way","building":"yes","shop":null,"man_made":null,"content":null,"tourism":null,"office":null,"addr:housenumber":null,"name":null,"building:levels":null,"addr:street":null,"addr:postcode":null,"addr:city":null},"geometry":{"type":"MultiPolygon","coordinates":[[[[223113.697374393464997,1931191.499045671429485],[223128.970927111338824,1931190.626053449464962],[223128.301926996326074,1931178.995871046558022],[223113.017737703106832,1931179.869007650297135],[223113.697374393464997,1931191.499045671429485]]]]}},
{"type":"Feature","properties":{"full_id":"w356182895","osm_id":"356182895","osm_type":"way","building":"yes","shop":null,"man_made":null,"content":null,"tourism":null,"office":null,"addr:housenumber":null,"name":null,"building:levels":null,"addr:street":null,"addr:postcode":null,"addr:city":null},"geometry":{"type":"MultiPolygon","coordinates":[[[[223037.311289860575926,1930936.08937882934697],[223057.888647848216351,1930937.502813766244799],[223058.777273355342913,1930924.732835704926401],[223038.199902781110723,1930923.319398096529767],[223037.311289860575926,1930936.08937882934697]]]]}},
{"type":"Feature","properties":{"full_id":"w356182899","osm_id":"356182899","osm_type":"way","building":"yes","shop":null,"man_made":null,"content":null,"tourism":null,"office":null,"addr:housenumber":null,"name":null,"building:levels":null,"addr:street":null,"addr:postcode":null,"addr:city":null},"geometry":{"type":"MultiPolygon","coordinates":[[[[223176.357314726046752,1931012.233294565230608],[223183.269151371670887,1931012.415823051705956],[223183.562789003190119,1931000.44027148373425],[223176.661576106562279,1931000.257597282994539],[223176.357314726046752,1931012.233294565230608]]]]}},
{"type":"Feature","properties":{"full_id":"w356182904","osm_id":"356182904","osm_type":"way","building":"yes","shop":null,"man_made":null,"content":null,"tourism":null,"office":null,"addr:housenumber":null,"name":null,"building:levels":null,"addr:street":null,"addr:postcode":null,"addr:city":null},"geometry":{"type":"MultiPolygon","coordinates":[[[[222755.287203037296422,1931283.375016770558432],[222771.970343556837179,1931283.756045764544979],[222772.256292235804722,1931271.237899764906615],[222755.573292889108416,1931270.86794158979319],[222755.287203037296422,1931283.375016770558432]]]]}},
{"type":"Feature","properties":{"full_id":"w356182907","osm_id":"356182907","osm_type":"way","building":"yes","shop":null,"man_made":null,"content":null,"tourism":null,"office":null,"addr:housenumber":null,"name":null,"building:levels":null,"addr:street":null,"addr:postcode":null,"addr:city":null},"geometry":{"type":"MultiPolygon","coordinates":[[[[222755.639133590448182,1931064.182786479825154],[222775.915249999554362,1931064.559030427131802],[222776.176826727634761,1931051.033437787322327],[222755.900545552896801,1931050.646119231591001],[222755.639133590448182,1931064.182786479825154]]]]}},
{"type":"Feature","properties":{"full_id":"w356182910","osm_id":"356182910","osm_type":"way","building":"yes","shop":null,"man_made":null,"content":null,"tourism":null,"office":null,"addr:housenumber":null,"name":null,"building:levels":null,"addr:street":null,"addr:postcode":null,"addr:city":null},"geometry":{"type":"MultiPolygon","coordinates":[[[[223159.432934712269343,1931153.055217310786247],[223178.961780269048177,1931153.209483961109072],[223179.05941560131032,1931140.89329538308084],[223159.530558233615011,1931140.73902699816972],[223159.432934712269343,1931153.055217310786247]]]]}},
{"type":"Feature","properties":{"full_id":"w356182913","osm_id":"356182913","osm_type":"way","building":"yes","shop":null,"man_made":null,"content":null,"tourism":null,"office":null,"addr:housenumber":null,"name":null,"building:levels":null,"addr:street":null,"addr:postcode":null,"addr:city":null},"geometry":{"type":"MultiPolygon","coordinates":[[[[223066.82459167210618,1930993.284974394366145],[223082.694572658336256,1930994.042855145642534],[223083.281347937067039,1930981.742130226455629],[223067.411357511708047,1930980.984247694723308],[223066.82459167210618,1930993.284974394366145]]]]}},
{"type":"Feature","properties":{"full_id":"w356182914","osm_id":"356182914","osm_type":"way","building":"yes","shop":null,"man_made":null,"content":null,"tourism":null,"office":null,"addr:housenumber":null,"name":null,"building:levels":null,"addr:street":null,"addr:postcode":null,"addr:city":null},"geometry":{"type":"MultiPolygon","coordinates":[[[[223168.852427198900841,1930933.551664068130776],[223181.443881145038176,1930934.753056760877371],[223183.147903332603164,1930917.077035482274368],[223170.567066699906718,1930915.875495198182762],[223168.852427198900841,1930933.551664068130776]]]]}},
{"type":"Feature","properties":{"full_id":"w356182916","osm_id":"356182916","osm_type":"way","building":"yes","shop":null,"man_made":null,"content":null,"tourism":null,"office":null,"addr:housenumber":null,"name":null,"building:levels":null,"addr:street":null,"addr:postcode":null,"addr:city":null},"geometry":{"type":"MultiPolygon","coordinates":[[[[223164.877454415720422,1931122.060861906968057],[223182.198029060324188,1931122.411396369803697],[223182.722215897927526,1931096.955017808591947],[223165.4016197003657,1931096.604479895206168],[223164.877454415720422,1931122.060861906968057]]]]}},
{"type":"Feature","properties":{"full_id":"w356182920","osm_id":"356182920","osm_type":"way","building":"yes","shop":null,"man_made":null,"content":null,"tourism":null,"office":null,"addr:housenumber":null,"name":null,"building:levels":null,"addr:street":null,"addr:postcode":null,"addr:city":null},"geometry":{"type":"MultiPolygon","coordinates":[[[[223094.958232773642521,1931161.986591949360445],[223113.137511859589722,1931162.170295087387785],[223113.272175233636517,1931149.454911882523447],[223095.093035982805304,1931149.282279500737786],[223094.958232773642521,1931161.986591949360445]]]]}},
{"type":"Feature","properties":{"full_id":"w356182921","osm_id":"356182921","osm_type":"way","building":"yes","shop":null,"man_made":null,"content":null,"tourism":null,"office":null,"addr:housenumber":null,"name":null,"building:levels":null,"addr:street":null,"addr:postcode":null,"addr:city":null},"geometry":{"type":"MultiPolygon","coordinates":[[[[223130.894875378056895,1931253.69130283780396],[223146.416199164406862,1931254.620079848915339],[223147.015884937660303,1931244.822022292995825],[223131.483926171902567,1931243.893388889962807],[223130.894875378056895,1931253.69130283780396]]]]}},
{"type":"Feature","properties":{"full_id":"w356182924","osm_id":"356182924","osm_type":"way","building":"yes","shop":null,"man_made":null,"content":null,"tourism":null,"office":null,"addr:housenumber":null,"name":null,"building:levels":null,"addr:street":null,"addr:postcode":null,"addr:city":null},"geometry":{"type":"MultiPolygon","coordinates":[[[[223057.716769709135406,1931254.20321570429951],[223073.286707381252199,1931254.799037885852158],[223073.766864074103069,1931242.477614301256835],[223058.197068294044584,1931241.892862905748188],[223057.716769709135406,1931254.20321570429951]]]]}},
{"type":"Feature","properties":{"full_id":"w356182928","osm_id":"356182928","osm_type":"way","building":"yes","shop":null,"man_made":null,"content":null,"tourism":null,"office":null,"addr:housenumber":null,"name":null,"building:levels":null,"addr:street":null,"addr:postcode":null,"addr:city":null},"geometry":{"type":"MultiPolygon","coordinates":[[[[223072.423172917682678,1931131.617868130560964],[223088.181174929020926,1931131.967508592642844],[223088.455150739173405,1931120.114033552352339],[223072.686511870299,1931119.764536720234901],[223072.423172917682678,1931131.617868130560964]]]]}},
{"type":"Feature","properties":{"full_id":"w356182931","osm_id":"356182931","osm_type":"way","building":"yes","shop":null,"man_made":null,"content":null,"tourism":null,"office":null,"addr:housenumber":null,"name":null,"building:levels":null,"addr:street":null,"addr:postcode":null,"addr:city":null},"geometry":{"type":"MultiPolygon","coordinates":[[[[222708.149996688414831,1931236.343549272743985],[222720.118874781590421,1931237.110162985278293],[222720.741733611386735,1931227.466788613703102],[222708.76237366523128,1931226.711391547461972],[222708.149996688414831,1931236.343549272743985]]]]}},
{"type":"Feature","properties":{"full_id":"w356182936","osm_id":"356182936","osm_type":"way","building":"yes","shop":null,"man_made":null,"content":null,"tourism":null,"office":null,"addr:housenumber":null,"name":null,"building:levels":null,"addr:street":null,"addr:postcode":null,"addr:city":null},"geometry":{"type":"MultiPolygon","coordinates":[[[[223074.44704648188781,1931078.211052131606266],[223088.657216712716036,1931078.858696193434298],[223089.230333343730308,1931066.336666709976271],[223075.02030568185728,1931065.700093496125191],[223074.44704648188781,1931078.211052131606266]]]]}},
{"type":"Feature","properties":{"full_id":"w356182940","osm_id":"356182940","osm_type":"way","building":"yes","shop":null,"man_made":null,"content":null,"tourism":null,"office":null,"addr:housenumber":null,"name":null,"building:levels":null,"addr:street":null,"addr:postcode":null,"addr:city":null},"geometry":{"type":"MultiPolygon","coordinates":[[[[223055.033531375171151,1931293.565487514715642],[223071.419002802169416,1931294.726041507674381],[223072.303760045964736,1931282.454464628826827],[223055.907651344430633,1931281.294053701683879],[223055.033531375171151,1931293.565487514715642]]]]}},
{"type":"Feature","properties":{"full_id":"w356182941","osm_id":"356182941","osm_type":"way","building":"yes","shop":null,"man_made":null,"content":null,"tourism":null,"office":null,"addr:housenumber":null,"name":null,"building:levels":null,"addr:street":null,"addr:postcode":null,"addr:city":null},"geometry":{"type":"MultiPolygon","coordinates":[[[[223128.24693766888231,1931023.909121608128771],[223144.796911999350414,1931024.646689829649404],[223145.292556588887237,1931013.454667049692944],[223128.753352222556714,1931012.728024542098865],[223128.24693766888231,1931023.909121608128771]]]]}},
{"type":"Feature","properties":{"full_id":"w356182943","osm_id":"356182943","osm_type":"way","building":"yes","shop":null,"man_made":null,"content":null,"tourism":null,"office":null,"addr:housenumber":null,"name":null,"building:levels":null,"addr:street":null,"addr:postcode":null,"addr:city":null},"geometry":{"type":"MultiPolygon","coordinates":[[[[223172.307976389012765,1931041.093362255487591],[223188.548262938915286,1931040.949229863705114],[223188.441218508407474,1931029.211711592040956],[223172.201073672447819,1931029.366915213875473],[223172.307976389012765,1931041.093362255487591]]]]}},
{"type":"Feature","properties":{"full_id":"w356182951","osm_id":"356182951","osm_type":"way","building":"yes","shop":null,"man_made":null,"content":null,"tourism":null,"office":null,"addr:housenumber":null,"name":null,"building:levels":null,"addr:street":null,"addr:postcode":null,"addr:city":null},"geometry":{"type":"MultiPolygon","coordinates":[[[[223150.77807351964293,1931254.892768822610378],[223159.666724844719283,1931255.059364968677983],[223159.831287361623254,1931245.311546667246148],[223150.953259458998218,1931245.144804775947705],[223150.77807351964293,1931254.892768822610378]]]]}},
{"type":"Feature","properties":{"full_id":"w356182952","osm_id":"356182952","osm_type":"way","building":"yes","shop":null,"man_made":null,"content":null,"tourism":"hostel","office":null,"addr:housenumber":null,"name":null,"building:levels":null,"addr:street":null,"addr:postcode":null,"addr:city":null},"geometry":{"type":"MultiPolygon","coordinates":[[[[223138.269688570522703,1930957.63531723478809],[223153.206300795893185,1930957.763675529975444],[223153.333455480576959,1930944.494676194619387],[223138.396682392689399,1930944.355244003934786],[223138.269688570522703,1930957.63531723478809]]]]}},
{"type":"Feature","properties":{"full_id":"w356182958","osm_id":"356182958","osm_type":"way","building":"yes","shop":null,"man_made":null,"content":null,"tourism":null,"office":null,"addr:housenumber":null,"name":null,"building:levels":null,"addr:street":null,"addr:postcode":null,"addr:city":null},"geometry":{"type":"MultiPolygon","coordinates":[[[[222814.712201102578547,1931035.655800195643678],[222835.697674504073802,1931035.823071868158877],[222835.92734430130804,1931007.513414603192359],[222814.941841735038906,1931007.346138634253293],[222814.712201102578547,1931035.655800195643678]]]]}},
{"type":"Feature","properties":{"full_id":"w356182960","osm_id":"356182960","osm_type":"way","building":"yes","shop":null,"man_made":null,"content":null,"tourism":null,"office":null,"addr:housenumber":null,"name":null,"building:levels":null,"addr:street":null,"addr:postcode":null,"addr:city":null},"geometry":{"type":"MultiPolygon","coordinates":[[[[223059.963622198149096,1931224.138429996091872],[223076.33962289581541,1931224.601430928101763],[223076.658618343761191,1931213.710821881191805],[223060.293085438665003,1931213.236601894721389],[223059.963622198149096,1931224.138429996091872]]]]}},
{"type":"Feature","properties":{"full_id":"w356182962","osm_id":"356182962","osm_type":"way","building":"yes","shop":null,"man_made":null,"content":null,"tourism":null,"office":null,"addr:housenumber":null,"name":null,"building:levels":null,"addr:street":null,"addr:postcode":null,"addr:city":null},"geometry":{"type":"MultiPolygon","coordinates":[[[[222708.118789741129149,1931087.900707024848089],[222709.108248145203106,1931072.416034126188606],[222699.894897073041648,1931071.83322856714949],[222698.905294133699499,1931087.306830398505554],[222708.118789741129149,1931087.900707024848089]]]]}},
{"type":"Feature","properties":{"full_id":"w356182968","osm_id":"356182968","osm_type":"way","building":"yes","shop":null,"man_made":null,"content":null,"tourism":null,"office":null,"addr:housenumber":null,"name":null,"building:levels":null,"addr:street":null,"addr:postcode":null,"addr:city":null},"geometry":{"type":"MultiPolygon","coordinates":[[[[223181.138711009465624,1931217.688796899514273],[223188.670056630275212,1931218.095425221836194],[223188.958098981354851,1931212.720355969155207],[223194.287552206602413,1931213.01307234656997],[223194.629539127578028,1931206.917423994746059],[223181.779362232191488,1931206.217933103675023],[223181.138711009465624,1931217.688796899514273]]]]}},
{"type":"Feature","properties":{"full_id":"w356182977","osm_id":"356182977","osm_type":"way","building":"yes","shop":null,"man_made":null,"content":null,"tourism":null,"office":null,"addr:housenumber":null,"name":null,"building:levels":null,"addr:street":null,"addr:postcode":null,"addr:city":null},"geometry":{"type":"MultiPolygon","coordinates":[[[[222804.745247832033783,1931316.686702364357188],[222805.72009440039983,1931306.351902597118169],[222802.548361155262683,1931306.051945936167613],[222803.077403517381754,1931300.429920789785683],[222806.185220307728741,1931300.719676782144234],[222807.301323189865798,1931289.054001507814974],[222789.824966642889194,1931287.410214523551986],[222788.747902844450437,1931298.820644072955474],[222795.453166955208872,1931299.448832084890455],[222795.00706180348061,1931304.139462310355157],[222788.365716489439365,1931303.521475472953171],[222787.268914145068265,1931315.042920814361423],[222804.745247832033783,1931316.686702364357188]]]]}},
{"type":"Feature","properties":{"full_id":"w356228066","osm_id":"356228066","osm_type":"way","building":"yes","shop":null,"man_made":null,"content":null,"tourism":null,"office":null,"addr:housenumber":null,"name":null,"building:levels":null,"addr:street":null,"addr:postcode":null,"addr:city":null},"geometry":{"type":"MultiPolygon","coordinates":[[[[223172.69800260826014,1931053.314298058860004],[223179.456454059050884,1931053.941897053970024],[223180.476501686498523,1931043.008508541155607],[223173.70741896959953,1931042.381053767167032],[223172.69800260826014,1931053.314298058860004]]]]}},
{"type":"Feature","properties":{"full_id":"w356228909","osm_id":"356228909","osm_type":"way","building":"yes","shop":null,"man_made":null,"content":null,"tourism":null,"office":null,"addr:housenumber":null,"name":null,"building:levels":null,"addr:street":null,"addr:postcode":null,"addr:city":null},"geometry":{"type":"MultiPolygon","coordinates":[[[[223164.449475705740042,1931085.255027660867199],[223184.505745281290729,1931086.664604564663023],[223185.594386776443571,1931071.411221261601895],[223165.527474802918732,1931070.001786283683032],[223164.449475705740042,1931085.255027660867199]]]]}},
{"type":"Feature","properties":{"full_id":"w360651275","osm_id":"360651275","osm_type":"way","building":"yes","shop":null,"man_made":null,"content":null,"tourism":null,"office":null,"addr:housenumber":null,"name":null,"building:levels":null,"addr:street":null,"addr:postcode":null,"addr:city":null},"geometry":{"type":"MultiPolygon","coordinates":[[[[223084.067432958225254,1930931.873924772720784],[223084.711566535581369,1930925.331166347721592],[223073.844220207480248,1930924.283485105028376],[223073.199938817182556,1930930.815171896712855],[223084.067432958225254,1930931.873924772720784]]]]}},
{"type":"Feature","properties":{"full_id":"w360651277","osm_id":"360651277","osm_type":"way","building":"yes","shop":null,"man_made":null,"content":null,"tourism":null,"office":null,"addr:housenumber":null,"name":null,"building:levels":null,"addr:street":null,"addr:postcode":null,"addr:city":null},"geometry":{"type":"MultiPolygon","coordinates":[[[[222886.134229513409082,1931108.048635435989127],[222891.469361805880908,1931107.975740101886913],[222891.391147773829289,1931102.251274585258216],[222886.056013971799985,1931102.324169731000438],[222886.134229513409082,1931108.048635435989127]]]]}},
{"type":"Feature","properties":{"full_id":"w360651279","osm_id":"360651279","osm_type":"way","building":"yes","shop":null,"man_made":null,"content":null,"tourism":null,"office":null,"addr:housenumber":null,"name":null,"building:levels":null,"addr:street":null,"addr:postcode":null,"addr:city":null},"geometry":{"type":"MultiPolygon","coordinates":[[[[222867.30286168778548,1931061.704297388903797],[222878.377574989397544,1931062.372491362737492],[222878.880823223153129,1931054.081863323692232],[222867.8061055058497,1931053.413668453460559],[222867.30286168778548,1931061.704297388903797]]]]}},
{"type":"Feature","properties":{"full_id":"w360651297","osm_id":"360651297","osm_type":"way","building":"yes","shop":null,"man_made":null,"content":null,"tourism":null,"office":null,"addr:housenumber":null,"name":null,"building:levels":null,"addr:street":null,"addr:postcode":null,"addr:city":null},"geometry":{"type":"MultiPolygon","coordinates":[[[[222690.116657581878826,1931159.765962544828653],[222710.474684256361797,1931159.919515951303765],[222710.542754253896419,1931150.903901748824865],[222690.184718567936216,1931150.750347018707544],[222690.116657581878826,1931159.765962544828653]]]]}},
{"type":"Feature","properties":{"full_id":"w360651302","osm_id":"360651302","osm_type":"way","building":"yes","shop":null,"man_made":null,"content":null,"tourism":null,"office":null,"addr:housenumber":null,"name":null,"building:levels":null,"addr:street":null,"addr:postcode":null,"addr:city":null},"geometry":{"type":"MultiPolygon","coordinates":[[[[222920.494035855983384,1931095.928785492433235],[222927.726658886938822,1931096.250809652730823],[222927.948716283834074,1931091.496802268782631],[222920.70531256130198,1931091.163850523065776],[222920.494035855983384,1931095.928785492433235]]]]}},
{"type":"Feature","properties":{"full_id":"w360651304","osm_id":"360651304","osm_type":"way","building":"yes","shop":null,"man_made":null,"content":null,"tourism":null,"office":null,"addr:housenumber":null,"name":null,"building:levels":null,"addr:street":null,"addr:postcode":null,"addr:city":null},"geometry":{"type":"MultiPolygon","coordinates":[[[[222867.096800107741728,1931046.623595493612811],[222873.716247303469572,1931046.411329401191324],[222873.517040428356268,1931040.389504251768813],[222866.897742543253116,1931040.612842603353783],[222867.096800107741728,1931046.623595493612811]]]]}},
{"type":"Feature","properties":{"full_id":"w360651326","osm_id":"360651326","osm_type":"way","building":"yes","shop":null,"man_made":null,"content":null,"tourism":null,"office":null,"addr:housenumber":null,"name":null,"building:levels":null,"addr:street":null,"addr:postcode":null,"addr:city":null},"geometry":{"type":"MultiPolygon","coordinates":[[[[222874.879324636887759,1931031.954244285123423],[222882.499263834848534,1931032.614274448016658],[222883.105844033416361,1931025.662253921153024],[222875.486053606437054,1931025.013295643031597],[222874.879324636887759,1931031.954244285123423]]]]}},
{"type":"Feature","properties":{"full_id":"w360651330","osm_id":"360651330","osm_type":"way","building":"yes","shop":null,"man_made":null,"content":null,"tourism":null,"office":null,"addr:housenumber":null,"name":null,"building:levels":null,"addr:street":null,"addr:postcode":null,"addr:city":null},"geometry":{"type":"MultiPolygon","coordinates":[[[[222849.389328683610074,1931000.075638096313924],[222857.580309220473282,1931000.517441748874262],[222858.03056699805893,1930992.238611242501065],[222849.839583190914709,1930991.796806949190795],[222849.389328683610074,1931000.075638096313924]]]]}},
{"type":"Feature","properties":{"full_id":"w360651353","osm_id":"360651353","osm_type":"way","building":"yes","shop":null,"man_made":null,"content":null,"tourism":null,"office":null,"addr:housenumber":null,"name":null,"building:levels":null,"addr:street":null,"addr:postcode":null,"addr:city":null},"geometry":{"type":"MultiPolygon","coordinates":[[[[222900.086856892041396,1931285.116998597979546],[222908.065771285560913,1931285.606000815751031],[222908.563224397308659,1931277.669836941640824],[222900.58415566914482,1931277.169761632103473],[222900.086856892041396,1931285.116998597979546]]]]}},
{"type":"Feature","properties":{"full_id":"w360651357","osm_id":"360651357","osm_type":"way","building":"yes","shop":null,"man_made":null,"content":null,"tourism":null,"office":null,"addr:housenumber":null,"name":null,"building:levels":null,"addr:street":null,"addr:postcode":null,"addr:city":null},"geometry":{"type":"MultiPolygon","coordinates":[[[[222928.747587813762948,1931255.787642915733159],[222937.638524483249057,1931256.1202290460933],[222937.795410023943987,1931252.042657914338633],[222928.893995193648152,1931251.721289134118706],[222928.747587813762948,1931255.787642915733159]]]]}},
{"type":"Feature","properties":{"full_id":"w360651360","osm_id":"360651360","osm_type":"way","building":"yes","shop":null,"man_made":null,"content":null,"tourism":null,"office":null,"addr:housenumber":null,"name":null,"building:levels":null,"addr:street":null,"addr:postcode":null,"addr:city":null},"geometry":{"type":"MultiPolygon","coordinates":[[[[222879.338003596465569,1931250.128122148569673],[222885.364503095101099,1931250.090070267673582],[222885.325651382619981,1931243.357283115619794],[222879.298998580197804,1931243.384262260748073],[222879.338003596465569,1931250.128122148569673]]]]}},
{"type":"Feature","properties":{"full_id":"w417153524","osm_id":"417153524","osm_type":"way","building":"yes","shop":null,"man_made":null,"content":null,"tourism":null,"office":null,"addr:housenumber":"913","name":null,"building:levels":null,"addr:street":null,"addr:postcode":null,"addr:city":null},"geometry":{"type":"MultiPolygon","coordinates":[[[[223013.083096455316991,1931272.897485099965706],[223026.007991616264917,1931272.842775781173259],[223025.954398785310332,1931258.801010327879339],[223013.029494678368792,1931258.855718438979238],[223013.083096455316991,1931272.897485099965706]]]]}},
{"type":"Feature","properties":{"full_id":"w417153572","osm_id":"417153572","osm_type":"way","building":"yes","shop":null,"man_made":null,"content":null,"tourism":null,"office":null,"addr:housenumber":null,"name":null,"building:levels":null,"addr:street":null,"addr:postcode":null,"addr:city":null},"geometry":{"type":"MultiPolygon","coordinates":[[[[223155.063981549872551,1931241.035416085505858],[223162.629773090651724,1931241.629830036079511],[223163.419254610780627,1931231.71843836712651],[223155.853459493315313,1931231.124023619107902],[223155.063981549872551,1931241.035416085505858]]]]}},
{"type":"Feature","properties":{"full_id":"w417153574","osm_id":"417153574","osm_type":"way","building":"yes","shop":null,"man_made":null,"content":null,"tourism":null,"office":null,"addr:housenumber":null,"name":null,"building:levels":null,"addr:street":null,"addr:postcode":null,"addr:city":null},"geometry":{"type":"MultiPolygon","coordinates":[[[[223111.884582169703208,1931209.763524815207347],[223120.663305306981783,1931210.441035578027368],[223121.369819164217915,1931201.461031726561487],[223112.590941093396395,1931200.772447674768046],[223111.884582169703208,1931209.763524815207347]]]]}},
{"type":"Feature","properties":{"full_id":"w417163215","osm_id":"417163215","osm_type":"way","building":"yes","shop":null,"man_made":null,"content":null,"tourism":null,"office":null,"addr:housenumber":null,"name":null,"building:levels":null,"addr:street":null,"addr:postcode":null,"addr:city":null},"geometry":{"type":"MultiPolygon","coordinates":[[[[223118.324460848409217,1931010.31217645178549],[223128.238930173101835,1931010.863454016624019],[223128.931706288014539,1930998.539138329681009],[223119.01738222601125,1930997.998932051239535],[223118.324460848409217,1931010.31217645178549]]]]}},
{"type":"Feature","properties":{"full_id":"w417163218","osm_id":"417163218","osm_type":"way","building":"yes","shop":null,"man_made":null,"content":null,"tourism":null,"office":null,"addr:housenumber":null,"name":null,"building:levels":null,"addr:street":null,"addr:postcode":null,"addr:city":null},"geometry":{"type":"MultiPolygon","coordinates":[[[[222890.820891170529649,1931052.733750424347818],[222910.42759692366235,1931053.130350288236514],[222910.651476834958885,1931042.285324932541698],[222891.044760687625967,1931041.888723402516916],[222890.820891170529649,1931052.733750424347818]]]]}},
{"type":"Feature","properties":{"full_id":"w417163221","osm_id":"417163221","osm_type":"way","building":"yes","shop":null,"man_made":null,"content":null,"tourism":null,"office":null,"addr:housenumber":null,"name":null,"building:levels":null,"addr:street":null,"addr:postcode":null,"addr:city":null},"geometry":{"type":"MultiPolygon","coordinates":[[[[223065.270215714699589,1931008.677629085024819],[223076.079587696178351,1931008.596489754272625],[223076.005785128276329,1930998.519686308689415],[223065.196407772775274,1930998.600824934663251],[223065.270215714699589,1931008.677629085024819]]]]}},
{"type":"Feature","properties":{"full_id":"w417163225","osm_id":"417163225","osm_type":"way","building":"yes","shop":null,"man_made":null,"content":null,"tourism":null,"office":null,"addr:housenumber":null,"name":null,"building:levels":null,"addr:street":null,"addr:postcode":null,"addr:city":null},"geometry":{"type":"MultiPolygon","coordinates":[[[[222845.149479041923769,1931050.744208191754296],[222856.06315660016844,1931050.517554134130478],[222855.868970293959137,1931040.97395715280436],[222844.955287578399293,1931041.200610601110384],[222845.149479041923769,1931050.744208191754296]]]]}},
{"type":"Feature","properties":{"full_id":"w417163228","osm_id":"417163228","osm_type":"way","building":"yes","shop":null,"man_made":null,"content":null,"tourism":null,"office":null,"addr:housenumber":null,"name":null,"building:levels":null,"addr:street":null,"addr:postcode":null,"addr:city":null},"geometry":{"type":"MultiPolygon","coordinates":[[[[222836.572105287748855,1931053.91799221909605],[222837.031347675889265,1931061.076942668529227],[222846.165187679463997,1931060.50914507987909],[222845.705797257076483,1931053.339122402947396],[222836.572105287748855,1931053.91799221909605]]]]}},
{"type":"Feature","properties":{"full_id":"w417163234","osm_id":"417163234","osm_type":"way","building":"yes","shop":null,"man_made":null,"content":null,"tourism":null,"office":null,"addr:housenumber":null,"name":null,"building:levels":null,"addr:street":null,"addr:postcode":null,"addr:city":null},"geometry":{"type":"MultiPolygon","coordinates":[[[[223027.847950387164019,1931027.738444970455021],[223051.246961821743753,1931027.950502857100219],[223051.375295977806672,1931013.994855389231816],[223027.976268514932599,1931013.782795125618577],[223027.847950387164019,1931027.738444970455021]]]]}},
{"type":"Feature","properties":{"full_id":"w417163237","osm_id":"417163237","osm_type":"way","building":"yes","shop":null,"man_made":null,"content":null,"tourism":null,"office":null,"addr:housenumber":null,"name":null,"building:levels":null,"addr:street":null,"addr:postcode":null,"addr:city":null},"geometry":{"type":"MultiPolygon","coordinates":[[[[222725.400623370020185,1930951.668999449815601],[222732.876692056481261,1930951.91011286736466],[222734.278441989270505,1930935.478474975097924],[222730.877409704844467,1930934.738673192914575],[222725.400623370020185,1930951.668999449815601]]]]}},
{"type":"Feature","properties":{"full_id":"w417163244","osm_id":"417163244","osm_type":"way","building":"yes","shop":null,"man_made":null,"content":null,"tourism":null,"office":null,"addr:housenumber":null,"name":null,"building:levels":null,"addr:street":null,"addr:postcode":null,"addr:city":null},"geometry":{"type":"MultiPolygon","coordinates":[[[[222789.673679348547012,1930982.375071133254096],[222808.664091289683711,1930982.004788833903149],[222808.471284757717513,1930971.785623694304377],[222789.470235375803895,1930972.156050096731633],[222789.673679348547012,1930982.375071133254096]]]]}},
{"type":"Feature","properties":{"full_id":"w417163247","osm_id":"417163247","osm_type":"way","building":"yes","shop":null,"man_made":null,"content":null,"tourism":null,"office":null,"addr:housenumber":null,"name":null,"building:levels":null,"addr:street":null,"addr:postcode":null,"addr:city":null},"geometry":{"type":"MultiPolygon","coordinates":[[[[222869.883248438010924,1931132.302428974537179],[222881.080009707598947,1931132.570267599308863],[222881.222704934247304,1931126.676665063016117],[222870.025940443098079,1931126.408825909020379],[222869.883248438010924,1931132.302428974537179]]]]}},
{"type":"Feature","properties":{"full_id":"w417163249","osm_id":"417163249","osm_type":"way","building":"yes","shop":null,"man_made":null,"content":null,"tourism":null,"office":null,"addr:housenumber":null,"name":null,"building:levels":null,"addr:street":null,"addr:postcode":null,"addr:city":null},"geometry":{"type":"MultiPolygon","coordinates":[[[[222880.676552082761191,1930990.234787512104958],[222884.536869671428576,1930990.359237743774429],[222884.68528398865601,1930985.661607849877328],[222880.825116796360817,1930985.548229933250695],[222880.676552082761191,1930990.234787512104958]]]]}},
{"type":"Feature","properties":{"full_id":"w417163254","osm_id":"417163254","osm_type":"way","building":"yes","shop":null,"man_made":null,"content":null,"tourism":null,"office":null,"addr:housenumber":null,"name":null,"building:levels":null,"addr:street":null,"addr:postcode":null,"addr:city":null},"geometry":{"type":"MultiPolygon","coordinates":[[[[222810.856224085844588,1931063.848904552403837],[222816.451733800349757,1931064.160041665192693],[222816.970043568639085,1931054.639928459888324],[222811.37468261126196,1931054.33986331615597],[222810.856224085844588,1931063.848904552403837]]]]}},
{"type":"Feature","properties":{"full_id":"w417163260","osm_id":"417163260","osm_type":"way","building":"yes","shop":null,"man_made":null,"content":null,"tourism":null,"office":null,"addr:housenumber":null,"name":null,"building:levels":null,"addr:street":null,"addr:postcode":null,"addr:city":null},"geometry":{"type":"MultiPolygon","coordinates":[[[[222883.845185083569959,1930949.846970648039132],[222891.652409392176196,1930949.43022044445388],[222891.185817083052825,1930940.953503183089197],[222883.378740745247342,1930941.381325577152893],[222883.845185083569959,1930949.846970648039132]]]]}},
{"type":"Feature","properties":{"full_id":"w417163262","osm_id":"417163262","osm_type":"way","building":"yes","shop":null,"man_made":null,"content":null,"tourism":null,"office":null,"addr:housenumber":null,"name":null,"building:levels":null,"addr:street":null,"addr:postcode":null,"addr:city":null},"geometry":{"type":"MultiPolygon","coordinates":[[[[223040.279287134122569,1930881.761556976474822],[223055.25802459398983,1930881.85605323757045],[223055.276801370026078,1930880.117097539128736],[223066.322171915497165,1930880.187784529291093],[223066.375968179141637,1930871.670746438903734],[223040.341220140689984,1930871.505706526804715],[223040.279287134122569,1930881.761556976474822]]]]}},
{"type":"Feature","properties":{"full_id":"w417163265","osm_id":"417163265","osm_type":"way","building":"yes","shop":null,"man_made":null,"content":null,"tourism":null,"office":null,"addr:housenumber":null,"name":null,"building:levels":null,"addr:street":null,"addr:postcode":null,"addr:city":null},"geometry":{"type":"MultiPolygon","coordinates":[[[[222880.08178272144869,1930970.042964225867763],[222888.287523532460909,1930970.008375390432775],[222888.304804426443297,1930973.607362499693409],[222896.712320677354001,1930973.558945599012077],[222896.650537934270687,1930961.255984397605062],[222880.037272251502145,1930961.338988980511203],[222880.08178272144869,1930970.042964225867763]]]]}},
{"type":"Feature","properties":{"full_id":"w417163268","osm_id":"417163268","osm_type":"way","building":"yes","shop":null,"man_made":null,"content":null,"tourism":null,"office":null,"addr:housenumber":null,"name":null,"building:levels":null,"addr:street":null,"addr:postcode":null,"addr:city":null},"geometry":{"type":"MultiPolygon","coordinates":[[[[222961.661043581378181,1930958.817495984723791],[222971.253694396000355,1930959.151606582803652],[222971.514171296148561,1930951.761340235127136],[222961.921517035341822,1930951.427229032618925],[222961.661043581378181,1930958.817495984723791]]]]}},
{"type":"Feature","properties":{"full_id":"w417163274","osm_id":"417163274","osm_type":"way","building":"yes","shop":null,"man_made":null,"content":null,"tourism":null,"office":null,"addr:housenumber":null,"name":null,"building:levels":null,"addr:street":null,"addr:postcode":null,"addr:city":null},"geometry":{"type":"MultiPolygon","coordinates":[[[[223031.357271030836273,1931043.416343529010192],[223050.453224288590718,1931043.775755894603208],[223050.542897002305835,1931039.444394021993503],[223031.436311923956964,1931039.085126138059422],[223031.357271030836273,1931043.416343529010192]]]]}},
{"type":"Feature","properties":{"full_id":"w417192012","osm_id":"417192012","osm_type":"way","building":"yes","shop":null,"man_made":null,"content":null,"tourism":null,"office":null,"addr:housenumber":null,"name":null,"building:levels":null,"addr:street":null,"addr:postcode":null,"addr:city":null},"geometry":{"type":"MultiPolygon","coordinates":[[[[223154.811006638803519,1930868.171134886797518],[223163.931070274906233,1930868.146333570592105],[223163.911119423166383,1930862.011327963555232],[223154.791053030523472,1930862.036128906067461],[223154.811006638803519,1930868.171134886797518]]]]}},
{"type":"Feature","properties":{"full_id":"w417192015","osm_id":"417192015","osm_type":"way","building":"yes","shop":null,"man_made":null,"content":null,"tourism":null,"office":null,"addr:housenumber":null,"name":null,"building:levels":null,"addr:street":null,"addr:postcode":null,"addr:city":null},"geometry":{"type":"MultiPolygon","coordinates":[[[[223137.429280717333313,1930791.706313737435266],[223150.957490974164102,1930792.219370585633442],[223151.391211884852964,1930781.161091192159802],[223137.852215340069961,1930780.637105647008866],[223137.429280717333313,1930791.706313737435266]]]]}},
{"type":"Feature","properties":{"full_id":"w417192029","osm_id":"417192029","osm_type":"way","building":"yes","shop":null,"man_made":null,"content":null,"tourism":null,"office":null,"addr:housenumber":null,"name":null,"building:levels":null,"addr:street":null,"addr:postcode":null,"addr:city":null},"geometry":{"type":"MultiPolygon","coordinates":[[[[222725.24101005186094,1930887.892871398013085],[222743.931113543338142,1930896.652071454329416],[222747.87790698983008,1930888.325439700623974],[222729.187798696919344,1930879.56623524823226],[222725.24101005186094,1930887.892871398013085]]]]}},
{"type":"Feature","properties":{"full_id":"w417192062","osm_id":"417192062","osm_type":"way","building":"yes","shop":null,"man_made":null,"content":null,"tourism":null,"office":null,"addr:housenumber":null,"name":null,"building:levels":null,"addr:street":null,"addr:postcode":null,"addr:city":null},"geometry":{"type":"MultiPolygon","coordinates":[[[[222765.690380027634092,1930860.871826981892809],[222765.879321263520978,1930866.140726586803794],[222775.643476046447176,1930865.796861082548276],[222775.454386040917598,1930860.516889267601073],[222765.690380027634092,1930860.871826981892809]]]]}},
{"type":"Feature","properties":{"full_id":"w417195139","osm_id":"417195139","osm_type":"way","building":"yes","shop":null,"man_made":null,"content":null,"tourism":null,"office":null,"addr:housenumber":null,"name":null,"building:levels":null,"addr:street":null,"addr:postcode":null,"addr:city":null},"geometry":{"type":"MultiPolygon","coordinates":[[[[222734.349241485237144,1931274.225757945794612],[222742.054427916998975,1931274.906706090085208],[222742.68083257653052,1931267.85472927079536],[222734.975794949743431,1931267.184853003360331],[222734.349241485237144,1931274.225757945794612]]]]}},
{"type":"Feature","properties":{"full_id":"w417196265","osm_id":"417196265","osm_type":"way","building":"yes","shop":null,"man_made":null,"content":null,"tourism":null,"office":null,"addr:housenumber":null,"name":null,"building:levels":null,"addr:street":null,"addr:postcode":null,"addr:city":null},"geometry":{"type":"MultiPolygon","coordinates":[[[[222707.556184883054812,1931252.775227712234482],[222718.751987485855352,1931252.976533047389239],[222718.977471479214728,1931240.702848558081314],[222707.781662153080106,1931240.501542162382975],[222707.556184883054812,1931252.775227712234482]]]]}},
{"type":"Feature","properties":{"full_id":"w417196268","osm_id":"417196268","osm_type":"way","building":"yes","shop":null,"man_made":null,"content":null,"tourism":null,"office":null,"addr:housenumber":null,"name":null,"building:levels":null,"addr:street":null,"addr:postcode":null,"addr:city":null},"geometry":{"type":"MultiPolygon","coordinates":[[[[222782.967335593828466,1931017.451207430101931],[222805.003624034347013,1931017.504417197080329],[222805.049491834244691,1931003.749211284564808],[222783.013037151948083,1931003.684926921734586],[222782.967335593828466,1931017.451207430101931]]]]}},
{"type":"Feature","properties":{"full_id":"w561429505","osm_id":"561429505","osm_type":"way","building":"residential","shop":null,"man_made":null,"content":null,"tourism":null,"office":null,"addr:housenumber":null,"name":"Sahiti's Ram kuteer","building:levels":"1","addr:street":"Jay hindi enclave road","addr:postcode":"500081","addr:city":"Hyderabad"},"geometry":{"type":"MultiPolygon","coordinates":[[[[222698.433994908758905,1930881.005503219552338],[222703.992375526751857,1930870.04323584260419],[222723.953851531492546,1930880.047539063030854],[222718.395464613568038,1930891.009799958439544],[222698.433994908758905,1930881.005503219552338]]]]}},
{"type":"Feature","properties":{"full_id":"w568255056","osm_id":"568255056","osm_type":"way","building":"yes","shop":null,"man_made":null,"content":null,"tourism":null,"office":null,"addr:housenumber":null,"name":"Sri Srinivasa Men's PG","building:levels":"5","addr:street":null,"addr:postcode":null,"addr:city":null},"geometry":{"type":"MultiPolygon","coordinates":[[[[222957.551994811801706,1930905.461177620571107],[222965.975909559288993,1930905.833401667885482],[222966.758607746858615,1930888.424631946720183],[222958.345313762081787,1930888.052261423319578],[222957.551994811801706,1930905.461177620571107]]]]}},
{"type":"Feature","properties":{"full_id":"w568474051","osm_id":"568474051","osm_type":"way","building":"yes","shop":null,"man_made":null,"content":null,"tourism":null,"office":null,"addr:housenumber":"812","name":"Akhil Sai Vihar","building:levels":null,"addr:street":null,"addr:postcode":null,"addr:city":null},"geometry":{"type":"MultiPolygon","coordinates":[[[[223000.528397834626958,1931280.599644281901419],[223000.229716285655741,1931292.973970815306529],[223023.675777693570126,1931293.539692649850622],[223023.984949833480641,1931281.154150826390833],[223000.528397834626958,1931280.599644281901419]]]]}},
{"type":"Feature","properties":{"full_id":"w568474053","osm_id":"568474053","osm_type":"way","building":"yes","shop":null,"man_made":null,"content":null,"tourism":null,"office":null,"addr:housenumber":null,"name":null,"building:levels":null,"addr:street":null,"addr:postcode":null,"addr:city":null},"geometry":{"type":"MultiPolygon","coordinates":[[[[222740.43889096903149,1931229.046939480816945],[222739.917967792658601,1931240.70448600850068],[222759.605420610751025,1931241.576014952268451],[222760.126203534833621,1931229.907398010138422],[222740.43889096903149,1931229.046939480816945]]]]}},
{"type":"Feature","properties":{"full_id":"w568474552","osm_id":"568474552","osm_type":"way","building":"yes","shop":null,"man_made":null,"content":null,"tourism":null,"office":null,"addr:housenumber":null,"name":null,"building:levels":null,"addr:street":null,"addr:postcode":null,"addr:city":null},"geometry":{"type":"MultiPolygon","coordinates":[[[[222936.179382040223572,1931203.77977733919397],[222960.428989114414435,1931204.799594713607803],[222960.961163739033509,1931192.399926538346335],[222936.711390823300462,1931191.369034023024142],[222936.179382040223572,1931203.77977733919397]]]]}},
{"type":"Feature","properties":{"full_id":"w568973274","osm_id":"568973274","osm_type":"way","building":"yes","shop":null,"man_made":null,"content":null,"tourism":null,"office":null,"addr:housenumber":null,"name":null,"building:levels":null,"addr:street":null,"addr:postcode":null,"addr:city":null},"geometry":{"type":"MultiPolygon","coordinates":[[[[222838.612151557230391,1930909.943279872415587],[222848.452605417696759,1930910.517590142088011],[222849.695717562164646,1930889.470061957137659],[222839.855253733985592,1930888.895749684423208],[222838.612151557230391,1930909.943279872415587]]]]}},
{"type":"Feature","properties":{"full_id":"w572397641","osm_id":"572397641","osm_type":"way","building":"yes","shop":null,"man_made":null,"content":null,"tourism":null,"office":null,"addr:housenumber":null,"name":null,"building:levels":null,"addr:street":null,"addr:postcode":null,"addr:city":null},"geometry":{"type":"MultiPolygon","coordinates":[[[[222979.006426126870792,1930866.794929513940588],[222978.451171158987563,1930878.286794379120693],[222985.187273223418742,1930878.050830909516662],[222985.246156479464844,1930873.022192946868017],[222985.527360962936655,1930867.148855038685724],[222979.006426126870792,1930866.794929513940588]]]]}},
{"type":"Feature","properties":{"full_id":"w572397642","osm_id":"572397642","osm_type":"way","building":"yes","shop":null,"man_made":null,"content":null,"tourism":null,"office":null,"addr:housenumber":null,"name":null,"building:levels":null,"addr:street":null,"addr:postcode":null,"addr:city":null},"geometry":{"type":"MultiPolygon","coordinates":[[[[222946.637270969571546,1930886.93860482191667],[222946.391358325548936,1930894.616611036937684],[222948.77351158572128,1930894.694819031748921],[222948.68469359196024,1930897.53111110185273],[222956.139511164743453,1930897.772599422372878],[222956.474095276091248,1930887.247229486238211],[222946.637270969571546,1930886.93860482191667]]]]}},
{"type":"Feature","properties":{"full_id":"w642197592","osm_id":"642197592","osm_type":"way","building":"residential","shop":null,"man_made":null,"content":null,"tourism":null,"office":null,"addr:housenumber":null,"name":null,"building:levels":null,"addr:street":null,"addr:postcode":null,"addr:city":null},"geometry":{"type":"MultiPolygon","coordinates":[[[[222806.103131583775394,1930872.390774338040501],[222806.685391576495022,1930852.769809733144939],[222820.73300842725439,1930853.175873461877927],[222820.150735006958712,1930872.796835788525641],[222806.103131583775394,1930872.390774338040501]]]]}},
{"type":"Feature","properties":{"full_id":"w642208337","osm_id":"642208337","osm_type":"way","building":"residential","shop":null,"man_made":null,"content":null,"tourism":null,"office":null,"addr:housenumber":null,"name":null,"building:levels":null,"addr:street":null,"addr:postcode":null,"addr:city":null},"geometry":{"type":"MultiPolygon","coordinates":[[[[223041.05325222958345,1931122.156681790016592],[223040.392644600011408,1931136.053153621964157],[223014.630963774572592,1931134.843463908182457],[223015.291554086375982,1931120.946988811250776],[223041.05325222958345,1931122.156681790016592]]]]}},
{"type":"Feature","properties":{"full_id":"w642208338","osm_id":"642208338","osm_type":"way","building":"residential","shop":null,"man_made":null,"content":null,"tourism":null,"office":null,"addr:housenumber":null,"name":null,"building:levels":null,"addr:street":null,"addr:postcode":null,"addr:city":null},"geometry":{"type":"MultiPolygon","coordinates":[[[[222974.186976043856703,1930817.457296239910647],[222974.8082492609974,1930803.793923572171479],[222999.867705391545314,1930804.924619918456301],[222999.246264397981577,1930818.576917040161788],[222974.186976043856703,1930817.457296239910647]]]]}},
{"type":"Feature","properties":{"full_id":"w740707429","osm_id":"740707429","osm_type":"way","building":"yes","shop":null,"man_made":null,"content":null,"tourism":null,"office":null,"addr:housenumber":null,"name":null,"building:levels":null,"addr:street":null,"addr:postcode":null,"addr:city":null},"geometry":{"type":"MultiPolygon","coordinates":[[[[222670.375372655165847,1931118.428808039287105],[222671.144272249599453,1931096.922587590292096],[222685.054636845947243,1931097.407931037480012],[222684.285722711181734,1931118.914148924639449],[222670.375372655165847,1931118.428808039287105]]]]}},
{"type":"Feature","properties":{"full_id":"w740773339","osm_id":"740773339","osm_type":"way","building":"yes","shop":null,"man_made":null,"content":null,"tourism":null,"office":null,"addr:housenumber":null,"name":"Avni Heights","building:levels":null,"addr:street":null,"addr:postcode":null,"addr:city":null},"geometry":{"type":"MultiPolygon","coordinates":[[[[222693.214922764454968,1931132.923185127554461],[222693.146309555566404,1931120.908235545502976],[222714.414274624083191,1931120.750344440340996],[222714.504282117180992,1931132.776074217166752],[222693.214922764454968,1931132.923185127554461]]]]}},
{"type":"Feature","properties":{"full_id":"w742092830","osm_id":"742092830","osm_type":"way","building":"yes","shop":null,"man_made":null,"content":null,"tourism":null,"office":null,"addr:housenumber":null,"name":null,"building:levels":null,"addr:street":null,"addr:postcode":null,"addr:city":null},"geometry":{"type":"MultiPolygon","coordinates":[[[[222745.835675206792075,1931228.042896147584543],[222763.825463952263817,1931228.361763800028712],[222764.088709635194391,1931214.182746193604544],[222749.118388554255944,1931213.911193583393469],[222748.999684772163164,1931220.779035682789981],[222745.969577938085422,1931220.731864119647071],[222745.835675206792075,1931228.042896147584543]]]]}},
{"type":"Feature","properties":{"full_id":"w742092831","osm_id":"742092831","osm_type":"way","building":"water_tower","shop":null,"man_made":"storage_tank","content":"water","tourism":null,"office":null,"addr:housenumber":null,"name":null,"building:levels":null,"addr:street":null,"addr:postcode":null,"addr:city":null},"geometry":{"type":"MultiPolygon","coordinates":[[[[222778.75733134202892,1931172.164748289855197],[222777.385380190506112,1931173.667490719119087],[222776.432148467050865,1931175.474596912274137],[222775.959586237790063,1931177.452325449790806],[222775.997911665413994,1931179.478443225845695],[222776.54561106901383,1931181.442225465551019],[222777.558205813053064,1931183.200311102205887],[222778.991974086558912,1931184.664701478322968],[222780.738973759813234,1931185.715052171377465],[222782.692322266986594,1931186.308526076609269],[222784.734509383852128,1931186.402431341819465],[222786.737699919380248,1931185.976366290822625],[222788.57496677414747,1931185.07636404898949],[222790.119534152094275,1931183.759530165698379],[222791.297916134295519,1931182.093316293088719],[222792.015976658731233,1931180.189754504011944],[222792.232718194660265,1931178.160150542622432],[222791.939480355009437,1931176.148591810138896],[222791.148555508931167,1931174.276730260578915],[222789.914595608017407,1931172.654564352007583],[222788.313508125720546,1931171.391802030382678],[222786.45247842016397,1931170.553425553720444],[222784.428215549443848,1931170.215634908294305],[222782.389507847547065,1931170.37639637873508],[222780.464039555168711,1931171.045039209770039],[222778.75733134202892,1931172.164748289855197]]]]}},
{"type":"Feature","properties":{"full_id":"w742092832","osm_id":"742092832","osm_type":"way","building":"water_tower","shop":null,"man_made":"storage_tank","content":"water","tourism":null,"office":null,"addr:housenumber":null,"name":null,"building:levels":null,"addr:street":null,"addr:postcode":null,"addr:city":null},"geometry":{"type":"MultiPolygon","coordinates":[[[[222796.615181379485875,1931152.717397168045864],[222794.664082668081392,1931156.177173415431753],[222793.632266752945725,1931160.011993873398751],[222793.590797802607995,1931163.977247058413923],[222794.547124787815847,1931167.840265660779551],[222796.44447628542548,1931171.336036675376818],[222799.141664599708747,1931174.244999230839312],[222802.498259033018257,1931176.402954898541793],[222806.278482375317253,1931177.66915754461661],[222810.268569850944914,1931177.957932795863599],[222814.191747209872119,1931177.239840036723763],[222817.825740851345472,1931175.584364435635507],[222820.927324230666272,1931173.083426436409354],[222823.307317144121043,1931169.894654914503917],[222824.809027528797742,1931166.219532822724432],[222825.33998335635988,1931162.291889058193192],[222824.882106480537914,1931158.344535881653428],[222823.449655866425019,1931154.643067365046591],[222821.13067940226756,1931151.407771105645224],[222818.076840292895213,1931148.846990846563131],[222814.481707719503902,1931147.12419947842136],[222810.559350011462811,1931146.347216984955594],[222806.576217788504437,1931146.567774594994262],[222802.765667885425501,1931147.749459332320839],[222799.371684823359828,1931149.855712776770815],[222796.615181379485875,1931152.717397168045864]]]]}},
{"type":"Feature","properties":{"full_id":"w742092833","osm_id":"742092833","osm_type":"way","building":"yes","shop":null,"man_made":null,"content":null,"tourism":null,"office":null,"addr:housenumber":null,"name":null,"building:levels":null,"addr:street":null,"addr:postcode":null,"addr:city":null},"geometry":{"type":"MultiPolygon","coordinates":[[[[222849.695717562164646,1930889.470061957137659],[222848.452605417696759,1930910.517590142088011],[222859.048392415395938,1930911.136957438662648],[222860.291515292890836,1930890.08943141088821],[222849.695717562164646,1930889.470061957137659]]]]}},
{"type":"Feature","properties":{"full_id":"w742092835","osm_id":"742092835","osm_type":"way","building":"shed","shop":null,"man_made":null,"content":null,"tourism":null,"office":null,"addr:housenumber":null,"name":null,"building:levels":null,"addr:street":null,"addr:postcode":null,"addr:city":null},"geometry":{"type":"MultiPolygon","coordinates":[[[[222667.160044734890107,1930986.674528776668012],[222683.235379941179417,1930994.672049054177478],[222686.060629246348981,1930989.062922282144427],[222669.985291425837204,1930981.065399346174672],[222667.160044734890107,1930986.674528776668012]]]]}},
{"type":"Feature","properties":{"full_id":"w744820520","osm_id":"744820520","osm_type":"way","building":"yes","shop":null,"man_made":null,"content":null,"tourism":null,"office":null,"addr:housenumber":null,"name":null,"building:levels":null,"addr:street":null,"addr:postcode":null,"addr:city":null},"geometry":{"type":"MultiPolygon","coordinates":[[[[223082.516217635711655,1930911.684110406553373],[223087.815231832617428,1930912.076897287741303],[223088.722216708469205,1930899.87147354753688],[223083.423350583470892,1930899.489758447278291],[223082.516217635711655,1930911.684110406553373]]]]}},
{"type":"Feature","properties":{"full_id":"w744820521","osm_id":"744820521","osm_type":"way","building":"yes","shop":null,"man_made":null,"content":null,"tourism":null,"office":null,"addr:housenumber":null,"name":null,"building:levels":null,"addr:street":null,"addr:postcode":null,"addr:city":null},"geometry":{"type":"MultiPolygon","coordinates":[[[[223115.184694473049603,1930965.636149803176522],[223131.843112104921602,1930966.527277567889541],[223132.173713402240537,1930960.37641030899249],[223115.515441978932358,1930959.496354030678049],[223115.184694473049603,1930965.636149803176522]]]]}},
{"type":"Feature","properties":{"full_id":"w744820522","osm_id":"744820522","osm_type":"way","building":"yes","shop":null,"man_made":null,"content":null,"tourism":null,"office":null,"addr:housenumber":null,"name":null,"building:levels":null,"addr:street":null,"addr:postcode":null,"addr:city":null},"geometry":{"type":"MultiPolygon","coordinates":[[[[223130.720253614825197,1930985.502170845633373],[223148.079482639092021,1930986.339444916229695],[223148.613062213407829,1930975.589885727269575],[223131.253824169340078,1930974.75260993768461],[223130.720253614825197,1930985.502170845633373]]]]}},
{"type":"Feature","properties":{"full_id":"w744820523","osm_id":"744820523","osm_type":"way","building":"yes","shop":null,"man_made":null,"content":null,"tourism":null,"office":null,"addr:housenumber":null,"name":null,"building:levels":null,"addr:street":null,"addr:postcode":null,"addr:city":null},"geometry":{"type":"MultiPolygon","coordinates":[[[[223151.602347890555393,1931053.63546452857554],[223168.605812206922565,1931054.112144473707303],[223168.879394660762046,1931044.562182295368984],[223151.876073564169928,1931044.096573464339599],[223151.602347890555393,1931053.63546452857554]]]]}},
{"type":"Feature","properties":{"full_id":"w744820525","osm_id":"744820525","osm_type":"way","building":"yes","shop":null,"man_made":null,"content":null,"tourism":null,"office":null,"addr:housenumber":null,"name":null,"building:levels":null,"addr:street":null,"addr:postcode":null,"addr:city":null},"geometry":{"type":"MultiPolygon","coordinates":[[[[223027.357662243884988,1931044.766680719796568],[223025.837477239896543,1931071.222325494047254],[223048.592032650311012,1931072.506327548762783],[223050.11224665219197,1931046.050688548479229],[223027.357662243884988,1931044.766680719796568]]]]}},
{"type":"Feature","properties":{"full_id":"w744820527","osm_id":"744820527","osm_type":"way","building":"yes","shop":"supermarket","man_made":null,"content":null,"tourism":null,"office":null,"addr:housenumber":null,"name":"Sampoorna Super mart","building:levels":null,"addr:street":null,"addr:postcode":null,"addr:city":null},"geometry":{"type":"MultiPolygon","coordinates":[[[[222969.374297158035915,1931287.703145446488634],[222981.390351416717749,1931288.037355684442446],[222981.491494704561774,1931284.547497521387413],[222969.475438401859719,1931284.213286937680095],[222969.374297158035915,1931287.703145446488634]]]]}},
{"type":"Feature","properties":{"full_id":"w744820528","osm_id":"744820528","osm_type":"way","building":"yes","shop":null,"man_made":null,"content":null,"tourism":null,"office":null,"addr:housenumber":null,"name":null,"building:levels":null,"addr:street":null,"addr:postcode":null,"addr:city":null},"geometry":{"type":"MultiPolygon","coordinates":[[[[222933.922757175401784,1931275.130593618610874],[222933.687084812845569,1931291.335854698205367],[222950.559524345560931,1931291.570473423693329],[222950.795210105075967,1931275.365214405581355],[222933.922757175401784,1931275.130593618610874]]]]}},
{"type":"Feature","properties":{"full_id":"w744820529","osm_id":"744820529","osm_type":"way","building":"yes","shop":null,"man_made":null,"content":null,"tourism":null,"office":null,"addr:housenumber":null,"name":null,"building:levels":null,"addr:street":null,"addr:postcode":null,"addr:city":null},"geometry":{"type":"MultiPolygon","coordinates":[[[[222910.976262840966228,1931250.448884625220671],[222910.652366323338356,1931257.862173506058753],[222924.372653973347042,1931258.44993081712164],[222924.68592774256831,1931251.036788046825677],[222910.976262840966228,1931250.448884625220671]]]]}},
{"type":"Feature","properties":{"full_id":"w744820531","osm_id":"744820531","osm_type":"way","building":"yes","shop":null,"man_made":null,"content":null,"tourism":null,"office":null,"addr:housenumber":null,"name":null,"building:levels":null,"addr:street":null,"addr:postcode":null,"addr:city":null},"geometry":{"type":"MultiPolygon","coordinates":[[[[222934.078523920383304,1931250.742345185717568],[222953.758025040733628,1931251.813509423285723],[222954.570106509607285,1931237.339078678749502],[222934.879812703526113,1931236.256984455510974],[222934.078523920383304,1931250.742345185717568]]]]}},
{"type":"Feature","properties":{"full_id":"w744820532","osm_id":"744820532","osm_type":"way","building":"yes","shop":null,"man_made":null,"content":null,"tourism":null,"office":null,"addr:housenumber":null,"name":null,"building:levels":null,"addr:street":null,"addr:postcode":null,"addr:city":null},"geometry":{"type":"MultiPolygon","coordinates":[[[[222887.114263957424555,1931142.432749792234972],[222885.230788200453389,1931166.401630127569661],[222895.893079775676597,1931167.230503676692024],[222897.765788702701684,1931143.250698790187016],[222887.114263957424555,1931142.432749792234972]]]]}},
{"type":"Feature","properties":{"full_id":"w744820533","osm_id":"744820533","osm_type":"way","building":"yes","shop":null,"man_made":null,"content":null,"tourism":null,"office":null,"addr:housenumber":null,"name":null,"building:levels":null,"addr:street":null,"addr:postcode":null,"addr:city":null},"geometry":{"type":"MultiPolygon","coordinates":[[[[222802.693175132677425,1931108.225410450948402],[222802.542075048026163,1931115.835685718571767],[222812.791922440403141,1931116.038908537477255],[222812.70654051884776,1931120.680308080278337],[222824.838253226189408,1931120.913189705926925],[222825.085374071495607,1931108.661371415248141],[222802.693175132677425,1931108.225410450948402]]]]}},
{"type":"Feature","properties":{"full_id":"w744820534","osm_id":"744820534","osm_type":"way","building":"yes","shop":null,"man_made":null,"content":null,"tourism":null,"office":null,"addr:housenumber":null,"name":null,"building:levels":null,"addr:street":null,"addr:postcode":null,"addr:city":null},"geometry":{"type":"MultiPolygon","coordinates":[[[[222744.68966291565448,1931136.438834269298241],[222743.849073065561242,1931149.595812767511234],[222767.414191607385874,1931151.078825220931321],[222768.25464499485679,1931137.910777316894382],[222744.68966291565448,1931136.438834269298241]]]]}},
{"type":"Feature","properties":{"full_id":"w744820535","osm_id":"744820535","osm_type":"way","building":"yes","shop":null,"man_made":null,"content":null,"tourism":null,"office":null,"addr:housenumber":null,"name":null,"building:levels":null,"addr:street":null,"addr:postcode":null,"addr:city":null},"geometry":{"type":"MultiPolygon","coordinates":[[[[222752.831632982008159,1931106.082945682341233],[222774.364626441791188,1931107.42763472860679],[222774.785463706881274,1931100.88790147495456],[222753.252463483309839,1931099.543211030075327],[222752.831632982008159,1931106.082945682341233]]]]}},
{"type":"Feature","properties":{"full_id":"w744820536","osm_id":"744820536","osm_type":"way","building":"yes","shop":null,"man_made":null,"content":null,"tourism":null,"office":null,"addr:housenumber":null,"name":null,"building:levels":null,"addr:street":null,"addr:postcode":null,"addr:city":null},"geometry":{"type":"MultiPolygon","coordinates":[[[[222753.652567311597522,1931098.485659835161641],[222775.80273572227452,1931099.87728764815256],[222776.300154308264609,1931091.941115306690335],[222754.160756583907641,1931090.560412960592657],[222753.652567311597522,1931098.485659835161641]]]]}},
{"type":"Feature","properties":{"full_id":"w744820537","osm_id":"744820537","osm_type":"way","building":"yes","shop":null,"man_made":null,"content":null,"tourism":null,"office":null,"addr:housenumber":null,"name":null,"building:levels":null,"addr:street":null,"addr:postcode":null,"addr:city":null},"geometry":{"type":"MultiPolygon","coordinates":[[[[222753.893884098739363,1931089.700246501946822],[222776.427115712489467,1931091.119863686151803],[222777.373172247898765,1931076.344565995736048],[222754.829448218923062,1931074.936163265956566],[222753.893884098739363,1931089.700246501946822]]]]}},
{"type":"Feature","properties":{"full_id":"w744820538","osm_id":"744820538","osm_type":"way","building":"yes","shop":null,"man_made":null,"content":null,"tourism":null,"office":null,"addr:housenumber":null,"name":null,"building:levels":null,"addr:street":null,"addr:postcode":null,"addr:city":null},"geometry":{"type":"MultiPolygon","coordinates":[[[[222687.042576471401844,1931036.780807898845524],[222685.946759288548492,1931058.479760791640729],[222699.902535641740542,1931059.174913867376745],[222700.998216072912328,1931037.464891301933676],[222687.042576471401844,1931036.780807898845524]]]]}},
{"type":"Feature","properties":{"full_id":"w744820540","osm_id":"744820540","osm_type":"way","building":"yes","shop":null,"man_made":null,"content":null,"tourism":null,"office":null,"addr:housenumber":null,"name":null,"building:levels":null,"addr:street":null,"addr:postcode":null,"addr:city":null},"geometry":{"type":"MultiPolygon","coordinates":[[[[222679.610078089404851,1930812.700320130214095],[222684.276063441473525,1930815.770627503748983],[222687.650938831444364,1930810.707719215890393],[222691.630529937683605,1930813.333355381852016],[222694.745007206802256,1930808.661617608508095],[222686.099429648485966,1930802.96567175956443],[222679.610078089404851,1930812.700320130214095]]]]}},
{"type":"Feature","properties":{"full_id":"w749364275","osm_id":"749364275","osm_type":"way","building":"yes","shop":null,"man_made":null,"content":null,"tourism":null,"office":null,"addr:housenumber":null,"name":null,"building:levels":null,"addr:street":null,"addr:postcode":null,"addr:city":null},"geometry":{"type":"MultiPolygon","coordinates":[[[[222757.698242968646809,1931027.409300515893847],[222772.119114826666191,1931027.134663276607171],[222771.914784486114513,1931016.073987512150779],[222757.483125571394339,1931016.337696599774063],[222757.698242968646809,1931027.409300515893847]]]]}},
{"type":"Feature","properties":{"full_id":"w749364276","osm_id":"749364276","osm_type":"way","building":"yes","shop":null,"man_made":null,"content":null,"tourism":null,"office":null,"addr:housenumber":null,"name":null,"building:levels":null,"addr:street":null,"addr:postcode":null,"addr:city":null},"geometry":{"type":"MultiPolygon","coordinates":[[[[222843.713278670329601,1930968.978377615800127],[222849.570271829608828,1930968.975867680506781],[222849.573783279396594,1930962.231427219696343],[222843.716636875702534,1930962.222864414099604],[222843.713278670329601,1930968.978377615800127]]]]}},
{"type":"Feature","properties":{"full_id":"w749464193","osm_id":"749464193","osm_type":"way","building":"yes","shop":null,"man_made":null,"content":null,"tourism":null,"office":null,"addr:housenumber":null,"name":null,"building:levels":null,"addr:street":null,"addr:postcode":null,"addr:city":null},"geometry":{"type":"MultiPolygon","coordinates":[[[[223009.374663344351575,1930960.890185587340966],[223018.214094490394928,1930961.334274900378659],[223018.617178474611137,1930953.488008939893916],[223009.777743979007937,1930953.043918980984017],[223009.374663344351575,1930960.890185587340966]]]]}},
{"type":"Feature","properties":{"full_id":"w749464194","osm_id":"749464194","osm_type":"way","building":"yes","shop":null,"man_made":null,"content":null,"tourism":null,"office":null,"addr:housenumber":null,"name":null,"building:levels":null,"addr:street":null,"addr:postcode":null,"addr:city":null},"geometry":{"type":"MultiPolygon","coordinates":[[[[223024.676978638803121,1931043.064588208450004],[223028.249877575726714,1931043.159765492193401],[223028.63360692653805,1931028.447560128290206],[223025.071484414569568,1931028.363309743348509],[223024.676978638803121,1931043.064588208450004]]]]}},
{"type":"Feature","properties":{"full_id":"w749464195","osm_id":"749464195","osm_type":"way","building":"yes","shop":null,"man_made":null,"content":null,"tourism":null,"office":null,"addr:housenumber":null,"name":null,"building:levels":null,"addr:street":null,"addr:postcode":null,"addr:city":null},"geometry":{"type":"MultiPolygon","coordinates":[[[[223016.156696153921075,1931175.731919585959986],[223023.141066515818238,1931175.780500533524901],[223023.181001310003921,1931170.143022438511252],[223016.19662901153788,1931170.094441208522767],[223016.156696153921075,1931175.731919585959986]]]]}},
{"type":"Feature","properties":{"full_id":"w749464196","osm_id":"749464196","osm_type":"way","building":"yes","shop":null,"man_made":null,"content":null,"tourism":null,"office":null,"addr:housenumber":null,"name":null,"building:levels":null,"addr:street":null,"addr:postcode":null,"addr:city":null},"geometry":{"type":"MultiPolygon","coordinates":[[[[222987.102391760738101,1931166.925817806040868],[222991.950444782152772,1931166.992493783589453],[222992.013358954223804,1931163.038028512150049],[222987.165153755340725,1931162.960279928753152],[222987.102391760738101,1931166.925817806040868]]]]}},
{"type":"Feature","properties":{"full_id":"w749464197","osm_id":"749464197","osm_type":"way","building":"yes","shop":null,"man_made":null,"content":null,"tourism":null,"office":null,"addr:housenumber":null,"name":null,"building:levels":null,"addr:street":null,"addr:postcode":null,"addr:city":null},"geometry":{"type":"MultiPolygon","coordinates":[[[[222982.41048670449527,1931133.932441054610536],[222982.092730144853704,1931148.023579623783007],[223008.132731371500995,1931148.598176766885445],[223008.461284810153302,1931134.517968414351344],[222982.41048670449527,1931133.932441054610536]]]]}},
{"type":"Feature","properties":{"full_id":"w749468104","osm_id":"749468104","osm_type":"way","building":"yes","shop":null,"man_made":null,"content":null,"tourism":null,"office":null,"addr:housenumber":null,"name":null,"building:levels":null,"addr:street":null,"addr:postcode":null,"addr:city":null},"geometry":{"type":"MultiPolygon","coordinates":[[[[223068.568823123874608,1930963.76971786771901],[223083.976237487222534,1930964.124161568470299],[223084.238346107187681,1930952.957470483379439],[223068.830923344008625,1930952.60302541195415],[223068.568823123874608,1930963.76971786771901]]]]}},
{"type":"Feature","properties":{"full_id":"w749468105","osm_id":"749468105","osm_type":"way","building":"yes","shop":null,"man_made":null,"content":null,"tourism":null,"office":null,"addr:housenumber":null,"name":null,"building:levels":null,"addr:street":null,"addr:postcode":null,"addr:city":null},"geometry":{"type":"MultiPolygon","coordinates":[[[[223061.493544987402856,1931040.369096597889438],[223066.479937459691428,1931040.444980488857254],[223066.544533615466207,1931036.612314966507256],[223061.547512429126073,1931036.536576043115929],[223061.493544987402856,1931040.369096597889438]]]]}},
{"type":"Feature","properties":{"full_id":"w749468106","osm_id":"749468106","osm_type":"way","building":"yes","shop":null,"man_made":null,"content":null,"tourism":null,"office":null,"addr:housenumber":null,"name":null,"building:levels":null,"addr:street":null,"addr:postcode":null,"addr:city":null},"geometry":{"type":"MultiPolygon","coordinates":[[[[223062.79384109453531,1931174.51915117027238],[223080.167480134172365,1931175.644083996769041],[223080.985772171290591,1931163.174076754366979],[223063.601646218041424,1931162.060359344119206],[223062.79384109453531,1931174.51915117027238]]]]}},
{"type":"Feature","properties":{"full_id":"w749468107","osm_id":"749468107","osm_type":"way","building":"yes","shop":null,"man_made":null,"content":null,"tourism":null,"office":null,"addr:housenumber":null,"name":null,"building:levels":null,"addr:street":null,"addr:postcode":null,"addr:city":null},"geometry":{"type":"MultiPolygon","coordinates":[[[[223044.99100698903203,1931173.101081898901612],[223061.491364258923568,1931174.105030481470749],[223062.247693240002263,1931161.768761128885671],[223045.747477385913953,1931160.775883014546707],[223044.99100698903203,1931173.101081898901612]]]]}},
{"type":"Feature","properties":{"full_id":"w749468108","osm_id":"749468108","osm_type":"way","building":"yes","shop":null,"man_made":null,"content":null,"tourism":null,"office":null,"addr:housenumber":null,"name":null,"building:levels":null,"addr:street":null,"addr:postcode":null,"addr:city":null},"geometry":{"type":"MultiPolygon","coordinates":[[[[223034.297223707661033,1931292.940572011517361],[223051.845497750269715,1931294.406390720978379],[223052.678791028389242,1931284.594058061484247],[223035.119881143327802,1931283.128382621798664],[223034.297223707661033,1931292.940572011517361]]]]}},
{"type":"Feature","properties":{"full_id":"w749468109","osm_id":"749468109","osm_type":"way","building":"yes","shop":null,"man_made":null,"content":null,"tourism":null,"office":null,"addr:housenumber":null,"name":null,"building:levels":null,"addr:street":null,"addr:postcode":null,"addr:city":null},"geometry":{"type":"MultiPolygon","coordinates":[[[[223116.023196422669571,1930993.576776958303526],[223122.873392368841451,1930993.915170639753342],[223123.371399420255329,1930983.675521859666333],[223116.53197903704131,1930983.348054903792217],[223116.023196422669571,1930993.576776958303526]]]]}},
{"type":"Feature","properties":{"full_id":"w749468110","osm_id":"749468110","osm_type":"way","building":"yes","shop":null,"man_made":null,"content":null,"tourism":null,"office":null,"addr:housenumber":null,"name":null,"building:levels":null,"addr:street":null,"addr:postcode":null,"addr:city":null},"geometry":{"type":"MultiPolygon","coordinates":[[[[223110.035030673607253,1931008.885981483617797],[223117.160486343724187,1931009.14309313474223],[223117.56364165263949,1930998.184894977603108],[223110.438182188721839,1930997.927782654995099],[223110.035030673607253,1931008.885981483617797]]]]}},
{"type":"Feature","properties":{"full_id":"w749475246","osm_id":"749475246","osm_type":"way","building":"yes","shop":null,"man_made":null,"content":null,"tourism":null,"office":null,"addr:housenumber":null,"name":null,"building:levels":null,"addr:street":null,"addr:postcode":null,"addr:city":null},"geometry":{"type":"MultiPolygon","coordinates":[[[[223181.143622159434017,1931226.614786041202024],[223187.778159689507447,1931226.734642976894975],[223187.905069487169385,1931219.67844732827507],[223181.281157339981291,1931219.558444966562092],[223181.143622159434017,1931226.614786041202024]]]]}},
{"type":"Feature","properties":{"full_id":"w749475248","osm_id":"749475248","osm_type":"way","building":"yes","shop":null,"man_made":null,"content":null,"tourism":null,"office":null,"addr:housenumber":null,"name":null,"building:levels":null,"addr:street":null,"addr:postcode":null,"addr:city":null},"geometry":{"type":"MultiPolygon","coordinates":[[[[223155.309790412022267,1930999.729509884025902],[223173.067316902277526,1930999.376394257647917],[223172.84668620058801,1930987.88406463782303],[223155.088998475577682,1930988.22610661201179],[223155.309790412022267,1930999.729509884025902]]]]}},
{"type":"Feature","properties":{"full_id":"w749475249","osm_id":"749475249","osm_type":"way","building":"yes","shop":null,"man_made":null,"content":null,"tourism":null,"office":null,"addr:housenumber":null,"name":null,"building:levels":null,"addr:street":null,"addr:postcode":null,"addr:city":null},"geometry":{"type":"MultiPolygon","coordinates":[[[[223147.195537184772547,1931094.460898320190609],[223147.178530069533736,1931099.444661239627749],[223155.161926875414792,1931099.479654284426942],[223155.178935945325065,1931094.495891643455252],[223147.195537184772547,1931094.460898320190609]]]]}},
{"type":"Feature","properties":{"full_id":"w749475250","osm_id":"749475250","osm_type":"way","building":"yes","shop":null,"man_made":null,"content":null,"tourism":null,"office":null,"addr:housenumber":null,"name":null,"building:levels":null,"addr:street":null,"addr:postcode":null,"addr:city":null},"geometry":{"type":"MultiPolygon","coordinates":[[[[223157.011022854305338,1931180.431249263929203],[223156.452229697431903,1931191.66843335237354],[223174.428441165073309,1931192.552653369260952],[223174.987244084884878,1931181.315471142763272],[223157.011022854305338,1931180.431249263929203]]]]}},
{"type":"Feature","properties":{"full_id":"w749475251","osm_id":"749475251","osm_type":"way","building":"yes","shop":null,"man_made":null,"content":null,"tourism":null,"office":null,"addr:housenumber":null,"name":null,"building:levels":null,"addr:street":null,"addr:postcode":null,"addr:city":null},"geometry":{"type":"MultiPolygon","coordinates":[[[[223144.342981773836073,1931240.572674640920013],[223150.328322324436158,1931240.634934260277078],[223150.414615261717699,1931232.161752957152203],[223144.429423379770014,1931232.110565416980535],[223144.342981773836073,1931240.572674640920013]]]]}},
{"type":"Feature","properties":{"full_id":"w749475252","osm_id":"749475252","osm_type":"way","building":"yes","shop":null,"man_made":null,"content":null,"tourism":null,"office":null,"addr:housenumber":null,"name":null,"building:levels":null,"addr:street":null,"addr:postcode":null,"addr:city":null},"geometry":{"type":"MultiPolygon","coordinates":[[[[223132.345392562507186,1931238.477264239452779],[223141.048498477553949,1931239.067218048730865],[223141.686263889889233,1931229.722695416538045],[223132.983154076791834,1931229.132740785367787],[223132.345392562507186,1931238.477264239452779]]]]}},
{"type":"Feature","properties":{"full_id":"w749475253","osm_id":"749475253","osm_type":"way","building":"yes","shop":null,"man_made":null,"content":null,"tourism":null,"office":null,"addr:housenumber":null,"name":null,"building:levels":null,"addr:street":null,"addr:postcode":null,"addr:city":null},"geometry":{"type":"MultiPolygon","coordinates":[[[[223162.369484746595845,1931245.144003857625648],[223161.843325590889435,1931254.099393114913255],[223169.832404255925212,1931254.555136571638286],[223170.358566858340055,1931245.599748005159199],[223162.369484746595845,1931245.144003857625648]]]]}},
{"type":"Feature","properties":{"full_id":"w749512847","osm_id":"749512847","osm_type":"way","building":"yes","shop":null,"man_made":null,"content":null,"tourism":null,"office":null,"addr:housenumber":null,"name":null,"building:levels":null,"addr:street":null,"addr:postcode":null,"addr:city":null},"geometry":{"type":"MultiPolygon","coordinates":[[[[222907.181250058114529,1930957.114213133230805],[222907.124283691635355,1930960.725288544781506],[222909.6228824321297,1930960.768676419509575],[222909.679697979649063,1930957.146528611890972],[222907.181250058114529,1930957.114213133230805]]]]}},
{"type":"Feature","properties":{"full_id":"w749512848","osm_id":"749512848","osm_type":"way","building":"yes","shop":null,"man_made":null,"content":null,"tourism":null,"office":null,"addr:housenumber":null,"name":null,"building:levels":null,"addr:street":null,"addr:postcode":null,"addr:city":null},"geometry":{"type":"MultiPolygon","coordinates":[[[[222916.498498316272162,1930939.622066681040451],[222919.918696394772269,1930939.431376000633463],[222919.723168857221026,1930936.012017246335745],[222916.302970193268266,1930936.202707879710943],[222916.498498316272162,1930939.622066681040451]]]]}},
{"type":"Feature","properties":{"full_id":"w749512849","osm_id":"749512849","osm_type":"way","building":"yes","shop":null,"man_made":null,"content":null,"tourism":null,"office":null,"addr:housenumber":null,"name":null,"building:levels":null,"addr:street":null,"addr:postcode":null,"addr:city":null},"geometry":{"type":"MultiPolygon","coordinates":[[[[222888.208043020102195,1931060.665591952158138],[222892.129693217750173,1931060.612011062446982],[222892.027125368011184,1931053.104878655867651],[222888.105473715346307,1931053.158459363039583],[222888.208043020102195,1931060.665591952158138]]]]}},
{"type":"Feature","properties":{"full_id":"w749512850","osm_id":"749512850","osm_type":"way","building":"yes","shop":null,"man_made":null,"content":null,"tourism":null,"office":null,"addr:housenumber":null,"name":null,"building:levels":null,"addr:street":null,"addr:postcode":null,"addr:city":null},"geometry":{"type":"MultiPolygon","coordinates":[[[[222826.005933697742876,1931041.459560919553041],[222814.177199613011908,1931041.621214170474559],[222814.248925999039784,1931046.869565842906013],[222826.077657015062869,1931046.707912207813933],[222826.005933697742876,1931041.459560919553041]]]]}},
{"type":"Feature","properties":{"full_id":"w749512851","osm_id":"749512851","osm_type":"way","building":"yes","shop":null,"man_made":null,"content":null,"tourism":null,"office":null,"addr:housenumber":null,"name":null,"building:levels":null,"addr:street":null,"addr:postcode":null,"addr:city":null},"geometry":{"type":"MultiPolygon","coordinates":[[[[222835.704381732037291,1931041.758932613069192],[222835.666841515747365,1931049.124013476772234],[222843.076376781857107,1931049.166729260934517],[222843.113768374023493,1931041.790576313622296],[222835.704381732037291,1931041.758932613069192]]]]}},
{"type":"Feature","properties":{"full_id":"w749512852","osm_id":"749512852","osm_type":"way","building":"yes","shop":null,"man_made":null,"content":null,"tourism":null,"office":null,"addr:housenumber":null,"name":null,"building:levels":null,"addr:street":null,"addr:postcode":null,"addr:city":null},"geometry":{"type":"MultiPolygon","coordinates":[[[[222884.621454161067959,1931095.35573931527324],[222884.493770496628713,1931098.45835360721685],[222889.769072225841228,1931098.674213591963053],[222889.896605400950648,1931095.560526975197718],[222884.621454161067959,1931095.35573931527324]]]]}},
{"type":"Feature","properties":{"full_id":"w749512853","osm_id":"749512853","osm_type":"way","building":"yes","shop":null,"man_made":null,"content":null,"tourism":null,"office":null,"addr:housenumber":null,"name":null,"building:levels":null,"addr:street":null,"addr:postcode":null,"addr:city":null},"geometry":{"type":"MultiPolygon","coordinates":[[[[222861.222979844082147,1931094.40188329690136],[222861.21810578223085,1931097.934727067127824],[222877.748206653341185,1931097.9967953520827],[222877.763560057734139,1931094.452734302030876],[222861.222979844082147,1931094.40188329690136]]]]}},
{"type":"Feature","properties":{"full_id":"w749512854","osm_id":"749512854","osm_type":"way","building":"yes","shop":null,"man_made":null,"content":null,"tourism":null,"office":null,"addr:housenumber":null,"name":null,"building:levels":null,"addr:street":null,"addr:postcode":null,"addr:city":null},"geometry":{"type":"MultiPolygon","coordinates":[[[[222899.470585252856836,1931106.980457205092534],[222908.162120666529518,1931106.717740012099966],[222907.814251427946147,1931095.26035130629316],[222899.122711069299839,1931095.523067964473739],[222899.470585252856836,1931106.980457205092534]]]]}},
{"type":"Feature","properties":{"full_id":"w749512855","osm_id":"749512855","osm_type":"way","building":"yes","shop":null,"man_made":null,"content":null,"tourism":null,"office":null,"addr:housenumber":null,"name":null,"building:levels":null,"addr:street":null,"addr:postcode":null,"addr:city":null},"geometry":{"type":"MultiPolygon","coordinates":[[[[222882.822804303141311,1931126.311491131549701],[222882.854879834980238,1931131.770798687590286],[222893.069349424331449,1931131.71982969972305],[222893.037276642164215,1931126.260522508062422],[222882.822804303141311,1931126.311491131549701]]]]}},
{"type":"Feature","properties":{"full_id":"w749512856","osm_id":"749512856","osm_type":"way","building":"yes","shop":null,"man_made":null,"content":null,"tourism":null,"office":null,"addr:housenumber":null,"name":null,"building:levels":null,"addr:street":null,"addr:postcode":null,"addr:city":null},"geometry":{"type":"MultiPolygon","coordinates":[[[[222857.162348629150074,1931141.070097187533975],[222874.411167359969113,1931140.834398155566305],[222874.339452832413372,1931135.58604803448543],[222857.090629626589362,1931135.821746507426724],[222857.162348629150074,1931141.070097187533975]]]]}},
{"type":"Feature","properties":{"full_id":"w749512857","osm_id":"749512857","osm_type":"way","building":"yes","shop":null,"man_made":null,"content":null,"tourism":null,"office":null,"addr:housenumber":null,"name":null,"building:levels":null,"addr:street":null,"addr:postcode":null,"addr:city":null},"geometry":{"type":"MultiPolygon","coordinates":[[[[222865.746999513998162,1931273.780791222350672],[222865.055291117343586,1931286.946795398369431],[222886.744306777487509,1931288.056875783484429],[222887.43618026515469,1931274.901946750469506],[222865.746999513998162,1931273.780791222350672]]]]}},
{"type":"Feature","properties":{"full_id":"w749515766","osm_id":"749515766","osm_type":"way","building":"yes","shop":null,"man_made":null,"content":null,"tourism":null,"office":null,"addr:housenumber":null,"name":null,"building:levels":null,"addr:street":null,"addr:postcode":null,"addr:city":null},"geometry":{"type":"MultiPolygon","coordinates":[[[[222933.030302186845802,1930976.374091019155458],[222954.136201589484699,1930976.794563113944605],[222954.338664380076807,1930966.713977686828002],[222933.243382400367409,1930966.293358755065128],[222933.030302186845802,1930976.374091019155458]]]]}},
{"type":"Feature","properties":{"full_id":"w749515767","osm_id":"749515767","osm_type":"way","building":"yes","shop":null,"man_made":null,"content":null,"tourism":null,"office":null,"addr:housenumber":null,"name":null,"building:levels":null,"addr:street":null,"addr:postcode":null,"addr:city":null},"geometry":{"type":"MultiPolygon","coordinates":[[[[222956.16556741023669,1930989.956606144085526],[222964.150833826395683,1930990.124399646651],[222964.33146674715681,1930982.33654011762701],[222956.346197293023579,1930982.16874612076208],[222956.16556741023669,1930989.956606144085526]]]]}},
{"type":"Feature","properties":{"full_id":"w749519608","osm_id":"749519608","osm_type":"way","building":"yes","shop":null,"man_made":null,"content":null,"tourism":null,"office":null,"addr:housenumber":null,"name":null,"building:levels":null,"addr:street":null,"addr:postcode":null,"addr:city":null},"geometry":{"type":"MultiPolygon","coordinates":[[[[222956.274950695224106,1930980.065559073584154],[222982.797615971707273,1930981.718867423478514],[222983.662555249175057,1930967.996792368823662],[222957.140023727086373,1930966.354552893200889],[222956.274950695224106,1930980.065559073584154]]]]}},
{"type":"Feature","properties":{"full_id":"w749519677","osm_id":"749519677","osm_type":"way","building":"yes","shop":null,"man_made":null,"content":null,"tourism":null,"office":null,"addr:housenumber":null,"name":null,"building:levels":null,"addr:street":null,"addr:postcode":null,"addr:city":null},"geometry":{"type":"MultiPolygon","coordinates":[[[[223076.756296299106907,1930905.561017840635031],[223080.464356371958274,1930905.432872318662703],[223080.080484095262364,1930893.665902358014137],[223076.372421852778643,1930893.794047649949789],[223076.756296299106907,1930905.561017840635031]]]]}},
{"type":"Feature","properties":{"full_id":"w749687326","osm_id":"749687326","osm_type":"way","building":"yes","shop":null,"man_made":null,"content":null,"tourism":null,"office":null,"addr:housenumber":null,"name":null,"building:levels":null,"addr:street":null,"addr:postcode":null,"addr:city":null},"geometry":{"type":"MultiPolygon","coordinates":[[[[223151.582870869606268,1930877.761421489994973],[223151.801279564911965,1930883.639005337608978],[223160.778791943739634,1930883.294986408436671],[223160.560536991455592,1930877.428475273540244],[223151.582870869606268,1930877.761421489994973]]]]}},
{"type":"Feature","properties":{"full_id":"w749687327","osm_id":"749687327","osm_type":"way","building":"yes","shop":null,"man_made":null,"content":null,"tourism":null,"office":null,"addr:housenumber":null,"name":null,"building:levels":null,"addr:street":null,"addr:postcode":null,"addr:city":null},"geometry":{"type":"MultiPolygon","coordinates":[[[[223153.395394956460223,1930875.045577274402604],[223157.755233963951468,1930875.163264696020633],[223157.90024068846833,1930870.210979894734919],[223153.540249505604152,1930870.082219847245142],[223153.395394956460223,1930875.045577274402604]]]]}},
{"type":"Feature","properties":{"full_id":"w749687328","osm_id":"749687328","osm_type":"way","building":"yes","shop":null,"man_made":null,"content":null,"tourism":null,"office":null,"addr:housenumber":null,"name":null,"building:levels":null,"addr:street":null,"addr:postcode":null,"addr:city":null},"geometry":{"type":"MultiPolygon","coordinates":[[[[223140.170528346905485,1930882.734599419636652],[223149.019853889069054,1930883.123242659959942],[223149.668935816851445,1930868.374210513429716],[223140.830231815460138,1930867.985421044984832],[223140.170528346905485,1930882.734599419636652]]]]}},
{"type":"Feature","properties":{"full_id":"w749687329","osm_id":"749687329","osm_type":"way","building":"yes","shop":null,"man_made":null,"content":null,"tourism":null,"office":null,"addr:housenumber":null,"name":null,"building:levels":null,"addr:street":null,"addr:postcode":null,"addr:city":null},"geometry":{"type":"MultiPolygon","coordinates":[[[[223159.869939388649072,1930833.837558476021513],[223171.319034226879012,1930833.891721752705052],[223171.37232355523156,1930822.218463274883106],[223159.923222148965579,1930822.164299055468291],[223159.869939388649072,1930833.837558476021513]]]]}},
{"type":"Feature","properties":{"full_id":"w749687334","osm_id":"749687334","osm_type":"way","building":"yes","shop":null,"man_made":null,"content":null,"tourism":null,"office":null,"addr:housenumber":null,"name":null,"building:levels":null,"addr:street":null,"addr:postcode":null,"addr:city":null},"geometry":{"type":"MultiPolygon","coordinates":[[[[223052.376768446760252,1930807.851165754953399],[223052.561441330763046,1930819.820197861874476],[223069.374464467924554,1930819.568507010582834],[223069.200429431744851,1930807.599331034813076],[223052.376768446760252,1930807.851165754953399]]]]}},
{"type":"Feature","properties":{"full_id":"w749687335","osm_id":"749687335","osm_type":"way","building":"yes","shop":null,"man_made":null,"content":null,"tourism":null,"office":null,"addr:housenumber":null,"name":null,"building:levels":null,"addr:street":null,"addr:postcode":null,"addr:city":null},"geometry":{"type":"MultiPolygon","coordinates":[[[[223023.989177274575923,1930805.868812870467082],[223023.791867245628964,1930817.887361087603495],[223047.150876818515826,1930818.266115060076118],[223047.319702517823316,1930808.053104488644749],[223044.257658080838155,1930808.006315293954685],[223044.286004705762025,1930806.189707293640822],[223023.989177274575923,1930805.868812870467082]]]]}},
{"type":"Feature","properties":{"full_id":"w749687336","osm_id":"749687336","osm_type":"way","building":"yes","shop":null,"man_made":null,"content":null,"tourism":null,"office":null,"addr:housenumber":null,"name":null,"building:levels":null,"addr:street":null,"addr:postcode":null,"addr:city":null},"geometry":{"type":"MultiPolygon","coordinates":[[[[222985.846113093546592,1930874.143600918585435],[222989.832471236819401,1930874.155607840977609],[222992.862169873958919,1930874.169605506351218],[222992.895284897938836,1930865.697143100434914],[222985.868748536217026,1930865.682355694938451],[222985.846113093546592,1930874.143600918585435]]]]}},
{"type":"Feature","properties":{"full_id":"w749687337","osm_id":"749687337","osm_type":"way","building":"yes","shop":null,"man_made":null,"content":null,"tourism":null,"office":null,"addr:housenumber":null,"name":null,"building:levels":null,"addr:street":null,"addr:postcode":null,"addr:city":null},"geometry":{"type":"MultiPolygon","coordinates":[[[[222943.941800584841985,1930846.021820420399308],[222943.66125109983841,1930859.724842239171267],[222968.754689458641224,1930860.234852526104078],[222969.035255750524811,1930846.531833398388699],[222943.941800584841985,1930846.021820420399308]]]]}},
{"type":"Feature","properties":{"full_id":"w749687339","osm_id":"749687339","osm_type":"way","building":"yes","shop":null,"man_made":null,"content":null,"tourism":null,"office":null,"addr:housenumber":null,"name":null,"building:levels":null,"addr:street":null,"addr:postcode":null,"addr:city":null},"geometry":{"type":"MultiPolygon","coordinates":[[[[222792.597432462905999,1930871.191024379339069],[222799.815581823932007,1930871.225275307893753],[222799.879094841948245,1930860.315986321540549],[222792.671418185287621,1930860.270517118507996],[222792.597432462905999,1930871.191024379339069]]]]}},
{"type":"Feature","properties":{"full_id":"w749687340","osm_id":"749687340","osm_type":"way","building":"yes","shop":null,"man_made":null,"content":null,"tourism":null,"office":null,"addr:housenumber":null,"name":null,"building:levels":null,"addr:street":null,"addr:postcode":null,"addr:city":null},"geometry":{"type":"MultiPolygon","coordinates":[[[[222792.599676464975346,1930848.798274533124641],[222792.165774539869744,1930858.272935637505725],[222801.621535496495198,1930858.697440983029082],[222802.066069652093574,1930849.222635452635586],[222792.599676464975346,1930848.798274533124641]]]]}},
{"type":"Feature","properties":{"full_id":"w749687341","osm_id":"749687341","osm_type":"way","building":"yes","shop":null,"man_made":null,"content":null,"tourism":null,"office":null,"addr:housenumber":null,"name":null,"building:levels":null,"addr:street":null,"addr:postcode":null,"addr:city":null},"geometry":{"type":"MultiPolygon","coordinates":[[[[222809.895006897917483,1930827.055170283885673],[222808.320791850739624,1930847.985409975517541],[222821.185350059822667,1930848.939219153486192],[222822.770205874287058,1930828.008837048429996],[222809.895006897917483,1930827.055170283885673]]]]}},
{"type":"Feature","properties":{"full_id":"w749742830","osm_id":"749742830","osm_type":"way","building":"yes","shop":null,"man_made":null,"content":null,"tourism":null,"office":null,"addr:housenumber":null,"name":null,"building:levels":null,"addr:street":null,"addr:postcode":null,"addr:city":null},"geometry":{"type":"MultiPolygon","coordinates":[[[[222803.260107876034454,1930795.804894337663427],[222801.671983317064587,1930802.49346833396703],[222807.39854336209828,1930803.83275506272912],[222808.986669560952578,1930797.144181752344593],[222803.260107876034454,1930795.804894337663427]]]]}},
{"type":"Feature","properties":{"full_id":"w749742831","osm_id":"749742831","osm_type":"way","building":"yes","shop":null,"man_made":null,"content":null,"tourism":null,"office":null,"addr:housenumber":null,"name":null,"building:levels":null,"addr:street":null,"addr:postcode":null,"addr:city":null},"geometry":{"type":"MultiPolygon","coordinates":[[[[222785.966050851566251,1930822.310035256436095],[222784.417278486245777,1930831.8774545697961],[222793.472485045553185,1930833.326289743650705],[222795.031889254343696,1930823.758726448053494],[222785.966050851566251,1930822.310035256436095]]]]}},
{"type":"Feature","properties":{"full_id":"w749742832","osm_id":"749742832","osm_type":"way","building":"yes","shop":null,"man_made":null,"content":null,"tourism":null,"office":null,"addr:housenumber":null,"name":null,"building:levels":null,"addr:street":null,"addr:postcode":null,"addr:city":null},"geometry":{"type":"MultiPolygon","coordinates":[[[[222749.804518996214028,1930869.073698412394151],[222746.824016785772983,1930875.770237772027031],[222757.432711345900316,1930880.442661613924429],[222760.423843759519514,1930873.74597891420126],[222749.804518996214028,1930869.073698412394151]]]]}},
{"type":"Feature","properties":{"full_id":"w749742833","osm_id":"749742833","osm_type":"way","building":"yes","shop":null,"man_made":null,"content":null,"tourism":null,"office":null,"addr:housenumber":null,"name":null,"building:levels":null,"addr:street":null,"addr:postcode":null,"addr:city":null},"geometry":{"type":"MultiPolygon","coordinates":[[[[222734.220603268186096,1930871.368724622996524],[222730.57535966677824,1930879.203957265010104],[222750.04402683180524,1930888.151863028062508],[222753.689275224576704,1930880.316634638467804],[222734.220603268186096,1930871.368724622996524]]]]}},
{"type":"Feature","properties":{"full_id":"w750233203","osm_id":"750233203","osm_type":"way","building":"yes","shop":null,"man_made":null,"content":null,"tourism":null,"office":null,"addr:housenumber":null,"name":null,"building:levels":null,"addr:street":null,"addr:postcode":null,"addr:city":null},"geometry":{"type":"MultiPolygon","coordinates":[[[[223131.444075994717423,1931260.439259620616212],[223130.990675945184194,1931271.608561824541539],[223138.510017476219218,1931271.915661956416443],[223138.383661353960633,1931275.117921979632229],[223130.534712720138486,1931274.804247553925961],[223130.088465557084419,1931285.718738534022123],[223146.201134141301736,1931286.362575349630788],[223146.647843315149657,1931275.481303271604702],[223142.074629487644415,1931275.30009718076326],[223142.186079661070835,1931272.563170403009281],[223147.057170567801222,1931272.762459084391594],[223147.535508982196916,1931261.083390444749966],[223131.444075994717423,1931260.439259620616212]]]]}},
{"type":"Feature","properties":{"full_id":"w750233204","osm_id":"750233204","osm_type":"way","building":"yes","shop":null,"man_made":null,"content":null,"tourism":null,"office":null,"addr:housenumber":null,"name":null,"building:levels":null,"addr:street":null,"addr:postcode":null,"addr:city":null},"geometry":{"type":"MultiPolygon","coordinates":[[[[223129.749553655972704,1931001.606688887579367],[223132.671289518941194,1931001.500358568970114],[223132.588224058970809,1930999.308738887077197],[223129.666639024333563,1930999.426141623640433],[223129.749553655972704,1931001.606688887579367]]]]}},
{"type":"Feature","properties":{"full_id":"w752929134","osm_id":"752929134","osm_type":"way","building":"yes","shop":null,"man_made":null,"content":null,"tourism":null,"office":null,"addr:housenumber":null,"name":null,"building:levels":null,"addr:street":null,"addr:postcode":null,"addr:city":null},"geometry":{"type":"MultiPolygon","coordinates":[[[[222710.268393392267171,1931170.487457067007199],[222718.718047089409083,1931170.416228893212974],[222718.656041391252074,1931164.326074562035501],[222710.206536541925743,1931164.408374889520928],[222710.268393392267171,1931170.487457067007199]]]]}},
{"type":"Feature","properties":{"full_id":"w753835728","osm_id":"753835728","osm_type":"way","building":"roof","shop":null,"man_made":null,"content":null,"tourism":null,"office":null,"addr:housenumber":null,"name":null,"building:levels":null,"addr:street":null,"addr:postcode":null,"addr:city":null},"geometry":{"type":"MultiPolygon","coordinates":[[[[222983.862005569157191,1931279.885963516077027],[222983.842857980693225,1931283.153210962424055],[222995.015698898176197,1931283.233159190276638],[222995.045627177867573,1931279.976839298848063],[222983.862005569157191,1931279.885963516077027]]]]}},
{"type":"Feature","properties":{"full_id":"w753867061","osm_id":"753867061","osm_type":"way","building":"yes","shop":null,"man_made":null,"content":null,"tourism":null,"office":null,"addr:housenumber":null,"name":null,"building:levels":null,"addr:street":null,"addr:postcode":null,"addr:city":null},"geometry":{"type":"MultiPolygon","coordinates":[[[[223066.872535583213903,1930801.374010196654126],[223070.486475496494677,1930801.357895866269246],[223070.455616137594916,1930794.425670236116275],[223066.841674986877479,1930794.441784400725737],[223066.872535583213903,1930801.374010196654126]]]]}},
{"type":"Feature","properties":{"full_id":"w753880425","osm_id":"753880425","osm_type":"way","building":"yes","shop":null,"man_made":null,"content":null,"tourism":null,"office":null,"addr:housenumber":null,"name":null,"building:levels":null,"addr:street":null,"addr:postcode":null,"addr:city":null},"geometry":{"type":"MultiPolygon","coordinates":[[[[223180.183669493242633,1931231.046619293745607],[223177.72720891085919,1931259.785284664481878],[223195.062777777027804,1931261.243058586027473],[223197.530040839512367,1931232.515326044056565],[223180.183669493242633,1931231.046619293745607]]]]}},
{"type":"Feature","properties":{"full_id":"w753891930","osm_id":"753891930","osm_type":"way","building":"yes","shop":null,"man_made":null,"content":null,"tourism":null,"office":null,"addr:housenumber":null,"name":null,"building:levels":null,"addr:street":null,"addr:postcode":null,"addr:city":null},"geometry":{"type":"MultiPolygon","coordinates":[[[[223066.57142118253978,1931020.675715363817289],[223085.081501358305104,1931020.943492160877213],[223085.237629080598708,1931009.80039640632458],[223066.727538801671471,1931009.532618059543893],[223066.57142118253978,1931020.675715363817289]]]]}},
{"type":"Feature","properties":{"full_id":"w753918916","osm_id":"753918916","osm_type":"way","building":"yes","shop":null,"man_made":null,"content":null,"tourism":null,"office":null,"addr:housenumber":null,"name":null,"building:levels":null,"addr:street":null,"addr:postcode":null,"addr:city":null},"geometry":{"type":"MultiPolygon","coordinates":[[[[222688.344169804709964,1930799.989154468057677],[222703.460845929337665,1930807.833698036149144],[222711.034304702305235,1930793.421856114873663],[222695.917622569599189,1930785.577305927639827],[222688.344169804709964,1930799.989154468057677]]]]}},
{"type":"Feature","properties":{"full_id":"w753918922","osm_id":"753918922","osm_type":"way","building":"yes","shop":null,"man_made":null,"content":null,"tourism":null,"office":null,"addr:housenumber":null,"name":null,"building:levels":null,"addr:street":null,"addr:postcode":null,"addr:city":null},"geometry":{"type":"MultiPolygon","coordinates":[[[[222711.819304660253692,1930864.066729107638821],[222731.081795271020383,1930873.482569436309859],[222736.615760766260792,1930862.288082359591499],[222717.353263775003143,1930852.872235757531598],[222711.819304660253692,1930864.066729107638821]]]]}},
{"type":"Feature","properties":{"full_id":"w753918923","osm_id":"753918923","osm_type":"way","building":"yes","shop":null,"man_made":null,"content":null,"tourism":null,"office":null,"addr:housenumber":null,"name":null,"building:levels":null,"addr:street":null,"addr:postcode":null,"addr:city":null},"geometry":{"type":"MultiPolygon","coordinates":[[[[223012.010042038571555,1930877.540566951036453],[223037.778503368666861,1930880.001630938379094],[223039.081656793539878,1930866.450774857075885],[223013.323806832777336,1930863.989561754511669],[223012.010042038571555,1930877.540566951036453]]]]}},
{"type":"Feature","properties":{"full_id":"w1082080839","osm_id":"1082080839","osm_type":"way","building":"yes","shop":null,"man_made":null,"content":null,"tourism":null,"office":null,"addr:housenumber":null,"name":null,"building:levels":null,"addr:street":null,"addr:postcode":null,"addr:city":null},"geometry":{"type":"MultiPolygon","coordinates":[[[[223177.01938030263409,1931272.563859253656119],[223195.220360087114386,1931273.566838125232607],[223195.869977383234072,1931261.974033073522151],[223177.668987427372485,1931260.971052193082869],[223177.01938030263409,1931272.563859253656119]]]]}},
{"type":"Feature","properties":{"full_id":"w1082080840","osm_id":"1082080840","osm_type":"way","building":"yes","shop":null,"man_made":null,"content":null,"tourism":null,"office":null,"addr:housenumber":null,"name":null,"building:levels":null,"addr:street":null,"addr:postcode":null,"addr:city":null},"geometry":{"type":"MultiPolygon","coordinates":[[[[223030.824945895234123,1930968.626294840592891],[223031.643325766955968,1930954.605850751511753],[223058.111200675484724,1930956.138189810095355],[223057.292802938725799,1930970.158630324527621],[223030.824945895234123,1930968.626294840592891]]]]}},
{"type":"Feature","properties":{"full_id":"w1082080841","osm_id":"1082080841","osm_type":"way","building":"yes","shop":null,"man_made":null,"content":null,"tourism":null,"office":null,"addr:housenumber":null,"name":null,"building:levels":null,"addr:street":null,"addr:postcode":null,"addr:city":null},"geometry":{"type":"MultiPolygon","coordinates":[[[[223111.854886043118313,1930982.570239875931293],[223112.671515039575752,1930970.753659529378638],[223130.259082478820346,1930971.964336761273444],[223129.442292379622813,1930983.769842550624162],[223111.854886043118313,1930982.570239875931293]]]]}},
{"type":"Feature","properties":{"full_id":"w1082080842","osm_id":"1082080842","osm_type":"way","building":"yes","shop":null,"man_made":null,"content":null,"tourism":null,"office":null,"addr:housenumber":null,"name":null,"building:levels":null,"addr:street":null,"addr:postcode":null,"addr:city":null},"geometry":{"type":"MultiPolygon","coordinates":[[[[223176.015885011118371,1930987.995853597763926],[223193.162094937812071,1930988.802849327214062],[223192.574246755626518,1931000.250838581938297],[223175.895015205664095,1931000.168388952501118],[223176.015885011118371,1930987.995853597763926]]]]}},
{"type":"Feature","properties":{"full_id":"w1082080843","osm_id":"1082080843","osm_type":"way","building":"yes","shop":null,"man_made":null,"content":null,"tourism":null,"office":null,"addr:housenumber":null,"name":null,"building:levels":null,"addr:street":null,"addr:postcode":null,"addr:city":null},"geometry":{"type":"MultiPolygon","coordinates":[[[[223169.939064879319631,1931026.407671122113243],[223170.352065769664478,1931013.832465273793787],[223154.878969042794779,1931013.334890018915758],[223154.476605397823732,1931025.909952439600602],[223169.939064879319631,1931026.407671122113243]]]]}},
{"type":"Feature","properties":{"full_id":"w1082080844","osm_id":"1082080844","osm_type":"way","building":"yes","shop":null,"man_made":null,"content":null,"tourism":null,"office":null,"addr:housenumber":null,"name":null,"building:levels":null,"addr:street":null,"addr:postcode":null,"addr:city":null},"geometry":{"type":"MultiPolygon","coordinates":[[[[223076.757150876976084,1931009.174188231350854],[223077.49487186758779,1930996.251228477107361],[223099.845339782361407,1930997.518668087664992],[223099.107453715696465,1931010.430552626028657],[223076.757150876976084,1931009.174188231350854]]]]}},
{"type":"Feature","properties":{"full_id":"w1082080845","osm_id":"1082080845","osm_type":"way","building":"yes","shop":null,"man_made":null,"content":null,"tourism":null,"office":null,"addr:housenumber":null,"name":null,"building:levels":null,"addr:street":null,"addr:postcode":null,"addr:city":null},"geometry":{"type":"MultiPolygon","coordinates":[[[[223148.673000880924519,1931081.217762317508459],[223158.659711160871666,1931081.613020068500191],[223159.231908936752006,1931067.463058441411704],[223149.245040661422536,1931067.056727],[223148.673000880924519,1931081.217762317508459]]]]}},
{"type":"Feature","properties":{"full_id":"w1082080846","osm_id":"1082080846","osm_type":"way","building":"yes","shop":null,"man_made":null,"content":null,"tourism":null,"office":null,"addr:housenumber":null,"name":null,"building:levels":null,"addr:street":null,"addr:postcode":null,"addr:city":null},"geometry":{"type":"MultiPolygon","coordinates":[[[[223160.350953019107692,1931139.321365428389981],[223160.775619763706345,1931126.823519045719877],[223177.737719868600834,1931127.389357993146405],[223177.313042813795619,1931139.887202580692247],[223160.350953019107692,1931139.321365428389981]]]]}},
{"type":"Feature","properties":{"full_id":"w1082080847","osm_id":"1082080847","osm_type":"way","building":"yes","shop":null,"man_made":null,"content":null,"tourism":null,"office":null,"addr:housenumber":null,"name":null,"building:levels":null,"addr:street":null,"addr:postcode":null,"addr:city":null},"geometry":{"type":"MultiPolygon","coordinates":[[[[223160.511631134490017,1931155.764822870260105],[223165.609407077019569,1931156.215739681152627],[223164.69601036113454,1931166.394609648967162],[223159.587609175418038,1931165.943838486913592],[223160.511631134490017,1931155.764822870260105]]]]}},
{"type":"Feature","properties":{"full_id":"w1082080848","osm_id":"1082080848","osm_type":"way","building":"yes","shop":null,"man_made":null,"content":null,"tourism":null,"office":null,"addr:housenumber":null,"name":null,"building:levels":null,"addr:street":null,"addr:postcode":null,"addr:city":null},"geometry":{"type":"MultiPolygon","coordinates":[[[[223154.206263069645502,1931217.137249868595973],[223160.436500041047111,1931217.229393964167684],[223160.495770206965972,1931213.784411331871524],[223161.920483680965845,1931213.809261123184115],[223161.865795110468753,1931216.811200654366985],[223171.296322544687428,1931216.959332941798493],[223171.483804420335218,1931204.996300752740353],[223162.733745455276221,1931204.861027810489759],[223162.651262930361554,1931210.499080734560266],[223160.918195366626605,1931210.467365571297705],[223161.025655279576313,1931203.544328120071441],[223154.433770592382643,1931203.434970994945616],[223154.206263069645502,1931217.137249868595973]]]]}},
{"type":"Feature","properties":{"full_id":"w1082080850","osm_id":"1082080850","osm_type":"way","building":"yes","shop":null,"man_made":null,"content":null,"tourism":null,"office":null,"addr:housenumber":null,"name":null,"building:levels":null,"addr:street":null,"addr:postcode":null,"addr:city":null},"geometry":{"type":"MultiPolygon","coordinates":[[[[223054.21424352953909,1931267.042120002908632],[223074.321274092420936,1931267.509534891694784],[223074.618793996109162,1931255.04663640120998],[223054.511751196114346,1931254.579219511710107],[223054.21424352953909,1931267.042120002908632]]]]}},
{"type":"Feature","properties":{"full_id":"w1082080851","osm_id":"1082080851","osm_type":"way","building":"yes","shop":null,"man_made":null,"content":null,"tourism":null,"office":null,"addr:housenumber":null,"name":null,"building:levels":null,"addr:street":null,"addr:postcode":null,"addr:city":null},"geometry":{"type":"MultiPolygon","coordinates":[[[[223081.023616384947672,1931281.936709408881143],[223081.685654045257252,1931269.701398866483942],[223099.322481407201849,1931270.645549452863634],[223098.660433339246083,1931282.880857959622517],[223081.023616384947672,1931281.936709408881143]]]]}},
{"type":"Feature","properties":{"full_id":"w1082080855","osm_id":"1082080855","osm_type":"way","building":"yes","shop":null,"man_made":null,"content":null,"tourism":null,"office":null,"addr:housenumber":null,"name":null,"building:levels":null,"addr:street":null,"addr:postcode":null,"addr:city":null},"geometry":{"type":"MultiPolygon","coordinates":[[[[223101.692846894729882,1931255.850851240102202],[223118.029328886070289,1931256.535911621060222],[223118.513548360671848,1931245.28866586717777],[223102.176906281791162,1931244.592531396076083],[223101.692846894729882,1931255.850851240102202]]]]}},
{"type":"Feature","properties":{"full_id":"w1082080861","osm_id":"1082080861","osm_type":"way","building":"yes","shop":null,"man_made":null,"content":null,"tourism":null,"office":null,"addr:housenumber":null,"name":null,"building:levels":null,"addr:street":null,"addr:postcode":null,"addr:city":null},"geometry":{"type":"MultiPolygon","coordinates":[[[[223085.312834164826199,1931227.845558437285945],[223103.04917058366118,1931228.290005674120039],[223103.355480951024219,1931216.469312882283702],[223085.619134301843587,1931216.024863948812708],[223085.312834164826199,1931227.845558437285945]]]]}},
{"type":"Feature","properties":{"full_id":"w1082080862","osm_id":"1082080862","osm_type":"way","building":"yes","shop":null,"man_made":null,"content":null,"tourism":null,"office":null,"addr:housenumber":null,"name":null,"building:levels":null,"addr:street":null,"addr:postcode":null,"addr:city":null},"geometry":{"type":"MultiPolygon","coordinates":[[[[222987.790402276208624,1931130.91313426126726],[222988.120153853786178,1931116.921503571094945],[223008.205937247665133,1931117.37809162796475],[223007.87632316845702,1931131.380792538169771],[222987.790402276208624,1931130.91313426126726]]]]}},
{"type":"Feature","properties":{"full_id":"w1082080863","osm_id":"1082080863","osm_type":"way","building":"yes","shop":null,"man_made":null,"content":null,"tourism":null,"office":null,"addr:housenumber":null,"name":null,"building:levels":null,"addr:street":null,"addr:postcode":null,"addr:city":null},"geometry":{"type":"MultiPolygon","coordinates":[[[[223040.946335249289405,1931101.094401360722259],[223041.741003192903008,1931090.00902805197984],[223019.52485194982728,1931088.451895175967366],[223018.730044578260276,1931099.526198555482551],[223040.946335249289405,1931101.094401360722259]]]]}},
{"type":"Feature","properties":{"full_id":"w1082080864","osm_id":"1082080864","osm_type":"way","building":"yes","shop":null,"man_made":null,"content":null,"tourism":null,"office":null,"addr:housenumber":null,"name":null,"building:levels":null,"addr:street":null,"addr:postcode":null,"addr:city":null},"geometry":{"type":"MultiPolygon","coordinates":[[[[223046.240370375744533,1931159.506656608311459],[223063.056243466038723,1931160.262660016771406],[223063.604405530029908,1931148.250394717324525],[223046.799150381411891,1931147.494244356174022],[223046.240370375744533,1931159.506656608311459]]]]}},
{"type":"Feature","properties":{"full_id":"w1082080865","osm_id":"1082080865","osm_type":"way","building":"yes","shop":null,"man_made":null,"content":null,"tourism":null,"office":null,"addr:housenumber":null,"name":null,"building:levels":null,"addr:street":null,"addr:postcode":null,"addr:city":null},"geometry":{"type":"MultiPolygon","coordinates":[[[[223054.350981686846353,1931129.937674509594217],[223071.142856354184914,1931131.269890984054655],[223073.187425327429082,1931105.848101066425443],[223056.395530316454824,1931104.515880033141002],[223054.350981686846353,1931129.937674509594217]]]]}},
{"type":"Feature","properties":{"full_id":"w1087122932","osm_id":"1087122932","osm_type":"way","building":"yes","shop":null,"man_made":null,"content":null,"tourism":null,"office":null,"addr:housenumber":null,"name":null,"building:levels":null,"addr:street":null,"addr:postcode":null,"addr:city":null},"geometry":{"type":"MultiPolygon","coordinates":[[[[222806.981286500231363,1931302.968002389883623],[222828.63459732074989,1931304.576861139852554],[222829.483576047641691,1931291.253658715402707],[222808.133879815635737,1931290.083628663327545],[222806.981286500231363,1931302.968002389883623]]]]}},
{"type":"Feature","properties":{"full_id":"w1087122934","osm_id":"1087122934","osm_type":"way","building":"yes","shop":null,"man_made":null,"content":null,"tourism":null,"office":null,"addr:housenumber":null,"name":null,"building:levels":null,"addr:street":null,"addr:postcode":null,"addr:city":null},"geometry":{"type":"MultiPolygon","coordinates":[[[[222839.146510729333386,1931302.185058327391744],[222861.120459985104389,1931303.922463630791754],[222861.462580936320592,1931289.28832242381759],[222840.389930771838408,1931288.945062926737592],[222839.146510729333386,1931302.185058327391744]]]]}},
{"type":"Feature","properties":{"full_id":"w1111768228","osm_id":"1111768228","osm_type":"way","building":"residential","shop":null,"man_made":null,"content":null,"tourism":null,"office":null,"addr:housenumber":null,"name":null,"building:levels":null,"addr:street":null,"addr:postcode":null,"addr:city":null},"geometry":{"type":"MultiPolygon","coordinates":[[[[222970.750756608031224,1931269.411368479253724],[222971.641969783348031,1931254.503952295286581],[222998.599103113519959,1931256.084844732657075],[222997.70802183682099,1931271.00332947797142],[222970.750756608031224,1931269.411368479253724]]]]}},
{"type":"Feature","properties":{"full_id":"w1111768230","osm_id":"1111768230","osm_type":"way","building":"yes","shop":"bakery","man_made":null,"content":null,"tourism":null,"office":null,"addr:housenumber":null,"name":null,"building:levels":null,"addr:street":null,"addr:postcode":null,"addr:city":null},"geometry":{"type":"MultiPolygon","coordinates":[[[[222995.314291263755877,1930874.700919216033071],[222985.812372007232625,1930874.786384089384228],[222985.856181101640686,1930878.77261435543187],[222995.347470622276887,1930878.687294380739331],[222995.314291263755877,1930874.700919216033071]]]]}},
{"type":"Feature","properties":{"full_id":"w1111768231","osm_id":"1111768231","osm_type":"way","building":"residential","shop":null,"man_made":null,"content":null,"tourism":null,"office":null,"addr:housenumber":null,"name":null,"building:levels":null,"addr:street":null,"addr:postcode":null,"addr:city":null},"geometry":{"type":"MultiPolygon","coordinates":[[[[223079.076336330035701,1930855.15137011744082],[223097.574680666148197,1930856.105961304623634],[223096.772262592508923,1930871.300074444385245],[223078.284559686086141,1930870.345340796513483],[223079.076336330035701,1930855.15137011744082]]]]}},
{"type":"Feature","properties":{"full_id":"w1111768232","osm_id":"1111768232","osm_type":"way","building":"residential","shop":null,"man_made":null,"content":null,"tourism":null,"office":null,"addr:housenumber":null,"name":null,"building:levels":null,"addr:street":null,"addr:postcode":null,"addr:city":null},"geometry":{"type":"MultiPolygon","coordinates":[[[[222913.899575208488386,1930798.390869406051934],[222938.173041055502836,1930799.565451309550554],[222937.416721967281774,1930815.013672182802111],[222913.143425493501127,1930813.850166187854484],[222913.899575208488386,1930798.390869406051934]]]]}},
{"type":"Feature","properties":{"full_id":"w1111768233","osm_id":"1111768233","osm_type":"way","building":"residential","shop":null,"man_made":null,"content":null,"tourism":null,"office":null,"addr:housenumber":null,"name":null,"building:levels":null,"addr:street":null,"addr:postcode":null,"addr:city":null},"geometry":{"type":"MultiPolygon","coordinates":[[[[222886.192620780784637,1930843.122855438617989],[222910.781549442675896,1930844.049447499914095],[222911.628675445797853,1930822.021711061242968],[222887.050197129021399,1930821.083896638825536],[222886.192620780784637,1930843.122855438617989]]]]}},
{"type":"Feature","properties":{"full_id":"w1111768234","osm_id":"1111768234","osm_type":"way","building":"residential","shop":null,"man_made":null,"content":null,"tourism":null,"office":null,"addr:housenumber":null,"name":null,"building:levels":null,"addr:street":null,"addr:postcode":null,"addr:city":null},"geometry":{"type":"MultiPolygon","coordinates":[[[[222887.943322652659845,1930819.543410181067884],[222911.124061961309053,1930820.876853029709309],[222912.397973769344389,1930798.965107338037342],[222889.227837923099287,1930797.631514413747936],[222887.943322652659845,1930819.543410181067884]]]]}},
{"type":"Feature","properties":{"full_id":"w1111768238","osm_id":"1111768238","osm_type":"way","building":"residential","shop":null,"man_made":null,"content":null,"tourism":null,"office":null,"addr:housenumber":null,"name":null,"building:levels":null,"addr:street":null,"addr:postcode":null,"addr:city":null},"geometry":{"type":"MultiPolygon","coordinates":[[[[223003.716152839944698,1931239.270267787622288],[223030.176064830156974,1931241.024113954976201],[223031.148826960474253,1931226.636096539208665],[223004.688745481835213,1931224.871174076106399],[223003.716152839944698,1931239.270267787622288]]]]}}
]
}
