{
"type": "FeatureCollection",
"name": "Hyderabad_HITEC_City_500m",
"crs": { "type": "name", "properties": { "name": "urn:ogc:def:crs:EPSG::32644" } },
"features": [
{"type":"Feature","properties":{"fid":10,"full_id":"r5317285","osm_id":"5317285","osm_type":"relation","building":"yes","community_centre":null,"levels":null,"diet:lactose_free":null,"diet:dairy":null,"diet:non-vegetarian":null,"image":null,"substation":null,"power":null,"building:apartments":null,"toilets:position":null,"toilets:handwashing":null,"lit":null,"fitness_centre":null,"atm":null,"grades":null,"shelter_type":null,"addr:suburb":null,"compressed_air":null,"check_date:compressed_air":null,"toilets:disposal":null,"male":null,"female":null,"residential":null,"landuse":null,"diplomatic":null,"building:flats":null,"public_transport":null,"bus":null,"material":null,"subway":null,"station":null,"network":null,"construction":null,"leisure":null,"microbrewery":null,"brewery":null,"bar":null,"air_conditioning":null,"guest_house":null,"roof:colour":null,"building:material":null,"payment:notes":null,"payment:coins":null,"internet_access:fee":null,"building:colour":null,"brand:wikipedia":null,"surface":null,"supervised":null,"fee":null,"access":null,"takeaway":null,"outdoor_seating":null,"loc_name":null,"diet:vegetarian":null,"diet:vegan":null,"golf":null,"location":null,"addr:country":null,"email":null,"short_name":null,"official_name":null,"government":null,"man_made":null,"content":null,"operator:type":null,"healthcare":null,"contact:phone":null,"addr:state":null,"addr:full":null,"toilets:access":null,"toilets":null,"payment:cash":null,"changing_table":null,"roof:shape":null,"building:use":null,"sport":null,"building:levels:underground":null,"addr:subdistrict":null,"addr:place":null,"addr:district":null,"addr:housename":null,"religion":null,"check_date":null,"branch":null,"brand:wikidata":null,"brand":null,"name:en":null,"opening_hours":null,"fast_food":null,"drive_through":null,"cuisine":null,"parking":null,"not:brand:wikidata":null,"wikipedia":null,"wikidata":null,"office":null,"level":null,"name:ml":null,"name:fa":null,"description":null,"layer":null,"addr:housenumber":null,"height":null,"shop":null,"nohousenumber":null,"website":null,"phone":null,"addr:postcode":null,"amenity":null,"addr:street":null,"addr:city":null,"tourism":null,"smoking":null,"rooms":null,"operator":null,"internet_access:ssid":null,"internet_access":null,"name:te":null,"alt_name":null,"wheelchair":null,"type":"multipolygon","name":null,"building:levels":null},"geometry":{"type":"MultiPolygon","coordinates":[[[[222224.0,1930734.469512881943956],[222230.697737388894893,1930726.546931334538385],[222224.0,1930720.951036627404392],[222224.0,1930734.469512881943956]]]]}},
{"type":"Feature","properties":{"fid":57,"full_id":"r10361698","osm_id":"10361698","osm_type":"relation","building":"yes","community_centre":null,"levels":null,"diet:lactose_free":null,"diet:dairy":null,"diet:non-vegetarian":null,"image":null,"substation":null,"power":null,"building:apartments":null,"toilets:position":null,"toilets:handwashing":null,"lit":null,"fitness_centre":null,"atm":null,"grades":null,"shelter_type":null,"addr:suburb":null,"compressed_air":null,"check_date:compressed_air":null,"toilets:disposal":null,"male":null,"female":null,"residential":null,"landuse":null,"diplomatic":null,"building:flats":null,"public_transport":null,"bus":null,"material":null,"subway":null,"station":null,"network":null,"construction":null,"leisure":null,"microbrewery":null,"brewery":null,"bar":null,"air_conditioning":null,"guest_house":null,"roof:colour":null,"building:material":null,"payment:notes":null,"payment:coins":null,"internet_access:fee":null,"building:colour":null,"brand:wikipedia":null,"surface":null,"supervised":null,"fee":null,"access":null,"takeaway":null,"outdoor_seating":null,"loc_name":null,"diet:vegetarian":null,"diet:vegan":null,"golf":null,"location":null,"addr:country":null,"email":null,"short_name":null,"official_name":null,"government":null,"man_made":null,"content":null,"operator:type":null,"healthcare":null,"contact:phone":null,"addr:state":null,"addr:full":null,"toilets:access":null,"toilets":null,"payment:cash":null,"changing_table":null,"roof:shape":null,"building:use":null,"sport":null,"building:levels:underground":null,"addr:subdistrict":null,"addr:place":null,"addr:district":null,"addr:housename":null,"religion":null,"check_date":null,"branch":null,"brand:wikidata":null,"brand":null,"name:en":null,"opening_hours":null,"fast_food":null,"drive_through":null,"cuisine":null,"parking":null,"not:brand:wikidata":null,"wikipedia":null,"wikidata":null,"office":null,"level":null,"name:ml":null,"name:fa":null,"description":null,"layer":null,"addr:housenumber":null,"height":null,"shop":null,"nohousenumber":null,"website":null,"phone":null,"addr:postcode":null,"amenity":null,"addr:street":null,"addr:city":null,"tourism":null,"smoking":null,"rooms":null,"operator":null,"internet_access:ssid":null,"internet_access":null,"name:te":null,"alt_name":null,"wheelchair":null,"type":"multipolygon","name":null,"building:levels":null},"geometry":{"type":"MultiPolygon","coordinates":[[[[222657.167911384254694,1930675.682731669861823],[222648.919078058446757,1930694.345377271296456],[222664.948975721374154,1930701.335754478815943],[222673.187039502139669,1930682.66218973742798],[222657.167911384254694,1930675.682731669861823]],[[222664.306905592675321,1930686.249922802904621],[222661.764562271302566,1930693.117676219902933],[222655.877962510974612,1930690.961095746373758],[222658.420304345490877,1930684.093341367319226],[222664.306905592675321,1930686.249922802904621]]]]}},
{"type":"Feature","properties":{"fid":1301,"full_id":"w356012804","osm_id":"356012804","osm_type":"way","building":"yes","community_centre":null,"levels":null,"diet:lactose_free":null,"diet:dairy":null,"diet:non-vegetarian":null,"image":null,"substation":null,"power":null,"building:apartments":null,"toilets:position":null,"toilets:handwashing":null,"lit":null,"fitness_centre":null,"atm":null,"grades":null,"shelter_type":null,"addr:suburb":null,"compressed_air":null,"check_date:compressed_air":null,"toilets:disposal":null,"male":null,"female":null,"residential":null,"landuse":null,"diplomatic":null,"building:flats":null,"public_transport":null,"bus":null,"material":null,"subway":null,"station":null,"network":null,"construction":null,"leisure":null,"microbrewery":null,"brewery":null,"bar":null,"air_conditioning":null,"guest_house":null,"roof:colour":null,"building:material":null,"payment:notes":null,"payment:coins":null,"internet_access:fee":null,"building:colour":null,"brand:wikipedia":null,"surface":null,"supervised":null,"fee":null,"access":null,"takeaway":null,"outdoor_seating":null,"loc_name":null,"diet:vegetarian":null,"diet:vegan":null,"golf":null,"location":null,"addr:country":null,"email":null,"short_name":null,"official_name":null,"government":null,"man_made":null,"content":null,"operator:type":null,"healthcare":null,"contact:phone":null,"addr:state":null,"addr:full":null,"toilets:access":null,"toilets":null,"payment:cash":null,"changing_table":null,"roof:shape":null,"building:use":null,"sport":null,"building:levels:underground":null,"addr:subdistrict":null,"addr:place":null,"addr:district":null,"addr:housename":null,"religion":null,"check_date":null,"branch":null,"brand:wikidata":null,"brand":null,"name:en":null,"opening_hours":null,"fast_food":null,"drive_through":null,"cuisine":null,"parking":null,"not:brand:wikidata":null,"wikipedia":null,"wikidata":null,"office":null,"level":null,"name:ml":null,"name:fa":null,"description":null,"layer":null,"addr:housenumber":null,"height":null,"shop":null,"nohousenumber":null,"website":null,"phone":null,"addr:postcode":null,"amenity":null,"addr:street":null,"addr:city":null,"tourism":null,"smoking":null,"rooms":null,"operator":null,"internet_access:ssid":null,"internet_access":null,"name:te":null,"alt_name":null,"wheelchair":null,"type":null,"name":null,"building:levels":null},"geometry":{"type":"MultiPolygon","coordinates":[[[[222279.301682741788682,1930678.670528366463259],[222290.187616018403787,1930687.270420214394107],[222309.532844391360413,1930663.095588036812842],[222298.646909648552537,1930654.495685344329104],[222279.301682741788682,1930678.670528366463259]]]]}},
{"type":"Feature","properties":{"fid":1355,"full_id":"w356020006","osm_id":"356020006","osm_type":"way","building":"yes","community_centre":null,"levels":null,"diet:lactose_free":null,"diet:dairy":null,"diet:non-vegetarian":null,"image":null,"substation":null,"power":null,"building:apartments":null,"toilets:position":null,"toilets:handwashing":null,"lit":null,"fitness_centre":null,"atm":null,"grades":null,"shelter_type":null,"addr:suburb":null,"compressed_air":null,"check_date:compressed_air":null,"toilets:disposal":null,"male":null,"female":null,"residential":null,"landuse":null,"diplomatic":null,"building:flats":null,"public_transport":null,"bus":null,"material":null,"subway":null,"station":null,"network":null,"construction":null,"leisure":null,"microbrewery":null,"brewery":null,"bar":null,"air_conditioning":null,"guest_house":null,"roof:colour":null,"building:material":null,"payment:notes":null,"payment:coins":null,"internet_access:fee":null,"building:colour":null,"brand:wikipedia":null,"surface":null,"supervised":null,"fee":null,"access":null,"takeaway":null,"outdoor_seating":null,"loc_name":null,"diet:vegetarian":null,"diet:vegan":null,"golf":null,"location":null,"addr:country":null,"email":null,"short_name":null,"official_name":null,"government":null,"man_made":null,"content":null,"operator:type":null,"healthcare":null,"contact:phone":null,"addr:state":null,"addr:full":null,"toilets:access":null,"toilets":null,"payment:cash":null,"changing_table":null,"roof:shape":null,"building:use":null,"sport":null,"building:levels:underground":null,"addr:subdistrict":null,"addr:place":null,"addr:district":null,"addr:housename":null,"religion":null,"check_date":null,"branch":null,"brand:wikidata":null,"brand":null,"name:en":null,"opening_hours":null,"fast_food":null,"drive_through":null,"cuisine":null,"parking":null,"not:brand:wikidata":null,"wikipedia":null,"wikidata":null,"office":null,"level":null,"name:ml":null,"name:fa":null,"description":null,"layer":null,"addr:housenumber":null,"height":null,"shop":null,"nohousenumber":null,"website":null,"phone":null,"addr:postcode":null,"amenity":null,"addr:street":null,"addr:city":null,"tourism":null,"smoking":null,"rooms":null,"operator":null,"internet_access:ssid":null,"internet_access":null,"name:te":null,"alt_name":null,"wheelchair":null,"type":null,"name":null,"building:levels":null},"geometry":{"type":"MultiPolygon","coordinates":[[[[222515.402112222160213,1930694.022791355848312],[222547.679763611580711,1930685.840189931215718],[222545.041043343313504,1930675.554791275644675],[222534.596055966103449,1930678.200499751605093],[222534.056834524206351,1930676.081559589831159],[222544.37474124453729,1930673.470812748651952],[222541.758334769692738,1930663.262630871264264],[222509.4911234950996,1930671.434019015403464],[222512.365773059660569,1930682.646451793145388],[222524.14549345348496,1930679.661312347045168],[222524.561144124250859,1930681.294661956839263],[222512.89787835982861,1930684.244984686141834],[222515.402112222160213,1930694.022791355848312]]]]}},
{"type":"Feature","properties":{"fid":1356,"full_id":"w356020010","osm_id":"356020010","osm_type":"way","building":"yes","community_centre":null,"levels":null,"diet:lactose_free":null,"diet:dairy":null,"diet:non-vegetarian":null,"image":null,"substation":null,"power":null,"building:apartments":null,"toilets:position":null,"toilets:handwashing":null,"lit":null,"fitness_centre":null,"atm":null,"grades":null,"shelter_type":null,"addr:suburb":null,"compressed_air":null,"check_date:compressed_air":null,"toilets:disposal":null,"male":null,"female":null,"residential":null,"landuse":null,"diplomatic":null,"building:flats":null,"public_transport":null,"bus":null,"material":null,"subway":null,"station":null,"network":null,"construction":null,"leisure":null,"microbrewery":null,"brewery":null,"bar":null,"air_conditioning":null,"guest_house":null,"roof:colour":null,"building:material":null,"payment:notes":null,"payment:coins":null,"internet_access:fee":null,"building:colour":null,"brand:wikipedia":null,"surface":null,"supervised":null,"fee":null,"access":null,"takeaway":null,"outdoor_seating":null,"loc_name":null,"diet:vegetarian":null,"diet:vegan":null,"golf":null,"location":null,"addr:country":null,"email":null,"short_name":null,"official_name":null,"government":null,"man_made":null,"content":null,"operator:type":null,"healthcare":null,"contact:phone":null,"addr:state":null,"addr:full":null,"toilets:access":null,"toilets":null,"payment:cash":null,"changing_table":null,"roof:shape":"flat","building:use":"residential","sport":null,"building:levels:underground":null,"addr:subdistrict":null,"addr:place":null,"addr:district":null,"addr:housename":null,"religion":null,"check_date":null,"branch":null,"brand:wikidata":null,"brand":null,"name:en":null,"opening_hours":null,"fast_food":null,"drive_through":null,"cuisine":null,"parking":null,"not:brand:wikidata":null,"wikipedia":null,"wikidata":null,"office":null,"level":null,"name:ml":null,"name:fa":null,"description":null,"layer":null,"addr:housenumber":null,"height":null,"shop":null,"nohousenumber":null,"website":null,"phone":null,"addr:postcode":null,"amenity":null,"addr:street":null,"addr:city":null,"tourism":"guest_house","smoking":null,"rooms":null,"operator":null,"internet_access:ssid":null,"internet_access":null,"name:te":null,"alt_name":null,"wheelchair":null,"type":null,"name":"Manikanta PG, Mens Hostel","building:levels":"5"},"geometry":{"type":"MultiPolygon","coordinates":[[[[222541.920946065278258,1930650.281024562893435],[222532.070665654726326,1930639.67342608072795],[222524.396535946871154,1930646.722137789940462],[222525.669573276478332,1930648.089045499684289],[222520.735437155119143,1930652.619581310544163],[222524.662494661053643,1930656.840647585457191],[222529.386795953207184,1930652.512324772775173],[222532.936267479206435,1930656.328798149246722],[222536.400655115197878,1930653.147314563626423],[222537.501219878322445,1930654.339388841995969],[222541.920946065278258,1930650.281024562893435]]]]}},
{"type":"Feature","properties":{"fid":1357,"full_id":"w356020013","osm_id":"356020013","osm_type":"way","building":"yes","community_centre":null,"levels":null,"diet:lactose_free":null,"diet:dairy":null,"diet:non-vegetarian":null,"image":null,"substation":null,"power":null,"building:apartments":null,"toilets:position":null,"toilets:handwashing":null,"lit":null,"fitness_centre":null,"atm":null,"grades":null,"shelter_type":null,"addr:suburb":null,"compressed_air":null,"check_date:compressed_air":null,"toilets:disposal":null,"male":null,"female":null,"residential":null,"landuse":null,"diplomatic":null,"building:flats":null,"public_transport":null,"bus":null,"material":null,"subway":null,"station":null,"network":null,"construction":null,"leisure":null,"microbrewery":null,"brewery":null,"bar":null,"air_conditioning":null,"guest_house":null,"roof:colour":null,"building:material":null,"payment:notes":null,"payment:coins":null,"internet_access:fee":null,"building:colour":null,"brand:wikipedia":null,"surface":null,"supervised":null,"fee":null,"access":null,"takeaway":null,"outdoor_seating":null,"loc_name":null,"diet:vegetarian":null,"diet:vegan":null,"golf":null,"location":null,"addr:country":null,"email":null,"short_name":null,"official_name":null,"government":null,"man_made":null,"content":null,"operator:type":null,"healthcare":null,"contact:phone":null,"addr:state":null,"addr:full":null,"toilets:access":null,"toilets":null,"payment:cash":null,"changing_table":null,"roof:shape":null,"building:use":null,"sport":null,"building:levels:underground":null,"addr:subdistrict":null,"addr:place":null,"addr:district":null,"addr:housename":null,"religion":null,"check_date":null,"branch":null,"brand:wikidata":null,"brand":null,"name:en":null,"opening_hours":null,"fast_food":null,"drive_through":null,"cuisine":null,"parking":null,"not:brand:wikidata":null,"wikipedia":null,"wikidata":null,"office":null,"level":null,"name:ml":null,"name:fa":null,"description":null,"layer":null,"addr:housenumber":null,"height":null,"shop":null,"nohousenumber":null,"website":null,"phone":null,"addr:postcode":"500081","amenity":null,"addr:street":"sillicon valley","addr:city":"Hyderabad","tourism":null,"smoking":null,"rooms":null,"operator":null,"internet_access:ssid":null,"internet_access":null,"name:te":null,"alt_name":null,"wheelchair":null,"type":null,"name":"Pamidi Towers","building:levels":"6"},"geometry":{"type":"MultiPolygon","coordinates":[[[[222660.4355082953698,1930908.458321694284678],[222711.288453628774732,1930934.873564005829394],[222720.851244697230868,1930916.691325609339401],[222669.99827389291022,1930890.276055184192955],[222660.4355082953698,1930908.458321694284678]]]]}},
{"type":"Feature","properties":{"fid":1361,"full_id":"w356020022","osm_id":"356020022","osm_type":"way","building":"yes","community_centre":null,"levels":null,"diet:lactose_free":null,"diet:dairy":null,"diet:non-vegetarian":null,"image":null,"substation":null,"power":null,"building:apartments":null,"toilets:position":null,"toilets:handwashing":null,"lit":null,"fitness_centre":null,"atm":null,"grades":null,"shelter_type":null,"addr:suburb":null,"compressed_air":null,"check_date:compressed_air":null,"toilets:disposal":null,"male":null,"female":null,"residential":null,"landuse":null,"diplomatic":null,"building:flats":null,"public_transport":null,"bus":null,"material":null,"subway":null,"station":null,"network":null,"construction":null,"leisure":null,"microbrewery":null,"brewery":null,"bar":null,"air_conditioning":null,"guest_house":null,"roof:colour":null,"building:material":null,"payment:notes":null,"payment:coins":null,"internet_access:fee":null,"building:colour":null,"brand:wikipedia":null,"surface":null,"supervised":null,"fee":null,"access":null,"takeaway":null,"outdoor_seating":null,"loc_name":null,"diet:vegetarian":null,"diet:vegan":null,"golf":null,"location":null,"addr:country":null,"email":null,"short_name":null,"official_name":null,"government":null,"man_made":null,"content":null,"operator:type":null,"healthcare":null,"contact:phone":null,"addr:state":null,"addr:full":null,"toilets:access":null,"toilets":null,"payment:cash":null,"changing_table":null,"roof:shape":null,"building:use":null,"sport":null,"building:levels:underground":null,"addr:subdistrict":null,"addr:place":null,"addr:district":null,"addr:housename":null,"religion":null,"check_date":null,"branch":null,"brand:wikidata":null,"brand":null,"name:en":null,"opening_hours":null,"fast_food":null,"drive_through":null,"cuisine":null,"parking":null,"not:brand:wikidata":null,"wikipedia":null,"wikidata":null,"office":null,"level":null,"name:ml":null,"name:fa":null,"description":null,"layer":null,"addr:housenumber":null,"height":null,"shop":null,"nohousenumber":null,"website":null,"phone":null,"addr:postcode":null,"amenity":null,"addr:street":null,"addr:city":null,"tourism":null,"smoking":null,"rooms":null,"operator":null,"internet_access:ssid":null,"internet_access":null,"name:te":null,"alt_name":null,"wheelchair":null,"type":null,"name":null,"building:levels":null},"geometry":{"type":"MultiPolygon","coordinates":[[[[222482.358629195019603,1930760.445982495788485],[222494.972633576660883,1930756.286575699225068],[222492.112772185937501,1930747.709688457660377],[222479.498762500123121,1930751.869096338516101],[222482.358629195019603,1930760.445982495788485]]]]}},
{"type":"Feature","properties":{"fid":1362,"full_id":"w356020027","osm_id":"356020027","osm_type":"way","building":"yes","community_centre":null,"levels":null,"diet:lactose_free":null,"diet:dairy":null,"diet:non-vegetarian":null,"image":null,"substation":null,"power":null,"building:apartments":null,"toilets:position":null,"toilets:handwashing":null,"lit":null,"fitness_centre":null,"atm":null,"grades":null,"shelter_type":null,"addr:suburb":null,"compressed_air":null,"check_date:compressed_air":null,"toilets:disposal":null,"male":null,"female":null,"residential":null,"landuse":null,"diplomatic":null,"building:flats":null,"public_transport":null,"bus":null,"material":null,"subway":null,"station":null,"network":null,"construction":null,"leisure":null,"microbrewery":null,"brewery":null,"bar":null,"air_conditioning":null,"guest_house":null,"roof:colour":null,"building:material":null,"payment:notes":null,"payment:coins":null,"internet_access:fee":null,"building:colour":null,"brand:wikipedia":null,"surface":null,"supervised":null,"fee":null,"access":null,"takeaway":null,"outdoor_seating":null,"loc_name":null,"diet:vegetarian":null,"diet:vegan":null,"golf":null,"location":null,"addr:country":null,"email":null,"short_name":null,"official_name":null,"government":null,"man_made":null,"content":null,"operator:type":null,"healthcare":null,"contact:phone":null,"addr:state":null,"addr:full":null,"toilets:access":null,"toilets":null,"payment:cash":null,"changing_table":null,"roof:shape":null,"building:use":null,"sport":null,"building:levels:underground":null,"addr:subdistrict":null,"addr:place":null,"addr:district":null,"addr:housename":null,"religion":null,"check_date":null,"branch":null,"brand:wikidata":null,"brand":null,"name:en":null,"opening_hours":null,"fast_food":null,"drive_through":null,"cuisine":null,"parking":null,"not:brand:wikidata":null,"wikipedia":null,"wikidata":null,"office":null,"level":null,"name:ml":null,"name:fa":null,"description":null,"layer":null,"addr:housenumber":null,"height":null,"shop":null,"nohousenumber":null,"website":null,"phone":null,"addr:postcode":null,"amenity":null,"addr:street":null,"addr:city":null,"tourism":null,"smoking":null,"rooms":null,"operator":null,"internet_access:ssid":null,"internet_access":null,"name:te":null,"alt_name":null,"wheelchair":null,"type":null,"name":null,"building:levels":null},"geometry":{"type":"MultiPolygon","coordinates":[[[[222453.196305507211946,1930753.912284582620487],[222467.340459922153968,1930748.934556200634688],[222463.979579814884346,1930739.47856034967117],[222449.824790919956286,1930744.456435641739517],[222453.196305507211946,1930753.912284582620487]]]]}},
{"type":"Feature","properties":{"fid":1363,"full_id":"w356020029","osm_id":"356020029","osm_type":"way","building":"yes","community_centre":null,"levels":null,"diet:lactose_free":null,"diet:dairy":null,"diet:non-vegetarian":null,"image":null,"substation":null,"power":null,"building:apartments":null,"toilets:position":null,"toilets:handwashing":null,"lit":null,"fitness_centre":null,"atm":null,"grades":null,"shelter_type":null,"addr:suburb":null,"compressed_air":null,"check_date:compressed_air":null,"toilets:disposal":null,"male":null,"female":null,"residential":null,"landuse":null,"diplomatic":null,"building:flats":null,"public_transport":null,"bus":null,"material":null,"subway":null,"station":null,"network":null,"construction":null,"leisure":null,"microbrewery":null,"brewery":null,"bar":null,"air_conditioning":null,"guest_house":null,"roof:colour":null,"building:material":null,"payment:notes":null,"payment:coins":null,"internet_access:fee":null,"building:colour":null,"brand:wikipedia":null,"surface":null,"supervised":null,"fee":null,"access":null,"takeaway":null,"outdoor_seating":null,"loc_name":null,"diet:vegetarian":null,"diet:vegan":null,"golf":null,"location":null,"addr:country":null,"email":null,"short_name":null,"official_name":null,"government":null,"man_made":null,"content":null,"operator:type":null,"healthcare":null,"contact:phone":null,"addr:state":null,"addr:full":null,"toilets:access":null,"toilets":null,"payment:cash":null,"changing_table":null,"roof:shape":null,"building:use":null,"sport":null,"building:levels:underground":null,"addr:subdistrict":null,"addr:place":null,"addr:district":null,"addr:housename":null,"religion":null,"check_date":null,"branch":null,"brand:wikidata":null,"brand":null,"name:en":null,"opening_hours":null,"fast_food":null,"drive_through":null,"cuisine":null,"parking":null,"not:brand:wikidata":null,"wikipedia":null,"wikidata":null,"office":null,"level":null,"name:ml":null,"name:fa":null,"description":null,"layer":null,"addr:housenumber":null,"height":null,"shop":null,"nohousenumber":null,"website":null,"phone":null,"addr:postcode":null,"amenity":null,"addr:street":null,"addr:city":null,"tourism":null,"smoking":null,"rooms":null,"operator":null,"internet_access:ssid":null,"internet_access":null,"name:te":null,"alt_name":null,"wheelchair":null,"type":null,"name":null,"building:levels":null},"geometry":{"type":"MultiPolygon","coordinates":[[[[222429.656993398151826,1930856.120401473948732],[222443.420624912250787,1930855.190068812575191],[222441.849575753731187,1930832.043568333378062],[222428.085928293003235,1930832.973899867152795],[222429.656993398151826,1930856.120401473948732]]]]}},
{"type":"Feature","properties":{"fid":1364,"full_id":"w356020030","osm_id":"356020030","osm_type":"way","building":"yes","community_centre":null,"levels":null,"diet:lactose_free":null,"diet:dairy":null,"diet:non-vegetarian":null,"image":null,"substation":null,"power":null,"building:apartments":null,"toilets:position":null,"toilets:handwashing":null,"lit":null,"fitness_centre":null,"atm":null,"grades":null,"shelter_type":null,"addr:suburb":null,"compressed_air":null,"check_date:compressed_air":null,"toilets:disposal":null,"male":null,"female":null,"residential":null,"landuse":null,"diplomatic":null,"building:flats":null,"public_transport":null,"bus":null,"material":null,"subway":null,"station":null,"network":null,"construction":null,"leisure":null,"microbrewery":null,"brewery":null,"bar":null,"air_conditioning":null,"guest_house":null,"roof:colour":null,"building:material":null,"payment:notes":null,"payment:coins":null,"internet_access:fee":null,"building:colour":null,"brand:wikipedia":null,"surface":null,"supervised":null,"fee":null,"access":null,"takeaway":null,"outdoor_seating":null,"loc_name":null,"diet:vegetarian":null,"diet:vegan":null,"golf":null,"location":null,"addr:country":null,"email":null,"short_name":null,"official_name":null,"government":null,"man_made":null,"content":null,"operator:type":null,"healthcare":null,"contact:phone":null,"addr:state":null,"addr:full":null,"toilets:access":null,"toilets":null,"payment:cash":null,"changing_table":null,"roof:shape":null,"building:use":null,"sport":null,"building:levels:underground":null,"addr:subdistrict":null,"addr:place":null,"addr:district":null,"addr:housename":null,"religion":null,"check_date":null,"branch":null,"brand:wikidata":null,"brand":null,"name:en":null,"opening_hours":null,"fast_food":null,"drive_through":null,"cuisine":null,"parking":null,"not:brand:wikidata":null,"wikipedia":null,"wikidata":null,"office":null,"level":null,"name:ml":null,"name:fa":null,"description":null,"layer":null,"addr:housenumber":null,"height":null,"shop":null,"nohousenumber":null,"website":null,"phone":null,"addr:postcode":null,"amenity":null,"addr:street":null,"addr:city":null,"tourism":null,"smoking":null,"rooms":null,"operator":null,"internet_access:ssid":null,"internet_access":null,"name:te":null,"alt_name":null,"wheelchair":null,"type":null,"name":null,"building:levels":null},"geometry":{"type":"MultiPolygon","coordinates":[[[[222452.25819303287426,1930818.977127457270399],[222485.927087666932493,1930816.932815140811726],[222484.941773537604604,1930800.854952656431124],[222451.272851838672068,1930802.899262882536277],[222452.25819303287426,1930818.977127457270399]]]]}},
{"type":"Feature","properties":{"fid":1366,"full_id":"w356020038","osm_id":"356020038","osm_type":"way","building":"yes","community_centre":null,"levels":null,"diet:lactose_free":null,"diet:dairy":null,"diet:non-vegetarian":null,"image":null,"substation":null,"power":null,"building:apartments":null,"toilets:position":null,"toilets:handwashing":null,"lit":null,"fitness_centre":null,"atm":null,"grades":null,"shelter_type":null,"addr:suburb":null,"compressed_air":null,"check_date:compressed_air":null,"toilets:disposal":null,"male":null,"female":null,"residential":null,"landuse":null,"diplomatic":null,"building:flats":null,"public_transport":null,"bus":null,"material":null,"subway":null,"station":null,"network":null,"construction":null,"leisure":null,"microbrewery":null,"brewery":null,"bar":null,"air_conditioning":null,"guest_house":null,"roof:colour":null,"building:material":null,"payment:notes":null,"payment:coins":null,"internet_access:fee":null,"building:colour":null,"brand:wikipedia":null,"surface":null,"supervised":null,"fee":null,"access":null,"takeaway":null,"outdoor_seating":null,"loc_name":null,"diet:vegetarian":null,"diet:vegan":null,"golf":null,"location":null,"addr:country":null,"email":null,"short_name":null,"official_name":null,"government":null,"man_made":null,"content":null,"operator:type":null,"healthcare":null,"contact:phone":null,"addr:state":null,"addr:full":null,"toilets:access":null,"toilets":null,"payment:cash":null,"changing_table":null,"roof:shape":null,"building:use":null,"sport":null,"building:levels:underground":null,"addr:subdistrict":null,"addr:place":null,"addr:district":null,"addr:housename":null,"religion":null,"check_date":null,"branch":null,"brand:wikidata":null,"brand":null,"name:en":null,"opening_hours":null,"fast_food":null,"drive_through":null,"cuisine":null,"parking":null,"not:brand:wikidata":null,"wikipedia":null,"wikidata":null,"office":null,"level":null,"name:ml":null,"name:fa":null,"description":null,"layer":null,"addr:housenumber":null,"height":null,"shop":null,"nohousenumber":null,"website":null,"phone":null,"addr:postcode":null,"amenity":null,"addr:street":null,"addr:city":null,"tourism":null,"smoking":null,"rooms":null,"operator":null,"internet_access:ssid":null,"internet_access":null,"name:te":null,"alt_name":null,"wheelchair":null,"type":null,"name":null,"building:levels":null},"geometry":{"type":"MultiPolygon","coordinates":[[[[222514.568842804408632,1930713.148881656350568],[222530.628318966773804,1930709.086342688882723],[222527.394048400747124,1930696.450209799222648],[222511.334562087547965,1930700.51274997764267],[222514.568842804408632,1930713.148881656350568]]]]}},
{"type":"Feature","properties":{"fid":1367,"full_id":"w356020039","osm_id":"356020039","osm_type":"way","building":"yes","community_centre":null,"levels":null,"diet:lactose_free":null,"diet:dairy":null,"diet:non-vegetarian":null,"image":null,"substation":null,"power":null,"building:apartments":null,"toilets:position":null,"toilets:handwashing":null,"lit":null,"fitness_centre":null,"atm":null,"grades":null,"shelter_type":null,"addr:suburb":null,"compressed_air":null,"check_date:compressed_air":null,"toilets:disposal":null,"male":null,"female":null,"residential":null,"landuse":null,"diplomatic":null,"building:flats":null,"public_transport":null,"bus":null,"material":null,"subway":null,"station":null,"network":null,"construction":null,"leisure":null,"microbrewery":null,"brewery":null,"bar":null,"air_conditioning":null,"guest_house":null,"roof:colour":null,"building:material":null,"payment:notes":null,"payment:coins":null,"internet_access:fee":null,"building:colour":null,"brand:wikipedia":null,"surface":null,"supervised":null,"fee":null,"access":null,"takeaway":null,"outdoor_seating":null,"loc_name":null,"diet:vegetarian":null,"diet:vegan":null,"golf":null,"location":null,"addr:country":null,"email":null,"short_name":null,"official_name":null,"government":null,"man_made":null,"content":null,"operator:type":null,"healthcare":null,"contact:phone":null,"addr:state":null,"addr:full":null,"toilets:access":null,"toilets":null,"payment:cash":null,"changing_table":null,"roof:shape":null,"building:use":null,"sport":null,"building:levels:underground":null,"addr:subdistrict":null,"addr:place":null,"addr:district":null,"addr:housename":null,"religion":null,"check_date":null,"branch":null,"brand:wikidata":null,"brand":null,"name:en":null,"opening_hours":null,"fast_food":null,"drive_through":null,"cuisine":null,"parking":null,"not:brand:wikidata":null,"wikipedia":null,"wikidata":null,"office":null,"level":null,"name:ml":null,"name:fa":null,"description":null,"layer":null,"addr:housenumber":null,"height":null,"shop":null,"nohousenumber":null,"website":null,"phone":null,"addr:postcode":null,"amenity":null,"addr:street":null,"addr:city":null,"tourism":null,"smoking":null,"rooms":null,"operator":null,"internet_access:ssid":null,"internet_access":null,"name:te":null,"alt_name":null,"wheelchair":null,"type":null,"name":null,"building:levels":null},"geometry":{"type":"MultiPolygon","coordinates":[[[[222455.119768748816568,1930765.525337286759168],[222467.592573512520175,1930761.146352748153731],[222464.574795634660404,1930752.682373838266358],[222452.102137232664973,1930757.072432057466358],[222455.119768748816568,1930765.525337286759168]]]]}},
{"type":"Feature","properties":{"fid":1368,"full_id":"w356020042","osm_id":"356020042","osm_type":"way","building":"yes","community_centre":null,"levels":null,"diet:lactose_free":null,"diet:dairy":null,"diet:non-vegetarian":null,"image":null,"substation":null,"power":null,"building:apartments":null,"toilets:position":null,"toilets:handwashing":null,"lit":null,"fitness_centre":null,"atm":null,"grades":null,"shelter_type":null,"addr:suburb":null,"compressed_air":null,"check_date:compressed_air":null,"toilets:disposal":null,"male":null,"female":null,"residential":null,"landuse":null,"diplomatic":null,"building:flats":null,"public_transport":null,"bus":null,"material":null,"subway":null,"station":null,"network":null,"construction":null,"leisure":null,"microbrewery":null,"brewery":null,"bar":null,"air_conditioning":null,"guest_house":null,"roof:colour":null,"building:material":null,"payment:notes":null,"payment:coins":null,"internet_access:fee":null,"building:colour":null,"brand:wikipedia":null,"surface":null,"supervised":null,"fee":null,"access":null,"takeaway":null,"outdoor_seating":null,"loc_name":null,"diet:vegetarian":null,"diet:vegan":null,"golf":null,"location":null,"addr:country":null,"email":null,"short_name":null,"official_name":null,"government":null,"man_made":null,"content":null,"operator:type":null,"healthcare":null,"contact:phone":null,"addr:state":null,"addr:full":null,"toilets:access":null,"toilets":null,"payment:cash":null,"changing_table":null,"roof:shape":null,"building:use":null,"sport":null,"building:levels:underground":null,"addr:subdistrict":null,"addr:place":null,"addr:district":null,"addr:housename":null,"religion":null,"check_date":null,"branch":null,"brand:wikidata":null,"brand":null,"name:en":null,"opening_hours":null,"fast_food":null,"drive_through":null,"cuisine":null,"parking":null,"not:brand:wikidata":null,"wikipedia":null,"wikidata":null,"office":null,"level":null,"name:ml":null,"name:fa":null,"description":null,"layer":null,"addr:housenumber":null,"height":null,"shop":null,"nohousenumber":null,"website":null,"phone":null,"addr:postcode":null,"amenity":null,"addr:street":null,"addr:city":null,"tourism":null,"smoking":null,"rooms":null,"operator":null,"internet_access:ssid":null,"internet_access":null,"name:te":null,"alt_name":null,"wheelchair":null,"type":null,"name":null,"building:levels":null},"geometry":{"type":"MultiPolygon","coordinates":[[[[222478.647919772687601,1930634.0],[222477.240067586593796,1930635.716745586600155],[222489.268395451188553,1930645.463935337495059],[222494.558933732972946,1930639.012616610853001],[222488.373214680090314,1930634.0],[222478.647919772687601,1930634.0]]]]}},
{"type":"Feature","properties":{"fid":1369,"full_id":"w356020046","osm_id":"356020046","osm_type":"way","building":"yes","community_centre":null,"levels":null,"diet:lactose_free":null,"diet:dairy":null,"diet:non-vegetarian":null,"image":null,"substation":null,"power":null,"building:apartments":null,"toilets:position":null,"toilets:handwashing":null,"lit":null,"fitness_centre":null,"atm":null,"grades":null,"shelter_type":null,"addr:suburb":null,"compressed_air":null,"check_date:compressed_air":null,"toilets:disposal":null,"male":null,"female":null,"residential":null,"landuse":null,"diplomatic":null,"building:flats":null,"public_transport":null,"bus":null,"material":null,"subway":null,"station":null,"network":null,"construction":null,"leisure":null,"microbrewery":null,"brewery":null,"bar":null,"air_conditioning":null,"guest_house":null,"roof:colour":null,"building:material":null,"payment:notes":null,"payment:coins":null,"internet_access:fee":null,"building:colour":null,"brand:wikipedia":null,"surface":null,"supervised":null,"fee":null,"access":null,"takeaway":null,"outdoor_seating":null,"loc_name":null,"diet:vegetarian":null,"diet:vegan":null,"golf":null,"location":null,"addr:country":null,"email":null,"short_name":null,"official_name":null,"government":null,"man_made":null,"content":null,"operator:type":null,"healthcare":null,"contact:phone":null,"addr:state":null,"addr:full":null,"toilets:access":null,"toilets":null,"payment:cash":null,"changing_table":null,"roof:shape":null,"building:use":null,"sport":null,"building:levels:underground":null,"addr:subdistrict":null,"addr:place":null,"addr:district":null,"addr:housename":null,"religion":null,"check_date":null,"branch":null,"brand:wikidata":null,"brand":null,"name:en":null,"opening_hours":null,"fast_food":null,"drive_through":null,"cuisine":null,"parking":null,"not:brand:wikidata":null,"wikipedia":null,"wikidata":null,"office":null,"level":null,"name:ml":null,"name:fa":null,"description":null,"layer":null,"addr:housenumber":null,"height":null,"shop":null,"nohousenumber":null,"website":null,"phone":null,"addr:postcode":null,"amenity":null,"addr:street":null,"addr:city":null,"tourism":null,"smoking":null,"rooms":null,"operator":null,"internet_access:ssid":null,"internet_access":null,"name:te":null,"alt_name":null,"wheelchair":null,"type":null,"name":null,"building:levels":null},"geometry":{"type":"MultiPolygon","coordinates":[[[[222665.598474259430077,1930968.090634031221271],[222699.768838861084078,1930985.641735166078433],[222714.694069250370376,1930956.942877676337957],[222680.534153721178882,1930939.380529174814001],[222665.598474259430077,1930968.090634031221271]]]]}},
{"type":"Feature","properties":{"fid":1370,"full_id":"w356020047","osm_id":"356020047","osm_type":"way","building":"yes","community_centre":null,"levels":null,"diet:lactose_free":null,"diet:dairy":null,"diet:non-vegetarian":null,"image":null,"substation":null,"power":null,"building:apartments":null,"toilets:position":null,"toilets:handwashing":null,"lit":null,"fitness_centre":null,"atm":null,"grades":null,"shelter_type":null,"addr:suburb":null,"compressed_air":null,"check_date:compressed_air":null,"toilets:disposal":null,"male":null,"female":null,"residential":null,"landuse":null,"diplomatic":null,"building:flats":null,"public_transport":null,"bus":null,"material":null,"subway":null,"station":null,"network":null,"construction":null,"leisure":null,"microbrewery":null,"brewery":null,"bar":null,"air_conditioning":null,"guest_house":null,"roof:colour":null,"building:material":null,"payment:notes":null,"payment:coins":null,"internet_access:fee":null,"building:colour":null,"brand:wikipedia":null,"surface":null,"supervised":null,"fee":null,"access":null,"takeaway":null,"outdoor_seating":null,"loc_name":null,"diet:vegetarian":null,"diet:vegan":null,"golf":null,"location":null,"addr:country":null,"email":null,"short_name":null,"official_name":null,"government":null,"man_made":null,"content":null,"operator:type":null,"healthcare":null,"contact:phone":null,"addr:state":null,"addr:full":null,"toilets:access":null,"toilets":null,"payment:cash":null,"changing_table":null,"roof:shape":null,"building:use":null,"sport":null,"building:levels:underground":null,"addr:subdistrict":null,"addr:place":null,"addr:district":null,"addr:housename":null,"religion":null,"check_date":null,"branch":null,"brand:wikidata":null,"brand":null,"name:en":null,"opening_hours":null,"fast_food":null,"drive_through":null,"cuisine":null,"parking":null,"not:brand:wikidata":null,"wikipedia":null,"wikidata":null,"office":null,"level":null,"name:ml":null,"name:fa":null,"description":null,"layer":null,"addr:housenumber":null,"height":null,"shop":null,"nohousenumber":null,"website":null,"phone":null,"addr:postcode":null,"amenity":null,"addr:street":null,"addr:city":null,"tourism":null,"smoking":null,"rooms":null,"operator":null,"internet_access:ssid":null,"internet_access":null,"name:te":null,"alt_name":null,"wheelchair":null,"type":null,"name":null,"building:levels":null},"geometry":{"type":"MultiPolygon","coordinates":[[[[222672.549860219703987,1931093.215541863348335],[222685.845935702032875,1931093.864329626783729],[222686.263778137858026,1931085.552703107707202],[222672.967697315092664,1931084.903914319816977],[222672.549860219703987,1931093.215541863348335]]]]}},
{"type":"Feature","properties":{"fid":1371,"full_id":"w356020050","osm_id":"356020050","osm_type":"way","building":"yes","community_centre":null,"levels":null,"diet:lactose_free":null,"diet:dairy":null,"diet:non-vegetarian":null,"image":null,"substation":null,"power":null,"building:apartments":null,"toilets:position":null,"toilets:handwashing":null,"lit":null,"fitness_centre":null,"atm":null,"grades":null,"shelter_type":null,"addr:suburb":null,"compressed_air":null,"check_date:compressed_air":null,"toilets:disposal":null,"male":null,"female":null,"residential":null,"landuse":null,"diplomatic":null,"building:flats":null,"public_transport":null,"bus":null,"material":null,"subway":null,"station":null,"network":null,"construction":null,"leisure":null,"microbrewery":null,"brewery":null,"bar":null,"air_conditioning":null,"guest_house":null,"roof:colour":null,"building:material":null,"payment:notes":null,"payment:coins":null,"internet_access:fee":null,"building:colour":null,"brand:wikipedia":null,"surface":null,"supervised":null,"fee":null,"access":null,"takeaway":null,"outdoor_seating":null,"loc_name":null,"diet:vegetarian":null,"diet:vegan":null,"golf":null,"location":null,"addr:country":null,"email":null,"short_name":null,"official_name":null,"government":null,"man_made":null,"content":null,"operator:type":null,"healthcare":null,"contact:phone":null,"addr:state":null,"addr:full":null,"toilets:access":null,"toilets":null,"payment:cash":null,"changing_table":null,"roof:shape":null,"building:use":null,"sport":null,"building:levels:underground":null,"addr:subdistrict":null,"addr:place":null,"addr:district":null,"addr:housename":null,"religion":null,"check_date":null,"branch":null,"brand:wikidata":null,"brand":null,"name:en":null,"opening_hours":null,"fast_food":null,"drive_through":null,"cuisine":null,"parking":null,"not:brand:wikidata":null,"wikipedia":null,"wikidata":null,"office":null,"level":null,"name:ml":null,"name:fa":null,"description":null,"layer":null,"addr:housenumber":null,"height":null,"shop":null,"nohousenumber":null,"website":null,"phone":null,"addr:postcode":null,"amenity":null,"addr:street":null,"addr:city":null,"tourism":null,"smoking":null,"rooms":null,"operator":null,"internet_access:ssid":null,"internet_access":null,"name:te":null,"alt_name":null,"wheelchair":null,"type":null,"name":null,"building:levels":null},"geometry":{"type":"MultiPolygon","coordinates":[[[[222493.049189269018825,1930782.747871798695996],[222504.837835024169181,1930778.865549893584102],[222498.941258728387766,1930761.215838592732325],[222487.152602775546256,1930765.098162591457367],[222493.049189269018825,1930782.747871798695996]]]]}},
{"type":"Feature","properties":{"fid":1373,"full_id":"w356020058","osm_id":"356020058","osm_type":"way","building":"retail","community_centre":null,"levels":null,"diet:lactose_free":null,"diet:dairy":null,"diet:non-vegetarian":null,"image":null,"substation":null,"power":null,"building:apartments":null,"toilets:position":null,"toilets:handwashing":null,"lit":null,"fitness_centre":null,"atm":null,"grades":null,"shelter_type":null,"addr:suburb":null,"compressed_air":null,"check_date:compressed_air":null,"toilets:disposal":null,"male":null,"female":null,"residential":null,"landuse":null,"diplomatic":null,"building:flats":null,"public_transport":null,"bus":null,"material":null,"subway":null,"station":null,"network":null,"construction":null,"leisure":null,"microbrewery":null,"brewery":null,"bar":null,"air_conditioning":null,"guest_house":null,"roof:colour":null,"building:material":null,"payment:notes":null,"payment:coins":null,"internet_access:fee":null,"building:colour":null,"brand:wikipedia":null,"surface":null,"supervised":null,"fee":null,"access":null,"takeaway":null,"outdoor_seating":null,"loc_name":null,"diet:vegetarian":null,"diet:vegan":null,"golf":null,"location":null,"addr:country":null,"email":null,"short_name":null,"official_name":null,"government":null,"man_made":null,"content":null,"operator:type":null,"healthcare":null,"contact:phone":null,"addr:state":null,"addr:full":null,"toilets:access":null,"toilets":null,"payment:cash":null,"changing_table":null,"roof:shape":null,"building:use":null,"sport":null,"building:levels:underground":null,"addr:subdistrict":null,"addr:place":null,"addr:district":null,"addr:housename":null,"religion":null,"check_date":null,"branch":null,"brand:wikidata":null,"brand":null,"name:en":null,"opening_hours":null,"fast_food":null,"drive_through":null,"cuisine":null,"parking":null,"not:brand:wikidata":null,"wikipedia":null,"wikidata":null,"office":null,"level":null,"name:ml":null,"name:fa":null,"description":null,"layer":null,"addr:housenumber":"213","height":null,"shop":null,"nohousenumber":null,"website":null,"phone":null,"addr:postcode":"500081","amenity":null,"addr:street":"Ayyappa society","addr:city":"Hyderabad","tourism":null,"smoking":null,"rooms":null,"operator":null,"internet_access:ssid":null,"internet_access":null,"name:te":null,"alt_name":null,"wheelchair":null,"type":null,"name":"Gvr building","building:levels":null},"geometry":{"type":"MultiPolygon","coordinates":[[[[222681.626594355620909,1931134.0],[222681.92342873418238,1931128.060805835062638],[222669.839999355317559,1931127.472963883774355],[222669.517367616499541,1931134.0],[222681.626594355620909,1931134.0]]]]}},
{"type":"Feature","properties":{"fid":1374,"full_id":"w356020061","osm_id":"356020061","osm_type":"way","building":"yes","community_centre":null,"levels":null,"diet:lactose_free":null,"diet:dairy":null,"diet:non-vegetarian":null,"image":null,"substation":null,"power":null,"building:apartments":null,"toilets:position":null,"toilets:handwashing":null,"lit":null,"fitness_centre":null,"atm":null,"grades":null,"shelter_type":null,"addr:suburb":null,"compressed_air":null,"check_date:compressed_air":null,"toilets:disposal":null,"male":null,"female":null,"residential":null,"landuse":null,"diplomatic":null,"building:flats":null,"public_transport":null,"bus":null,"material":null,"subway":null,"station":null,"network":null,"construction":null,"leisure":null,"microbrewery":null,"brewery":null,"bar":null,"air_conditioning":null,"guest_house":null,"roof:colour":null,"building:material":null,"payment:notes":null,"payment:coins":null,"internet_access:fee":null,"building:colour":null,"brand:wikipedia":null,"surface":null,"supervised":null,"fee":null,"access":null,"takeaway":null,"outdoor_seating":null,"loc_name":null,"diet:vegetarian":null,"diet:vegan":null,"golf":null,"location":null,"addr:country":null,"email":null,"short_name":null,"official_name":null,"government":null,"man_made":null,"content":null,"operator:type":null,"healthcare":null,"contact:phone":null,"addr:state":null,"addr:full":null,"toilets:access":null,"toilets":null,"payment:cash":null,"changing_table":null,"roof:shape":null,"building:use":null,"sport":null,"building:levels:underground":null,"addr:subdistrict":null,"addr:place":null,"addr:district":null,"addr:housename":null,"religion":null,"check_date":null,"branch":null,"brand:wikidata":null,"brand":null,"name:en":null,"opening_hours":null,"fast_food":null,"drive_through":null,"cuisine":null,"parking":null,"not:brand:wikidata":null,"wikipedia":null,"wikidata":null,"office":null,"level":null,"name:ml":null,"name:fa":null,"description":null,"layer":null,"addr:housenumber":null,"height":null,"shop":null,"nohousenumber":null,"website":null,"phone":null,"addr:postcode":null,"amenity":null,"addr:street":null,"addr:city":null,"tourism":null,"smoking":null,"rooms":null,"operator":null,"internet_access:ssid":null,"internet_access":null,"name:te":null,"alt_name":null,"wheelchair":null,"type":null,"name":null,"building:levels":null},"geometry":{"type":"MultiPolygon","coordinates":[[[[222553.702456734958105,1930768.673035333165899],[222566.276649921375792,1930765.488779702922329],[222561.133735930081457,1930745.425571772735566],[222548.559530121216085,1930748.609828914282843],[222553.702456734958105,1930768.673035333165899]]]]}},
{"type":"Feature","properties":{"fid":1376,"full_id":"w356020067","osm_id":"356020067","osm_type":"way","building":"yes","community_centre":null,"levels":null,"diet:lactose_free":null,"diet:dairy":null,"diet:non-vegetarian":null,"image":null,"substation":null,"power":null,"building:apartments":null,"toilets:position":null,"toilets:handwashing":null,"lit":null,"fitness_centre":null,"atm":null,"grades":null,"shelter_type":null,"addr:suburb":null,"compressed_air":null,"check_date:compressed_air":null,"toilets:disposal":null,"male":null,"female":null,"residential":null,"landuse":null,"diplomatic":null,"building:flats":null,"public_transport":null,"bus":null,"material":null,"subway":null,"station":null,"network":null,"construction":null,"leisure":null,"microbrewery":null,"brewery":null,"bar":null,"air_conditioning":null,"guest_house":null,"roof:colour":null,"building:material":null,"payment:notes":null,"payment:coins":null,"internet_access:fee":null,"building:colour":null,"brand:wikipedia":null,"surface":null,"supervised":null,"fee":null,"access":null,"takeaway":null,"outdoor_seating":null,"loc_name":null,"diet:vegetarian":null,"diet:vegan":null,"golf":null,"location":null,"addr:country":null,"email":null,"short_name":null,"official_name":null,"government":null,"man_made":null,"content":null,"operator:type":null,"healthcare":null,"contact:phone":null,"addr:state":null,"addr:full":null,"toilets:access":null,"toilets":null,"payment:cash":null,"changing_table":null,"roof:shape":null,"building:use":null,"sport":null,"building:levels:underground":null,"addr:subdistrict":null,"addr:place":null,"addr:district":null,"addr:housename":null,"religion":null,"check_date":null,"branch":null,"brand:wikidata":null,"brand":null,"name:en":null,"opening_hours":null,"fast_food":null,"drive_through":null,"cuisine":null,"parking":null,"not:brand:wikidata":null,"wikipedia":null,"wikidata":null,"office":null,"level":null,"name:ml":null,"name:fa":null,"description":null,"layer":null,"addr:housenumber":null,"height":null,"shop":null,"nohousenumber":null,"website":null,"phone":null,"addr:postcode":null,"amenity":null,"addr:street":null,"addr:city":null,"tourism":null,"smoking":null,"rooms":null,"operator":null,"internet_access:ssid":null,"internet_access":null,"name:te":null,"alt_name":null,"wheelchair":null,"type":null,"name":null,"building:levels":null},"geometry":{"type":"MultiPolygon","coordinates":[[[[222610.090263671241701,1930898.969238875899464],[222618.469094065658282,1930883.60499506839551],[222604.858228539233096,1930876.27150352136232],[222596.479403630131856,1930891.63575385324657],[222610.090263671241701,1930898.969238875899464]]]]}},
{"type":"Feature","properties":{"fid":1379,"full_id":"w356020072","osm_id":"356020072","osm_type":"way","building":"yes","community_centre":null,"levels":null,"diet:lactose_free":null,"diet:dairy":null,"diet:non-vegetarian":null,"image":null,"substation":null,"power":null,"building:apartments":null,"toilets:position":null,"toilets:handwashing":null,"lit":null,"fitness_centre":null,"atm":null,"grades":null,"shelter_type":null,"addr:suburb":null,"compressed_air":null,"check_date:compressed_air":null,"toilets:disposal":null,"male":null,"female":null,"residential":null,"landuse":null,"diplomatic":null,"building:flats":null,"public_transport":null,"bus":null,"material":null,"subway":null,"station":null,"network":null,"construction":null,"leisure":null,"microbrewery":null,"brewery":null,"bar":null,"air_conditioning":null,"guest_house":null,"roof:colour":null,"building:material":null,"payment:notes":null,"payment:coins":null,"internet_access:fee":null,"building:colour":null,"brand:wikipedia":null,"surface":null,"supervised":null,"fee":null,"access":null,"takeaway":null,"outdoor_seating":null,"loc_name":null,"diet:vegetarian":null,"diet:vegan":null,"golf":null,"location":null,"addr:country":null,"email":null,"short_name":null,"official_name":null,"government":null,"man_made":null,"content":null,"operator:type":null,"healthcare":null,"contact:phone":null,"addr:state":null,"addr:full":null,"toilets:access":null,"toilets":null,"payment:cash":null,"changing_table":null,"roof:shape":null,"building:use":null,"sport":null,"building:levels:underground":null,"addr:subdistrict":null,"addr:place":null,"addr:district":null,"addr:housename":null,"religion":null,"check_date":null,"branch":null,"brand:wikidata":null,"brand":null,"name:en":null,"opening_hours":null,"fast_food":null,"drive_through":null,"cuisine":null,"parking":null,"not:brand:wikidata":null,"wikipedia":null,"wikidata":null,"office":null,"level":null,"name:ml":null,"name:fa":null,"description":null,"layer":null,"addr:housenumber":null,"height":null,"shop":null,"nohousenumber":null,"website":null,"phone":null,"addr:postcode":null,"amenity":null,"addr:street":null,"addr:city":null,"tourism":null,"smoking":null,"rooms":null,"operator":null,"internet_access:ssid":null,"internet_access":null,"name:te":null,"alt_name":null,"wheelchair":null,"type":null,"name":"Innova Xanadu","building:levels":null},"geometry":{"type":"MultiPolygon","coordinates":[[[[222622.011839392827824,1931120.895346351200715],[222632.160555276146624,1931126.138784155016765],[222645.87678625062108,1931099.992448868695647],[222635.727911598281935,1931094.737930523930117],[222622.011839392827824,1931120.895346351200715]]]]}},
{"type":"Feature","properties":{"fid":1380,"full_id":"w356020074","osm_id":"356020074","osm_type":"way","building":"yes","community_centre":null,"levels":null,"diet:lactose_free":null,"diet:dairy":null,"diet:non-vegetarian":null,"image":null,"substation":null,"power":null,"building:apartments":null,"toilets:position":null,"toilets:handwashing":null,"lit":null,"fitness_centre":null,"atm":null,"grades":null,"shelter_type":null,"addr:suburb":null,"compressed_air":null,"check_date:compressed_air":null,"toilets:disposal":null,"male":null,"female":null,"residential":null,"landuse":null,"diplomatic":null,"building:flats":null,"public_transport":null,"bus":null,"material":null,"subway":null,"station":null,"network":null,"construction":null,"leisure":null,"microbrewery":null,"brewery":null,"bar":null,"air_conditioning":null,"guest_house":null,"roof:colour":null,"building:material":null,"payment:notes":null,"payment:coins":null,"internet_access:fee":null,"building:colour":null,"brand:wikipedia":null,"surface":null,"supervised":null,"fee":null,"access":null,"takeaway":null,"outdoor_seating":null,"loc_name":null,"diet:vegetarian":null,"diet:vegan":null,"golf":null,"location":null,"addr:country":null,"email":null,"short_name":null,"official_name":null,"government":null,"man_made":null,"content":null,"operator:type":null,"healthcare":null,"contact:phone":null,"addr:state":null,"addr:full":null,"toilets:access":null,"toilets":null,"payment:cash":null,"changing_table":null,"roof:shape":null,"building:use":null,"sport":null,"building:levels:underground":null,"addr:subdistrict":null,"addr:place":null,"addr:district":null,"addr:housename":null,"religion":null,"check_date":null,"branch":null,"brand:wikidata":null,"brand":null,"name:en":null,"opening_hours":null,"fast_food":null,"drive_through":null,"cuisine":null,"parking":null,"not:brand:wikidata":null,"wikipedia":null,"wikidata":null,"office":null,"level":null,"name:ml":null,"name:fa":null,"description":null,"layer":null,"addr:housenumber":null,"height":null,"shop":null,"nohousenumber":null,"website":null,"phone":null,"addr:postcode":null,"amenity":null,"addr:street":null,"addr:city":null,"tourism":null,"smoking":null,"rooms":null,"operator":null,"internet_access:ssid":null,"internet_access":null,"name:te":null,"alt_name":null,"wheelchair":null,"type":null,"name":null,"building:levels":null},"geometry":{"type":"MultiPolygon","coordinates":[[[[222640.808371386723593,1930941.562742912676185],[222669.43088670790894,1930956.066643357742578],[222677.455223520519212,1930940.430409381166101],[222642.720730318920687,1930922.831673071952537],[222639.003740245243534,1930930.080959064187482],[222645.11570415715687,1930933.175780232995749],[222640.808371386723593,1930941.562742912676185]]]]}},
{"type":"Feature","properties":{"fid":1381,"full_id":"w356020075","osm_id":"356020075","osm_type":"way","building":"yes","community_centre":null,"levels":null,"diet:lactose_free":null,"diet:dairy":null,"diet:non-vegetarian":null,"image":null,"substation":null,"power":null,"building:apartments":null,"toilets:position":null,"toilets:handwashing":null,"lit":null,"fitness_centre":null,"atm":null,"grades":null,"shelter_type":null,"addr:suburb":null,"compressed_air":null,"check_date:compressed_air":null,"toilets:disposal":null,"male":null,"female":null,"residential":null,"landuse":null,"diplomatic":null,"building:flats":null,"public_transport":null,"bus":null,"material":null,"subway":null,"station":null,"network":null,"construction":null,"leisure":null,"microbrewery":null,"brewery":null,"bar":null,"air_conditioning":null,"guest_house":null,"roof:colour":null,"building:material":null,"payment:notes":null,"payment:coins":null,"internet_access:fee":null,"building:colour":null,"brand:wikipedia":null,"surface":null,"supervised":null,"fee":null,"access":null,"takeaway":null,"outdoor_seating":null,"loc_name":null,"diet:vegetarian":null,"diet:vegan":null,"golf":null,"location":null,"addr:country":null,"email":null,"short_name":null,"official_name":null,"government":null,"man_made":null,"content":null,"operator:type":null,"healthcare":null,"contact:phone":null,"addr:state":null,"addr:full":null,"toilets:access":null,"toilets":null,"payment:cash":null,"changing_table":null,"roof:shape":null,"building:use":null,"sport":null,"building:levels:underground":null,"addr:subdistrict":null,"addr:place":null,"addr:district":null,"addr:housename":null,"religion":null,"check_date":null,"branch":null,"brand:wikidata":null,"brand":null,"name:en":null,"opening_hours":null,"fast_food":null,"drive_through":null,"cuisine":null,"parking":null,"not:brand:wikidata":null,"wikipedia":null,"wikidata":null,"office":null,"level":null,"name:ml":null,"name:fa":null,"description":null,"layer":null,"addr:housenumber":null,"height":null,"shop":null,"nohousenumber":null,"website":null,"phone":null,"addr:postcode":null,"amenity":null,"addr:street":null,"addr:city":null,"tourism":null,"smoking":null,"rooms":null,"operator":null,"internet_access:ssid":null,"internet_access":null,"name:te":null,"alt_name":null,"wheelchair":null,"type":null,"name":null,"building:levels":null},"geometry":{"type":"MultiPolygon","coordinates":[[[[222432.32043861434795,1930912.486739735817537],[222442.812611234665383,1930911.745137963443995],[222442.060762848821469,1930901.079541221726686],[222431.568433103500865,1930901.810070116538554],[222432.32043861434795,1930912.486739735817537]]]]}},
{"type":"Feature","properties":{"fid":1382,"full_id":"w356020077","osm_id":"356020077","osm_type":"way","building":"yes","community_centre":null,"levels":null,"diet:lactose_free":null,"diet:dairy":null,"diet:non-vegetarian":null,"image":null,"substation":null,"power":null,"building:apartments":null,"toilets:position":null,"toilets:handwashing":null,"lit":null,"fitness_centre":null,"atm":null,"grades":null,"shelter_type":null,"addr:suburb":null,"compressed_air":null,"check_date:compressed_air":null,"toilets:disposal":null,"male":null,"female":null,"residential":null,"landuse":null,"diplomatic":null,"building:flats":null,"public_transport":null,"bus":null,"material":null,"subway":null,"station":null,"network":null,"construction":null,"leisure":null,"microbrewery":null,"brewery":null,"bar":null,"air_conditioning":null,"guest_house":null,"roof:colour":null,"building:material":null,"payment:notes":null,"payment:coins":null,"internet_access:fee":null,"building:colour":null,"brand:wikipedia":null,"surface":null,"supervised":null,"fee":null,"access":null,"takeaway":null,"outdoor_seating":null,"loc_name":null,"diet:vegetarian":null,"diet:vegan":null,"golf":null,"location":null,"addr:country":null,"email":null,"short_name":null,"official_name":null,"government":null,"man_made":null,"content":null,"operator:type":null,"healthcare":null,"contact:phone":null,"addr:state":null,"addr:full":null,"toilets:access":null,"toilets":null,"payment:cash":null,"changing_table":null,"roof:shape":null,"building:use":null,"sport":null,"building:levels:underground":null,"addr:subdistrict":null,"addr:place":null,"addr:district":null,"addr:housename":null,"religion":null,"check_date":null,"branch":null,"brand:wikidata":null,"brand":null,"name:en":null,"opening_hours":null,"fast_food":null,"drive_through":null,"cuisine":null,"parking":null,"not:brand:wikidata":null,"wikipedia":null,"wikidata":null,"office":null,"level":null,"name:ml":null,"name:fa":null,"description":null,"layer":null,"addr:housenumber":null,"height":null,"shop":null,"nohousenumber":null,"website":null,"phone":null,"addr:postcode":null,"amenity":null,"addr:street":null,"addr:city":null,"tourism":null,"smoking":null,"rooms":null,"operator":null,"internet_access:ssid":null,"internet_access":null,"name:te":null,"alt_name":null,"wheelchair":null,"type":null,"name":null,"building:levels":null},"geometry":{"type":"MultiPolygon","coordinates":[[[[222537.215005640115123,1930773.306219247402623],[222549.312451254285406,1930770.239218852715567],[222544.113351553445682,1930749.955290037440136],[222532.015893662173767,1930753.022291902219877],[222537.215005640115123,1930773.306219247402623]]]]}},
{"type":"Feature","properties":{"fid":1383,"full_id":"w356020079","osm_id":"356020079","osm_type":"way","building":"yes","community_centre":null,"levels":null,"diet:lactose_free":null,"diet:dairy":null,"diet:non-vegetarian":null,"image":null,"substation":null,"power":null,"building:apartments":null,"toilets:position":null,"toilets:handwashing":null,"lit":null,"fitness_centre":null,"atm":null,"grades":null,"shelter_type":null,"addr:suburb":null,"compressed_air":null,"check_date:compressed_air":null,"toilets:disposal":null,"male":null,"female":null,"residential":null,"landuse":null,"diplomatic":null,"building:flats":null,"public_transport":null,"bus":null,"material":null,"subway":null,"station":null,"network":null,"construction":null,"leisure":null,"microbrewery":null,"brewery":null,"bar":null,"air_conditioning":null,"guest_house":null,"roof:colour":null,"building:material":null,"payment:notes":null,"payment:coins":null,"internet_access:fee":null,"building:colour":null,"brand:wikipedia":null,"surface":null,"supervised":null,"fee":null,"access":null,"takeaway":null,"outdoor_seating":null,"loc_name":null,"diet:vegetarian":null,"diet:vegan":null,"golf":null,"location":null,"addr:country":null,"email":null,"short_name":null,"official_name":null,"government":null,"man_made":null,"content":null,"operator:type":null,"healthcare":null,"contact:phone":null,"addr:state":null,"addr:full":null,"toilets:access":null,"toilets":null,"payment:cash":null,"changing_table":null,"roof:shape":null,"building:use":null,"sport":null,"building:levels:underground":null,"addr:subdistrict":null,"addr:place":null,"addr:district":null,"addr:housename":null,"religion":null,"check_date":null,"branch":null,"brand:wikidata":null,"brand":null,"name:en":null,"opening_hours":null,"fast_food":null,"drive_through":null,"cuisine":null,"parking":null,"not:brand:wikidata":null,"wikipedia":null,"wikidata":null,"office":null,"level":null,"name:ml":null,"name:fa":null,"description":null,"layer":null,"addr:housenumber":null,"height":null,"shop":null,"nohousenumber":null,"website":null,"phone":null,"addr:postcode":null,"amenity":null,"addr:street":null,"addr:city":null,"tourism":null,"smoking":null,"rooms":null,"operator":null,"internet_access:ssid":null,"internet_access":null,"name:te":null,"alt_name":null,"wheelchair":null,"type":null,"name":null,"building:levels":null},"geometry":{"type":"MultiPolygon","coordinates":[[[[222428.581949599960353,1930859.900466157821938],[222429.381596094695851,1930871.728239051066339],[222445.662365092546679,1930870.641641411231831],[222444.862728235311806,1930858.8138692015782],[222428.581949599960353,1930859.900466157821938]]]]}},
{"type":"Feature","properties":{"fid":1384,"full_id":"w356020081","osm_id":"356020081","osm_type":"way","building":"yes","community_centre":null,"levels":null,"diet:lactose_free":null,"diet:dairy":null,"diet:non-vegetarian":null,"image":null,"substation":null,"power":null,"building:apartments":null,"toilets:position":null,"toilets:handwashing":null,"lit":null,"fitness_centre":null,"atm":null,"grades":null,"shelter_type":null,"addr:suburb":null,"compressed_air":null,"check_date:compressed_air":null,"toilets:disposal":null,"male":null,"female":null,"residential":null,"landuse":null,"diplomatic":null,"building:flats":null,"public_transport":null,"bus":null,"material":null,"subway":null,"station":null,"network":null,"construction":null,"leisure":null,"microbrewery":null,"brewery":null,"bar":null,"air_conditioning":null,"guest_house":null,"roof:colour":null,"building:material":null,"payment:notes":null,"payment:coins":null,"internet_access:fee":null,"building:colour":null,"brand:wikipedia":null,"surface":null,"supervised":null,"fee":null,"access":null,"takeaway":null,"outdoor_seating":null,"loc_name":null,"diet:vegetarian":null,"diet:vegan":null,"golf":null,"location":null,"addr:country":null,"email":null,"short_name":null,"official_name":null,"government":null,"man_made":null,"content":null,"operator:type":null,"healthcare":null,"contact:phone":null,"addr:state":null,"addr:full":null,"toilets:access":null,"toilets":null,"payment:cash":null,"changing_table":null,"roof:shape":null,"building:use":null,"sport":null,"building:levels:underground":null,"addr:subdistrict":null,"addr:place":null,"addr:district":null,"addr:housename":null,"religion":null,"check_date":null,"branch":null,"brand:wikidata":null,"brand":null,"name:en":null,"opening_hours":null,"fast_food":null,"drive_through":null,"cuisine":null,"parking":null,"not:brand:wikidata":null,"wikipedia":null,"wikidata":null,"office":null,"level":null,"name:ml":null,"name:fa":null,"description":null,"layer":null,"addr:housenumber":null,"height":null,"shop":null,"nohousenumber":null,"website":null,"phone":null,"addr:postcode":null,"amenity":null,"addr:street":null,"addr:city":null,"tourism":null,"smoking":null,"rooms":null,"operator":null,"internet_access:ssid":null,"internet_access":null,"name:te":null,"alt_name":null,"wheelchair":null,"type":null,"name":null,"building:levels":null},"geometry":{"type":"MultiPolygon","coordinates":[[[[222482.47005070844898,1931134.0],[222479.489054615725763,1931132.623904782580212],[222478.8464340135979,1931134.0],[222482.47005070844898,1931134.0]]]]}},
{"type":"Feature","properties":{"fid":1386,"full_id":"w356020083","osm_id":"356020083","osm_type":"way","building":"yes","community_centre":null,"levels":null,"diet:lactose_free":null,"diet:dairy":null,"diet:non-vegetarian":null,"image":null,"substation":null,"power":null,"building:apartments":null,"toilets:position":null,"toilets:handwashing":null,"lit":null,"fitness_centre":null,"atm":null,"grades":null,"shelter_type":null,"addr:suburb":null,"compressed_air":null,"check_date:compressed_air":null,"toilets:disposal":null,"male":null,"female":null,"residential":null,"landuse":null,"diplomatic":null,"building:flats":null,"public_transport":null,"bus":null,"material":null,"subway":null,"station":null,"network":null,"construction":null,"leisure":null,"microbrewery":null,"brewery":null,"bar":null,"air_conditioning":null,"guest_house":null,"roof:colour":null,"building:material":null,"payment:notes":null,"payment:coins":null,"internet_access:fee":null,"building:colour":null,"brand:wikipedia":null,"surface":null,"supervised":null,"fee":null,"access":null,"takeaway":null,"outdoor_seating":null,"loc_name":null,"diet:vegetarian":null,"diet:vegan":null,"golf":null,"location":null,"addr:country":null,"email":null,"short_name":null,"official_name":null,"government":null,"man_made":null,"content":null,"operator:type":null,"healthcare":null,"contact:phone":null,"addr:state":null,"addr:full":null,"toilets:access":null,"toilets":null,"payment:cash":null,"changing_table":null,"roof:shape":null,"building:use":null,"sport":null,"building:levels:underground":null,"addr:subdistrict":null,"addr:place":null,"addr:district":null,"addr:housename":null,"religion":null,"check_date":null,"branch":null,"brand:wikidata":null,"brand":null,"name:en":null,"opening_hours":null,"fast_food":null,"drive_through":null,"cuisine":null,"parking":null,"not:brand:wikidata":null,"wikipedia":null,"wikidata":null,"office":null,"level":null,"name:ml":null,"name:fa":null,"description":null,"layer":null,"addr:housenumber":null,"height":null,"shop":null,"nohousenumber":null,"website":null,"phone":null,"addr:postcode":null,"amenity":null,"addr:street":null,"addr:city":null,"tourism":null,"smoking":null,"rooms":null,"operator":null,"internet_access:ssid":null,"internet_access":null,"name:te":null,"alt_name":null,"wheelchair":null,"type":null,"name":null,"building:levels":null},"geometry":{"type":"MultiPolygon","coordinates":[[[[222629.462908480723854,1930659.117454100865871],[222635.2822431922541,1930657.908285020617768],[222643.13560920546297,1930638.309704964980483],[222625.836554712383077,1930641.901810999494046],[222629.462908480723854,1930659.117454100865871]]]]}},
{"type":"Feature","properties":{"fid":1388,"full_id":"w356020090","osm_id":"356020090","osm_type":"way","building":"yes","community_centre":null,"levels":null,"diet:lactose_free":null,"diet:dairy":null,"diet:non-vegetarian":null,"image":null,"substation":null,"power":null,"building:apartments":null,"toilets:position":null,"toilets:handwashing":null,"lit":null,"fitness_centre":null,"atm":null,"grades":null,"shelter_type":null,"addr:suburb":null,"compressed_air":null,"check_date:compressed_air":null,"toilets:disposal":null,"male":null,"female":null,"residential":null,"landuse":null,"diplomatic":null,"building:flats":null,"public_transport":null,"bus":null,"material":null,"subway":null,"station":null,"network":null,"construction":null,"leisure":null,"microbrewery":null,"brewery":null,"bar":null,"air_conditioning":null,"guest_house":null,"roof:colour":null,"building:material":null,"payment:notes":null,"payment:coins":null,"internet_access:fee":null,"building:colour":null,"brand:wikipedia":null,"surface":null,"supervised":null,"fee":null,"access":null,"takeaway":null,"outdoor_seating":null,"loc_name":null,"diet:vegetarian":null,"diet:vegan":null,"golf":null,"location":null,"addr:country":null,"email":null,"short_name":null,"official_name":null,"government":null,"man_made":null,"content":null,"operator:type":null,"healthcare":null,"contact:phone":null,"addr:state":null,"addr:full":null,"toilets:access":null,"toilets":null,"payment:cash":null,"changing_table":null,"roof:shape":null,"building:use":null,"sport":null,"building:levels:underground":null,"addr:subdistrict":null,"addr:place":null,"addr:district":null,"addr:housename":null,"religion":null,"check_date":null,"branch":null,"brand:wikidata":null,"brand":null,"name:en":null,"opening_hours":null,"fast_food":null,"drive_through":null,"cuisine":null,"parking":null,"not:brand:wikidata":null,"wikipedia":null,"wikidata":null,"office":null,"level":null,"name:ml":null,"name:fa":null,"description":null,"layer":null,"addr:housenumber":null,"height":null,"shop":null,"nohousenumber":null,"website":null,"phone":null,"addr:postcode":null,"amenity":null,"addr:street":null,"addr:city":null,"tourism":null,"smoking":null,"rooms":null,"operator":null,"internet_access:ssid":null,"internet_access":null,"name:te":null,"alt_name":null,"wheelchair":null,"type":null,"name":null,"building:levels":null},"geometry":{"type":"MultiPolygon","coordinates":[[[[222519.854676145885605,1930724.228661617962644],[222532.648903118970338,1930720.808813258539885],[222530.129935353063047,1930711.507413578918204],[222517.325225912674796,1930714.938480606302619],[222519.854676145885605,1930724.228661617962644]]]]}},
{"type":"Feature","properties":{"fid":1390,"full_id":"w356020098","osm_id":"356020098","osm_type":"way","building":"yes","community_centre":null,"levels":null,"diet:lactose_free":null,"diet:dairy":null,"diet:non-vegetarian":null,"image":null,"substation":null,"power":null,"building:apartments":null,"toilets:position":null,"toilets:handwashing":null,"lit":null,"fitness_centre":null,"atm":null,"grades":null,"shelter_type":null,"addr:suburb":null,"compressed_air":null,"check_date:compressed_air":null,"toilets:disposal":null,"male":null,"female":null,"residential":null,"landuse":null,"diplomatic":null,"building:flats":null,"public_transport":null,"bus":null,"material":null,"subway":null,"station":null,"network":null,"construction":null,"leisure":null,"microbrewery":null,"brewery":null,"bar":null,"air_conditioning":null,"guest_house":null,"roof:colour":null,"building:material":null,"payment:notes":null,"payment:coins":null,"internet_access:fee":null,"building:colour":null,"brand:wikipedia":null,"surface":null,"supervised":null,"fee":null,"access":null,"takeaway":null,"outdoor_seating":null,"loc_name":null,"diet:vegetarian":null,"diet:vegan":null,"golf":null,"location":null,"addr:country":null,"email":null,"short_name":null,"official_name":null,"government":null,"man_made":null,"content":null,"operator:type":null,"healthcare":null,"contact:phone":null,"addr:state":null,"addr:full":null,"toilets:access":null,"toilets":null,"payment:cash":null,"changing_table":null,"roof:shape":null,"building:use":null,"sport":null,"building:levels:underground":null,"addr:subdistrict":null,"addr:place":null,"addr:district":null,"addr:housename":null,"religion":null,"check_date":null,"branch":null,"brand:wikidata":null,"brand":null,"name:en":null,"opening_hours":null,"fast_food":null,"drive_through":null,"cuisine":null,"parking":null,"not:brand:wikidata":null,"wikipedia":null,"wikidata":null,"office":null,"level":null,"name:ml":null,"name:fa":null,"description":null,"layer":null,"addr:housenumber":null,"height":null,"shop":null,"nohousenumber":null,"website":null,"phone":null,"addr:postcode":null,"amenity":null,"addr:street":null,"addr:city":null,"tourism":null,"smoking":null,"rooms":null,"operator":null,"internet_access:ssid":null,"internet_access":null,"name:te":null,"alt_name":null,"wheelchair":null,"type":null,"name":null,"building:levels":null},"geometry":{"type":"MultiPolygon","coordinates":[[[[222433.654099004575983,1930922.945033002411947],[222449.713913315557875,1930922.027574447914958],[222449.157135608838871,1930912.41139275371097],[222433.107941471913364,1930913.328705251216888],[222433.654099004575983,1930922.945033002411947]]]]}},
{"type":"Feature","properties":{"fid":1392,"full_id":"w356020101","osm_id":"356020101","osm_type":"way","building":"yes","community_centre":null,"levels":null,"diet:lactose_free":null,"diet:dairy":null,"diet:non-vegetarian":null,"image":null,"substation":null,"power":null,"building:apartments":null,"toilets:position":null,"toilets:handwashing":null,"lit":null,"fitness_centre":null,"atm":null,"grades":null,"shelter_type":null,"addr:suburb":null,"compressed_air":null,"check_date:compressed_air":null,"toilets:disposal":null,"male":null,"female":null,"residential":null,"landuse":null,"diplomatic":null,"building:flats":null,"public_transport":null,"bus":null,"material":null,"subway":null,"station":null,"network":null,"construction":null,"leisure":null,"microbrewery":null,"brewery":null,"bar":null,"air_conditioning":null,"guest_house":null,"roof:colour":null,"building:material":null,"payment:notes":null,"payment:coins":null,"internet_access:fee":null,"building:colour":null,"brand:wikipedia":null,"surface":null,"supervised":null,"fee":null,"access":null,"takeaway":null,"outdoor_seating":null,"loc_name":null,"diet:vegetarian":null,"diet:vegan":null,"golf":null,"location":null,"addr:country":null,"email":null,"short_name":null,"official_name":null,"government":null,"man_made":null,"content":null,"operator:type":null,"healthcare":null,"contact:phone":null,"addr:state":null,"addr:full":null,"toilets:access":null,"toilets":null,"payment:cash":null,"changing_table":null,"roof:shape":null,"building:use":null,"sport":null,"building:levels:underground":null,"addr:subdistrict":null,"addr:place":null,"addr:district":null,"addr:housename":null,"religion":null,"check_date":null,"branch":null,"brand:wikidata":null,"brand":null,"name:en":null,"opening_hours":null,"fast_food":null,"drive_through":null,"cuisine":null,"parking":null,"not:brand:wikidata":null,"wikipedia":null,"wikidata":null,"office":null,"level":null,"name:ml":null,"name:fa":null,"description":null,"layer":null,"addr:housenumber":null,"height":null,"shop":null,"nohousenumber":null,"website":null,"phone":null,"addr:postcode":null,"amenity":null,"addr:street":null,"addr:city":null,"tourism":null,"smoking":null,"rooms":null,"operator":null,"internet_access:ssid":null,"internet_access":null,"name:te":null,"alt_name":null,"wheelchair":null,"type":null,"name":null,"building:levels":null},"geometry":{"type":"MultiPolygon","coordinates":[[[[222533.883084269997198,1930870.099156567594036],[222532.667070627619978,1930852.69550545909442],[222517.257630586449523,1930853.759036517236382],[222518.473657659371383,1930871.162688547512516],[222533.883084269997198,1930870.099156567594036]]]]}},
{"type":"Feature","properties":{"fid":1393,"full_id":"w356020102","osm_id":"356020102","osm_type":"way","building":"yes","community_centre":null,"levels":null,"diet:lactose_free":null,"diet:dairy":null,"diet:non-vegetarian":null,"image":null,"substation":null,"power":null,"building:apartments":null,"toilets:position":null,"toilets:handwashing":null,"lit":null,"fitness_centre":null,"atm":null,"grades":null,"shelter_type":null,"addr:suburb":null,"compressed_air":null,"check_date:compressed_air":null,"toilets:disposal":null,"male":null,"female":null,"residential":null,"landuse":null,"diplomatic":null,"building:flats":null,"public_transport":null,"bus":null,"material":null,"subway":null,"station":null,"network":null,"construction":null,"leisure":null,"microbrewery":null,"brewery":null,"bar":null,"air_conditioning":null,"guest_house":null,"roof:colour":null,"building:material":null,"payment:notes":null,"payment:coins":null,"internet_access:fee":null,"building:colour":null,"brand:wikipedia":null,"surface":null,"supervised":null,"fee":null,"access":null,"takeaway":null,"outdoor_seating":null,"loc_name":null,"diet:vegetarian":null,"diet:vegan":null,"golf":null,"location":null,"addr:country":null,"email":null,"short_name":null,"official_name":null,"government":null,"man_made":null,"content":null,"operator:type":null,"healthcare":null,"contact:phone":null,"addr:state":null,"addr:full":null,"toilets:access":null,"toilets":null,"payment:cash":null,"changing_table":null,"roof:shape":null,"building:use":null,"sport":null,"building:levels:underground":null,"addr:subdistrict":null,"addr:place":null,"addr:district":null,"addr:housename":null,"religion":null,"check_date":null,"branch":null,"brand:wikidata":null,"brand":null,"name:en":null,"opening_hours":null,"fast_food":null,"drive_through":null,"cuisine":null,"parking":null,"not:brand:wikidata":null,"wikipedia":null,"wikidata":null,"office":null,"level":null,"name:ml":null,"name:fa":null,"description":null,"layer":null,"addr:housenumber":null,"height":null,"shop":null,"nohousenumber":null,"website":null,"phone":null,"addr:postcode":null,"amenity":null,"addr:street":null,"addr:city":null,"tourism":null,"smoking":null,"rooms":null,"operator":null,"internet_access:ssid":null,"internet_access":null,"name:te":null,"alt_name":null,"wheelchair":null,"type":null,"name":null,"building:levels":null},"geometry":{"type":"MultiPolygon","coordinates":[[[[222520.908936430671019,1930634.0],[222522.529433919000439,1930635.340879120631143],[222523.652040253975429,1930634.0],[222520.908936430671019,1930634.0]]]]}},
{"type":"Feature","properties":{"fid":1395,"full_id":"w356020104","osm_id":"356020104","osm_type":"way","building":"yes","community_centre":null,"levels":null,"diet:lactose_free":null,"diet:dairy":null,"diet:non-vegetarian":null,"image":null,"substation":null,"power":null,"building:apartments":null,"toilets:position":null,"toilets:handwashing":null,"lit":null,"fitness_centre":null,"atm":null,"grades":null,"shelter_type":null,"addr:suburb":null,"compressed_air":null,"check_date:compressed_air":null,"toilets:disposal":null,"male":null,"female":null,"residential":null,"landuse":null,"diplomatic":null,"building:flats":null,"public_transport":null,"bus":null,"material":null,"subway":null,"station":null,"network":null,"construction":null,"leisure":null,"microbrewery":null,"brewery":null,"bar":null,"air_conditioning":null,"guest_house":null,"roof:colour":null,"building:material":null,"payment:notes":null,"payment:coins":null,"internet_access:fee":null,"building:colour":null,"brand:wikipedia":null,"surface":null,"supervised":null,"fee":null,"access":null,"takeaway":null,"outdoor_seating":null,"loc_name":null,"diet:vegetarian":null,"diet:vegan":null,"golf":null,"location":null,"addr:country":null,"email":null,"short_name":null,"official_name":null,"government":null,"man_made":null,"content":null,"operator:type":null,"healthcare":null,"contact:phone":null,"addr:state":null,"addr:full":null,"toilets:access":null,"toilets":null,"payment:cash":null,"changing_table":null,"roof:shape":null,"building:use":null,"sport":null,"building:levels:underground":null,"addr:subdistrict":null,"addr:place":null,"addr:district":null,"addr:housename":null,"religion":null,"check_date":null,"branch":null,"brand:wikidata":null,"brand":null,"name:en":null,"opening_hours":null,"fast_food":null,"drive_through":null,"cuisine":null,"parking":null,"not:brand:wikidata":null,"wikipedia":null,"wikidata":null,"office":null,"level":null,"name:ml":null,"name:fa":null,"description":null,"layer":null,"addr:housenumber":null,"height":null,"shop":null,"nohousenumber":null,"website":null,"phone":null,"addr:postcode":null,"amenity":null,"addr:street":null,"addr:city":null,"tourism":null,"smoking":null,"rooms":null,"operator":null,"internet_access:ssid":null,"internet_access":null,"name:te":null,"alt_name":null,"wheelchair":null,"type":null,"name":null,"building:levels":null},"geometry":{"type":"MultiPolygon","coordinates":[[[[222635.963487982458901,1931009.360965656116605],[222643.930091699992772,1930993.393263359321281],[222623.286061936931219,1930983.221189780859277],[222615.319467883149628,1930999.18890173221007],[222635.963487982458901,1931009.360965656116605]]]]}},
{"type":"Feature","properties":{"fid":1396,"full_id":"w356020105","osm_id":"356020105","osm_type":"way","building":"yes","community_centre":null,"levels":null,"diet:lactose_free":null,"diet:dairy":null,"diet:non-vegetarian":null,"image":null,"substation":null,"power":null,"building:apartments":null,"toilets:position":null,"toilets:handwashing":null,"lit":null,"fitness_centre":null,"atm":null,"grades":null,"shelter_type":null,"addr:suburb":null,"compressed_air":null,"check_date:compressed_air":null,"toilets:disposal":null,"male":null,"female":null,"residential":null,"landuse":null,"diplomatic":null,"building:flats":null,"public_transport":null,"bus":null,"material":null,"subway":null,"station":null,"network":null,"construction":null,"leisure":null,"microbrewery":null,"brewery":null,"bar":null,"air_conditioning":null,"guest_house":null,"roof:colour":null,"building:material":null,"payment:notes":null,"payment:coins":null,"internet_access:fee":null,"building:colour":null,"brand:wikipedia":null,"surface":null,"supervised":null,"fee":null,"access":null,"takeaway":null,"outdoor_seating":null,"loc_name":null,"diet:vegetarian":null,"diet:vegan":null,"golf":null,"location":null,"addr:country":null,"email":null,"short_name":null,"official_name":null,"government":null,"man_made":null,"content":null,"operator:type":null,"healthcare":null,"contact:phone":null,"addr:state":null,"addr:full":null,"toilets:access":null,"toilets":null,"payment:cash":null,"changing_table":null,"roof:shape":null,"building:use":null,"sport":null,"building:levels:underground":null,"addr:subdistrict":null,"addr:place":null,"addr:district":null,"addr:housename":null,"religion":null,"check_date":null,"branch":null,"brand:wikidata":null,"brand":null,"name:en":null,"opening_hours":null,"fast_food":null,"drive_through":null,"cuisine":null,"parking":null,"not:brand:wikidata":null,"wikipedia":null,"wikidata":null,"office":null,"level":null,"name:ml":null,"name:fa":null,"description":null,"layer":null,"addr:housenumber":null,"height":null,"shop":null,"nohousenumber":null,"website":null,"phone":null,"addr:postcode":null,"amenity":null,"addr:street":null,"addr:city":null,"tourism":null,"smoking":null,"rooms":null,"operator":null,"internet_access:ssid":null,"internet_access":null,"name:te":null,"alt_name":null,"wheelchair":null,"type":null,"name":null,"building:levels":null},"geometry":{"type":"MultiPolygon","coordinates":[[[[222526.551095097151119,1930736.629169547464699],[222539.485446869104635,1930733.351377027807757],[222536.61111825023545,1930722.161087958840653],[222523.676759237074293,1930725.438881349749863],[222526.551095097151119,1930736.629169547464699]]]]}},
{"type":"Feature","properties":{"fid":1397,"full_id":"w356020108","osm_id":"356020108","osm_type":"way","building":"yes","community_centre":null,"levels":null,"diet:lactose_free":null,"diet:dairy":null,"diet:non-vegetarian":null,"image":null,"substation":null,"power":null,"building:apartments":null,"toilets:position":null,"toilets:handwashing":null,"lit":null,"fitness_centre":null,"atm":null,"grades":null,"shelter_type":null,"addr:suburb":null,"compressed_air":null,"check_date:compressed_air":null,"toilets:disposal":null,"male":null,"female":null,"residential":null,"landuse":null,"diplomatic":null,"building:flats":null,"public_transport":null,"bus":null,"material":null,"subway":null,"station":null,"network":null,"construction":null,"leisure":null,"microbrewery":null,"brewery":null,"bar":null,"air_conditioning":null,"guest_house":null,"roof:colour":null,"building:material":null,"payment:notes":null,"payment:coins":null,"internet_access:fee":null,"building:colour":null,"brand:wikipedia":null,"surface":null,"supervised":null,"fee":null,"access":null,"takeaway":null,"outdoor_seating":null,"loc_name":null,"diet:vegetarian":null,"diet:vegan":null,"golf":null,"location":null,"addr:country":null,"email":null,"short_name":null,"official_name":null,"government":null,"man_made":null,"content":null,"operator:type":null,"healthcare":null,"contact:phone":null,"addr:state":null,"addr:full":null,"toilets:access":null,"toilets":null,"payment:cash":null,"changing_table":null,"roof:shape":null,"building:use":null,"sport":null,"building:levels:underground":null,"addr:subdistrict":null,"addr:place":null,"addr:district":null,"addr:housename":null,"religion":null,"check_date":null,"branch":null,"brand:wikidata":null,"brand":null,"name:en":null,"opening_hours":null,"fast_food":null,"drive_through":null,"cuisine":null,"parking":null,"not:brand:wikidata":null,"wikipedia":null,"wikidata":null,"office":null,"level":null,"name:ml":null,"name:fa":null,"description":null,"layer":null,"addr:housenumber":null,"height":null,"shop":null,"nohousenumber":null,"website":null,"phone":null,"addr:postcode":null,"amenity":null,"addr:street":null,"addr:city":null,"tourism":null,"smoking":null,"rooms":null,"operator":null,"internet_access:ssid":null,"internet_access":null,"name:te":null,"alt_name":null,"wheelchair":null,"type":null,"name":null,"building:levels":null},"geometry":{"type":"MultiPolygon","coordinates":[[[[222586.346972671628464,1930772.55672699213028],[222600.104913070681505,1930778.980092284735292],[222605.879987232154235,1930766.763407513266429],[222592.122041631140746,1930760.340037482557818],[222586.346972671628464,1930772.55672699213028]]]]}},
{"type":"Feature","properties":{"fid":1398,"full_id":"w356020111","osm_id":"356020111","osm_type":"way","building":"yes","community_centre":null,"levels":null,"diet:lactose_free":null,"diet:dairy":null,"diet:non-vegetarian":null,"image":null,"substation":null,"power":null,"building:apartments":null,"toilets:position":null,"toilets:handwashing":null,"lit":null,"fitness_centre":null,"atm":null,"grades":null,"shelter_type":null,"addr:suburb":null,"compressed_air":null,"check_date:compressed_air":null,"toilets:disposal":null,"male":null,"female":null,"residential":null,"landuse":null,"diplomatic":null,"building:flats":null,"public_transport":null,"bus":null,"material":null,"subway":null,"station":null,"network":null,"construction":null,"leisure":null,"microbrewery":null,"brewery":null,"bar":null,"air_conditioning":null,"guest_house":null,"roof:colour":null,"building:material":null,"payment:notes":null,"payment:coins":null,"internet_access:fee":null,"building:colour":null,"brand:wikipedia":null,"surface":null,"supervised":null,"fee":null,"access":null,"takeaway":null,"outdoor_seating":null,"loc_name":null,"diet:vegetarian":null,"diet:vegan":null,"golf":null,"location":null,"addr:country":null,"email":null,"short_name":null,"official_name":null,"government":null,"man_made":null,"content":null,"operator:type":null,"healthcare":null,"contact:phone":null,"addr:state":null,"addr:full":null,"toilets:access":null,"toilets":null,"payment:cash":null,"changing_table":null,"roof:shape":null,"building:use":null,"sport":null,"building:levels:underground":null,"addr:subdistrict":null,"addr:place":null,"addr:district":null,"addr:housename":null,"religion":null,"check_date":null,"branch":null,"brand:wikidata":null,"brand":null,"name:en":null,"opening_hours":null,"fast_food":null,"drive_through":null,"cuisine":null,"parking":null,"not:brand:wikidata":null,"wikipedia":null,"wikidata":null,"office":null,"level":null,"name:ml":null,"name:fa":null,"description":null,"layer":null,"addr:housenumber":null,"height":null,"shop":null,"nohousenumber":null,"website":null,"phone":null,"addr:postcode":null,"amenity":null,"addr:street":null,"addr:city":null,"tourism":null,"smoking":null,"rooms":null,"operator":null,"internet_access:ssid":null,"internet_access":null,"name:te":null,"alt_name":null,"wheelchair":null,"type":null,"name":null,"building:levels":null},"geometry":{"type":"MultiPolygon","coordinates":[[[[222470.223361676209606,1931007.807409356581047],[222488.340163081651554,1931008.068953081034124],[222488.69389569060877,1930983.423202836886048],[222470.587851767602842,1930983.172582819825038],[222470.223361676209606,1931007.807409356581047]]]]}},
{"type":"Feature","properties":{"fid":1399,"full_id":"w356020112","osm_id":"356020112","osm_type":"way","building":"yes","community_centre":null,"levels":null,"diet:lactose_free":null,"diet:dairy":null,"diet:non-vegetarian":null,"image":null,"substation":null,"power":null,"building:apartments":null,"toilets:position":null,"toilets:handwashing":null,"lit":null,"fitness_centre":null,"atm":null,"grades":null,"shelter_type":null,"addr:suburb":null,"compressed_air":null,"check_date:compressed_air":null,"toilets:disposal":null,"male":null,"female":null,"residential":null,"landuse":null,"diplomatic":null,"building:flats":null,"public_transport":null,"bus":null,"material":null,"subway":null,"station":null,"network":null,"construction":null,"leisure":null,"microbrewery":null,"brewery":null,"bar":null,"air_conditioning":null,"guest_house":null,"roof:colour":null,"building:material":null,"payment:notes":null,"payment:coins":null,"internet_access:fee":null,"building:colour":null,"brand:wikipedia":null,"surface":null,"supervised":null,"fee":null,"access":null,"takeaway":null,"outdoor_seating":null,"loc_name":null,"diet:vegetarian":null,"diet:vegan":null,"golf":null,"location":null,"addr:country":null,"email":null,"short_name":null,"official_name":null,"government":null,"man_made":null,"content":null,"operator:type":null,"healthcare":null,"contact:phone":null,"addr:state":null,"addr:full":null,"toilets:access":null,"toilets":null,"payment:cash":null,"changing_table":null,"roof:shape":null,"building:use":null,"sport":null,"building:levels:underground":null,"addr:subdistrict":null,"addr:place":null,"addr:district":null,"addr:housename":null,"religion":null,"check_date":null,"branch":null,"brand:wikidata":null,"brand":null,"name:en":null,"opening_hours":null,"fast_food":null,"drive_through":null,"cuisine":null,"parking":null,"not:brand:wikidata":null,"wikipedia":null,"wikidata":null,"office":null,"level":null,"name:ml":null,"name:fa":null,"description":null,"layer":null,"addr:housenumber":null,"height":null,"shop":null,"nohousenumber":null,"website":null,"phone":null,"addr:postcode":null,"amenity":null,"addr:street":null,"addr:city":null,"tourism":null,"smoking":null,"rooms":null,"operator":null,"internet_access:ssid":null,"internet_access":null,"name:te":null,"alt_name":null,"wheelchair":null,"type":null,"name":null,"building:levels":null},"geometry":{"type":"MultiPolygon","coordinates":[[[[222443.474720496975351,1930780.679633404593915],[222452.050211250956636,1930777.361749207833782],[222448.789499647158664,1930769.011841424740851],[222440.213853960100096,1930772.318654062226415],[222443.474720496975351,1930780.679633404593915]]]]}},
{"type":"Feature","properties":{"fid":1401,"full_id":"w356020118","osm_id":"356020118","osm_type":"way","building":"yes","community_centre":null,"levels":null,"diet:lactose_free":null,"diet:dairy":null,"diet:non-vegetarian":null,"image":null,"substation":null,"power":null,"building:apartments":null,"toilets:position":null,"toilets:handwashing":null,"lit":null,"fitness_centre":null,"atm":null,"grades":null,"shelter_type":null,"addr:suburb":null,"compressed_air":null,"check_date:compressed_air":null,"toilets:disposal":null,"male":null,"female":null,"residential":null,"landuse":null,"diplomatic":null,"building:flats":null,"public_transport":null,"bus":null,"material":null,"subway":null,"station":null,"network":null,"construction":null,"leisure":null,"microbrewery":null,"brewery":null,"bar":null,"air_conditioning":null,"guest_house":null,"roof:colour":null,"building:material":null,"payment:notes":null,"payment:coins":null,"internet_access:fee":null,"building:colour":null,"brand:wikipedia":null,"surface":null,"supervised":null,"fee":null,"access":null,"takeaway":null,"outdoor_seating":null,"loc_name":null,"diet:vegetarian":null,"diet:vegan":null,"golf":null,"location":null,"addr:country":null,"email":null,"short_name":null,"official_name":null,"government":null,"man_made":null,"content":null,"operator:type":null,"healthcare":null,"contact:phone":null,"addr:state":null,"addr:full":null,"toilets:access":null,"toilets":null,"payment:cash":null,"changing_table":null,"roof:shape":null,"building:use":null,"sport":null,"building:levels:underground":null,"addr:subdistrict":null,"addr:place":null,"addr:district":null,"addr:housename":null,"religion":null,"check_date":null,"branch":null,"brand:wikidata":null,"brand":null,"name:en":null,"opening_hours":null,"fast_food":null,"drive_through":null,"cuisine":null,"parking":null,"not:brand:wikidata":null,"wikipedia":null,"wikidata":null,"office":null,"level":null,"name:ml":null,"name:fa":null,"description":null,"layer":null,"addr:housenumber":null,"height":null,"shop":null,"nohousenumber":null,"website":null,"phone":null,"addr:postcode":null,"amenity":null,"addr:street":null,"addr:city":null,"tourism":null,"smoking":null,"rooms":null,"operator":null,"internet_access:ssid":null,"internet_access":null,"name:te":null,"alt_name":null,"wheelchair":null,"type":null,"name":null,"building:levels":null},"geometry":{"type":"MultiPolygon","coordinates":[[[[222590.428202140086796,1930732.865080640651286],[222604.104730942694005,1930728.669068382354453],[222601.002499320369679,1930718.689018422272056],[222587.336591755913105,1930722.884886547923088],[222590.428202140086796,1930732.865080640651286]]]]}},
{"type":"Feature","properties":{"fid":1402,"full_id":"w356020120","osm_id":"356020120","osm_type":"way","building":"yes","community_centre":null,"levels":null,"diet:lactose_free":null,"diet:dairy":null,"diet:non-vegetarian":null,"image":null,"substation":null,"power":null,"building:apartments":null,"toilets:position":null,"toilets:handwashing":null,"lit":null,"fitness_centre":null,"atm":null,"grades":null,"shelter_type":null,"addr:suburb":null,"compressed_air":null,"check_date:compressed_air":null,"toilets:disposal":null,"male":null,"female":null,"residential":null,"landuse":null,"diplomatic":null,"building:flats":null,"public_transport":null,"bus":null,"material":null,"subway":null,"station":null,"network":null,"construction":null,"leisure":null,"microbrewery":null,"brewery":null,"bar":null,"air_conditioning":null,"guest_house":null,"roof:colour":null,"building:material":null,"payment:notes":null,"payment:coins":null,"internet_access:fee":null,"building:colour":null,"brand:wikipedia":null,"surface":null,"supervised":null,"fee":null,"access":null,"takeaway":null,"outdoor_seating":null,"loc_name":null,"diet:vegetarian":null,"diet:vegan":null,"golf":null,"location":null,"addr:country":null,"email":null,"short_name":null,"official_name":null,"government":null,"man_made":null,"content":null,"operator:type":null,"healthcare":null,"contact:phone":null,"addr:state":null,"addr:full":null,"toilets:access":null,"toilets":null,"payment:cash":null,"changing_table":null,"roof:shape":null,"building:use":null,"sport":null,"building:levels:underground":null,"addr:subdistrict":null,"addr:place":null,"addr:district":null,"addr:housename":null,"religion":null,"check_date":null,"branch":null,"brand:wikidata":null,"brand":null,"name:en":null,"opening_hours":null,"fast_food":null,"drive_through":null,"cuisine":null,"parking":null,"not:brand:wikidata":null,"wikipedia":null,"wikidata":null,"office":null,"level":null,"name:ml":null,"name:fa":null,"description":null,"layer":null,"addr:housenumber":null,"height":null,"shop":null,"nohousenumber":null,"website":null,"phone":null,"addr:postcode":null,"amenity":null,"addr:street":null,"addr:city":null,"tourism":null,"smoking":null,"rooms":null,"operator":null,"internet_access:ssid":null,"internet_access":null,"name:te":null,"alt_name":null,"wheelchair":null,"type":null,"name":null,"building:levels":null},"geometry":{"type":"MultiPolygon","coordinates":[[[[222562.50355858594412,1930697.908061102963984],[222576.751749556802679,1930693.538096824660897],[222573.260107775742654,1930682.289799999678507],[222559.01190889114514,1930686.659765690332279],[222562.50355858594412,1930697.908061102963984]]]]}},
{"type":"Feature","properties":{"fid":1403,"full_id":"w356020121","osm_id":"356020121","osm_type":"way","building":"yes","community_centre":null,"levels":null,"diet:lactose_free":null,"diet:dairy":null,"diet:non-vegetarian":null,"image":null,"substation":null,"power":null,"building:apartments":null,"toilets:position":null,"toilets:handwashing":null,"lit":null,"fitness_centre":null,"atm":null,"grades":null,"shelter_type":null,"addr:suburb":null,"compressed_air":null,"check_date:compressed_air":null,"toilets:disposal":null,"male":null,"female":null,"residential":null,"landuse":null,"diplomatic":null,"building:flats":null,"public_transport":null,"bus":null,"material":null,"subway":null,"station":null,"network":null,"construction":null,"leisure":null,"microbrewery":null,"brewery":null,"bar":null,"air_conditioning":null,"guest_house":null,"roof:colour":null,"building:material":null,"payment:notes":null,"payment:coins":null,"internet_access:fee":null,"building:colour":null,"brand:wikipedia":null,"surface":null,"supervised":null,"fee":null,"access":null,"takeaway":null,"outdoor_seating":null,"loc_name":null,"diet:vegetarian":null,"diet:vegan":null,"golf":null,"location":null,"addr:country":null,"email":null,"short_name":null,"official_name":null,"government":null,"man_made":null,"content":null,"operator:type":null,"healthcare":null,"contact:phone":null,"addr:state":null,"addr:full":null,"toilets:access":null,"toilets":null,"payment:cash":null,"changing_table":null,"roof:shape":null,"building:use":null,"sport":null,"building:levels:underground":null,"addr:subdistrict":null,"addr:place":null,"addr:district":null,"addr:housename":null,"religion":null,"check_date":null,"branch":null,"brand:wikidata":null,"brand":null,"name:en":null,"opening_hours":null,"fast_food":null,"drive_through":null,"cuisine":null,"parking":null,"not:brand:wikidata":null,"wikipedia":null,"wikidata":null,"office":null,"level":null,"name:ml":null,"name:fa":null,"description":null,"layer":null,"addr:housenumber":null,"height":null,"shop":null,"nohousenumber":null,"website":null,"phone":null,"addr:postcode":null,"amenity":null,"addr:street":null,"addr:city":null,"tourism":null,"smoking":null,"rooms":null,"operator":null,"internet_access:ssid":null,"internet_access":null,"name:te":null,"alt_name":null,"wheelchair":null,"type":null,"name":null,"building:levels":null},"geometry":{"type":"MultiPolygon","coordinates":[[[[222591.796503531571943,1930756.745258850743994],[222605.10520057217218,1930762.964355803094804],[222610.591179628798272,1930751.371801967732608],[222597.282477819244377,1930745.152700661448762],[222591.796503531571943,1930756.745258850743994]]]]}},
{"type":"Feature","properties":{"fid":1404,"full_id":"w356020124","osm_id":"356020124","osm_type":"way","building":"yes","community_centre":null,"levels":null,"diet:lactose_free":null,"diet:dairy":null,"diet:non-vegetarian":null,"image":null,"substation":null,"power":null,"building:apartments":null,"toilets:position":null,"toilets:handwashing":null,"lit":null,"fitness_centre":null,"atm":null,"grades":null,"shelter_type":null,"addr:suburb":null,"compressed_air":null,"check_date:compressed_air":null,"toilets:disposal":null,"male":null,"female":null,"residential":null,"landuse":null,"diplomatic":null,"building:flats":null,"public_transport":null,"bus":null,"material":null,"subway":null,"station":null,"network":null,"construction":null,"leisure":null,"microbrewery":null,"brewery":null,"bar":null,"air_conditioning":null,"guest_house":null,"roof:colour":null,"building:material":null,"payment:notes":null,"payment:coins":null,"internet_access:fee":null,"building:colour":null,"brand:wikipedia":null,"surface":null,"supervised":null,"fee":null,"access":null,"takeaway":null,"outdoor_seating":null,"loc_name":null,"diet:vegetarian":null,"diet:vegan":null,"golf":null,"location":null,"addr:country":null,"email":null,"short_name":null,"official_name":null,"government":null,"man_made":null,"content":null,"operator:type":null,"healthcare":null,"contact:phone":null,"addr:state":null,"addr:full":null,"toilets:access":null,"toilets":null,"payment:cash":null,"changing_table":null,"roof:shape":null,"building:use":null,"sport":null,"building:levels:underground":null,"addr:subdistrict":null,"addr:place":null,"addr:district":null,"addr:housename":null,"religion":null,"check_date":null,"branch":null,"brand:wikidata":null,"brand":null,"name:en":null,"opening_hours":null,"fast_food":null,"drive_through":null,"cuisine":null,"parking":null,"not:brand:wikidata":null,"wikipedia":null,"wikidata":null,"office":null,"level":null,"name:ml":null,"name:fa":null,"description":null,"layer":null,"addr:housenumber":null,"height":null,"shop":null,"nohousenumber":null,"website":null,"phone":null,"addr:postcode":null,"amenity":null,"addr:street":null,"addr:city":null,"tourism":null,"smoking":null,"rooms":null,"operator":null,"internet_access:ssid":null,"internet_access":null,"name:te":null,"alt_name":null,"wheelchair":null,"type":null,"name":null,"building:levels":null},"geometry":{"type":"MultiPolygon","coordinates":[[[[222563.942789122578688,1930717.645387551980093],[222577.756884040834848,1930713.403178765904158],[222572.797540122352075,1930697.435044016223401],[222558.972957752586808,1930701.688472588546574],[222563.942789122578688,1930717.645387551980093]]]]}},
{"type":"Feature","properties":{"fid":1407,"full_id":"w356020128","osm_id":"356020128","osm_type":"way","building":"yes","community_centre":null,"levels":null,"diet:lactose_free":null,"diet:dairy":null,"diet:non-vegetarian":null,"image":null,"substation":null,"power":null,"building:apartments":null,"toilets:position":null,"toilets:handwashing":null,"lit":null,"fitness_centre":null,"atm":null,"grades":null,"shelter_type":null,"addr:suburb":null,"compressed_air":null,"check_date:compressed_air":null,"toilets:disposal":null,"male":null,"female":null,"residential":null,"landuse":null,"diplomatic":null,"building:flats":null,"public_transport":null,"bus":null,"material":null,"subway":null,"station":null,"network":null,"construction":null,"leisure":null,"microbrewery":null,"brewery":null,"bar":null,"air_conditioning":null,"guest_house":null,"roof:colour":null,"building:material":null,"payment:notes":null,"payment:coins":null,"internet_access:fee":null,"building:colour":null,"brand:wikipedia":null,"surface":null,"supervised":null,"fee":null,"access":null,"takeaway":null,"outdoor_seating":null,"loc_name":null,"diet:vegetarian":null,"diet:vegan":null,"golf":null,"location":null,"addr:country":null,"email":null,"short_name":null,"official_name":null,"government":null,"man_made":null,"content":null,"operator:type":null,"healthcare":null,"contact:phone":null,"addr:state":null,"addr:full":null,"toilets:access":null,"toilets":null,"payment:cash":null,"changing_table":null,"roof:shape":null,"building:use":null,"sport":null,"building:levels:underground":null,"addr:subdistrict":null,"addr:place":null,"addr:district":null,"addr:housename":null,"religion":null,"check_date":null,"branch":null,"brand:wikidata":null,"brand":null,"name:en":null,"opening_hours":null,"fast_food":null,"drive_through":null,"cuisine":null,"parking":null,"not:brand:wikidata":null,"wikipedia":null,"wikidata":null,"office":null,"level":null,"name:ml":null,"name:fa":null,"description":null,"layer":null,"addr:housenumber":null,"height":null,"shop":null,"nohousenumber":null,"website":null,"phone":null,"addr:postcode":null,"amenity":null,"addr:street":null,"addr:city":null,"tourism":null,"smoking":null,"rooms":null,"operator":null,"internet_access:ssid":null,"internet_access":null,"name:te":null,"alt_name":null,"wheelchair":null,"type":null,"name":null,"building:levels":null},"geometry":{"type":"MultiPolygon","coordinates":[[[[222431.276003351027612,1930896.752993223955855],[222448.024076390836854,1930895.637850583065301],[222447.276799143699463,1930884.529208854073659],[222430.528716792759951,1930885.644350829534233],[222431.276003351027612,1930896.752993223955855]]]]}},
{"type":"Feature","properties":{"fid":1408,"full_id":"w356020129","osm_id":"356020129","osm_type":"way","building":"yes","community_centre":null,"levels":null,"diet:lactose_free":null,"diet:dairy":null,"diet:non-vegetarian":null,"image":null,"substation":null,"power":null,"building:apartments":null,"toilets:position":null,"toilets:handwashing":null,"lit":null,"fitness_centre":null,"atm":null,"grades":null,"shelter_type":null,"addr:suburb":null,"compressed_air":null,"check_date:compressed_air":null,"toilets:disposal":null,"male":null,"female":null,"residential":null,"landuse":null,"diplomatic":null,"building:flats":null,"public_transport":null,"bus":null,"material":null,"subway":null,"station":null,"network":null,"construction":null,"leisure":null,"microbrewery":null,"brewery":null,"bar":null,"air_conditioning":null,"guest_house":null,"roof:colour":null,"building:material":null,"payment:notes":null,"payment:coins":null,"internet_access:fee":null,"building:colour":null,"brand:wikipedia":null,"surface":null,"supervised":null,"fee":null,"access":null,"takeaway":null,"outdoor_seating":null,"loc_name":null,"diet:vegetarian":null,"diet:vegan":null,"golf":null,"location":null,"addr:country":null,"email":null,"short_name":null,"official_name":null,"government":null,"man_made":null,"content":null,"operator:type":null,"healthcare":null,"contact:phone":null,"addr:state":null,"addr:full":null,"toilets:access":null,"toilets":null,"payment:cash":null,"changing_table":null,"roof:shape":null,"building:use":null,"sport":null,"building:levels:underground":null,"addr:subdistrict":null,"addr:place":null,"addr:district":null,"addr:housename":null,"religion":null,"check_date":null,"branch":null,"brand:wikidata":null,"brand":null,"name:en":null,"opening_hours":null,"fast_food":null,"drive_through":null,"cuisine":null,"parking":null,"not:brand:wikidata":null,"wikipedia":null,"wikidata":null,"office":null,"level":null,"name:ml":null,"name:fa":null,"description":null,"layer":null,"addr:housenumber":null,"height":null,"shop":null,"nohousenumber":null,"website":null,"phone":null,"addr:postcode":null,"amenity":null,"addr:street":null,"addr:city":null,"tourism":null,"smoking":null,"rooms":null,"operator":null,"internet_access:ssid":null,"internet_access":null,"name:te":null,"alt_name":null,"wheelchair":null,"type":null,"name":null,"building:levels":null},"geometry":{"type":"MultiPolygon","coordinates":[[[[222581.800529358035419,1930692.727057602722198],[222590.396088952198625,1930690.095589049858972],[222587.28246247547213,1930680.060322688892484],[222578.686898620857392,1930682.691792001016438],[222581.800529358035419,1930692.727057602722198]]]]}},
{"type":"Feature","properties":{"fid":1409,"full_id":"w356020131","osm_id":"356020131","osm_type":"way","building":"yes","community_centre":null,"levels":null,"diet:lactose_free":null,"diet:dairy":null,"diet:non-vegetarian":null,"image":null,"substation":null,"power":null,"building:apartments":null,"toilets:position":null,"toilets:handwashing":null,"lit":null,"fitness_centre":null,"atm":null,"grades":null,"shelter_type":null,"addr:suburb":null,"compressed_air":null,"check_date:compressed_air":null,"toilets:disposal":null,"male":null,"female":null,"residential":null,"landuse":null,"diplomatic":null,"building:flats":null,"public_transport":null,"bus":null,"material":null,"subway":null,"station":null,"network":null,"construction":null,"leisure":null,"microbrewery":null,"brewery":null,"bar":null,"air_conditioning":null,"guest_house":null,"roof:colour":null,"building:material":null,"payment:notes":null,"payment:coins":null,"internet_access:fee":null,"building:colour":null,"brand:wikipedia":null,"surface":null,"supervised":null,"fee":null,"access":null,"takeaway":null,"outdoor_seating":null,"loc_name":null,"diet:vegetarian":null,"diet:vegan":null,"golf":null,"location":null,"addr:country":null,"email":null,"short_name":null,"official_name":null,"government":null,"man_made":null,"content":null,"operator:type":null,"healthcare":null,"contact:phone":null,"addr:state":null,"addr:full":null,"toilets:access":null,"toilets":null,"payment:cash":null,"changing_table":null,"roof:shape":null,"building:use":null,"sport":null,"building:levels:underground":null,"addr:subdistrict":null,"addr:place":null,"addr:district":null,"addr:housename":null,"religion":null,"check_date":null,"branch":null,"brand:wikidata":null,"brand":null,"name:en":null,"opening_hours":null,"fast_food":null,"drive_through":null,"cuisine":null,"parking":null,"not:brand:wikidata":null,"wikipedia":null,"wikidata":null,"office":null,"level":null,"name:ml":null,"name:fa":null,"description":null,"layer":null,"addr:housenumber":null,"height":null,"shop":null,"nohousenumber":null,"website":null,"phone":null,"addr:postcode":null,"amenity":null,"addr:street":null,"addr:city":null,"tourism":null,"smoking":null,"rooms":null,"operator":null,"internet_access:ssid":null,"internet_access":null,"name:te":null,"alt_name":null,"wheelchair":null,"type":null,"name":null,"building:levels":null},"geometry":{"type":"MultiPolygon","coordinates":[[[[222493.323335939552635,1931010.237835136242211],[222502.305370014626533,1931010.225690548541024],[222502.28855535708135,1930984.134244627086446],[222493.306358250847552,1930984.135315123945475],[222493.323335939552635,1931010.237835136242211]]]]}},
{"type":"Feature","properties":{"fid":1410,"full_id":"w356020133","osm_id":"356020133","osm_type":"way","building":"yes","community_centre":null,"levels":null,"diet:lactose_free":null,"diet:dairy":null,"diet:non-vegetarian":null,"image":null,"substation":null,"power":null,"building:apartments":null,"toilets:position":null,"toilets:handwashing":null,"lit":null,"fitness_centre":null,"atm":null,"grades":null,"shelter_type":null,"addr:suburb":null,"compressed_air":null,"check_date:compressed_air":null,"toilets:disposal":null,"male":null,"female":null,"residential":null,"landuse":null,"diplomatic":null,"building:flats":null,"public_transport":null,"bus":null,"material":null,"subway":null,"station":null,"network":null,"construction":null,"leisure":null,"microbrewery":null,"brewery":null,"bar":null,"air_conditioning":null,"guest_house":null,"roof:colour":null,"building:material":null,"payment:notes":null,"payment:coins":null,"internet_access:fee":null,"building:colour":null,"brand:wikipedia":null,"surface":null,"supervised":null,"fee":null,"access":null,"takeaway":null,"outdoor_seating":null,"loc_name":null,"diet:vegetarian":null,"diet:vegan":null,"golf":null,"location":null,"addr:country":null,"email":null,"short_name":null,"official_name":null,"government":null,"man_made":null,"content":null,"operator:type":null,"healthcare":null,"contact:phone":null,"addr:state":null,"addr:full":null,"toilets:access":null,"toilets":null,"payment:cash":null,"changing_table":null,"roof:shape":null,"building:use":null,"sport":null,"building:levels:underground":null,"addr:subdistrict":null,"addr:place":null,"addr:district":null,"addr:housename":null,"religion":null,"check_date":null,"branch":null,"brand:wikidata":null,"brand":null,"name:en":null,"opening_hours":null,"fast_food":null,"drive_through":null,"cuisine":null,"parking":null,"not:brand:wikidata":null,"wikipedia":null,"wikidata":null,"office":null,"level":null,"name:ml":null,"name:fa":null,"description":null,"layer":null,"addr:housenumber":null,"height":null,"shop":null,"nohousenumber":null,"website":null,"phone":null,"addr:postcode":null,"amenity":null,"addr:street":null,"addr:city":null,"tourism":null,"smoking":null,"rooms":null,"operator":null,"internet_access:ssid":null,"internet_access":null,"name:te":null,"alt_name":null,"wheelchair":null,"type":null,"name":null,"building:levels":null},"geometry":{"type":"MultiPolygon","coordinates":[[[[222606.956851198920049,1930707.920652377652004],[222615.42408298299415,1930706.010794563451782],[222613.433949764934368,1930697.289110435871407],[222604.966865675349254,1930699.210041068028659],[222606.956851198920049,1930707.920652377652004]]]]}},
{"type":"Feature","properties":{"fid":1411,"full_id":"w356020136","osm_id":"356020136","osm_type":"way","building":"yes","community_centre":null,"levels":null,"diet:lactose_free":null,"diet:dairy":null,"diet:non-vegetarian":null,"image":null,"substation":null,"power":null,"building:apartments":null,"toilets:position":null,"toilets:handwashing":null,"lit":null,"fitness_centre":null,"atm":null,"grades":null,"shelter_type":null,"addr:suburb":null,"compressed_air":null,"check_date:compressed_air":null,"toilets:disposal":null,"male":null,"female":null,"residential":null,"landuse":null,"diplomatic":null,"building:flats":null,"public_transport":null,"bus":null,"material":null,"subway":null,"station":null,"network":null,"construction":null,"leisure":null,"microbrewery":null,"brewery":null,"bar":null,"air_conditioning":null,"guest_house":null,"roof:colour":null,"building:material":null,"payment:notes":null,"payment:coins":null,"internet_access:fee":null,"building:colour":null,"brand:wikipedia":null,"surface":null,"supervised":null,"fee":null,"access":null,"takeaway":null,"outdoor_seating":null,"loc_name":null,"diet:vegetarian":null,"diet:vegan":null,"golf":null,"location":null,"addr:country":null,"email":null,"short_name":null,"official_name":null,"government":null,"man_made":null,"content":null,"operator:type":null,"healthcare":null,"contact:phone":null,"addr:state":null,"addr:full":null,"toilets:access":null,"toilets":null,"payment:cash":null,"changing_table":null,"roof:shape":null,"building:use":null,"sport":null,"building:levels:underground":null,"addr:subdistrict":null,"addr:place":null,"addr:district":null,"addr:housename":null,"religion":null,"check_date":null,"branch":null,"brand:wikidata":null,"brand":null,"name:en":null,"opening_hours":null,"fast_food":null,"drive_through":null,"cuisine":null,"parking":null,"not:brand:wikidata":null,"wikipedia":null,"wikidata":null,"office":null,"level":null,"name:ml":null,"name:fa":null,"description":null,"layer":null,"addr:housenumber":null,"height":null,"shop":null,"nohousenumber":null,"website":null,"phone":null,"addr:postcode":null,"amenity":null,"addr:street":null,"addr:city":null,"tourism":null,"smoking":null,"rooms":null,"operator":null,"internet_access:ssid":null,"internet_access":null,"name:te":null,"alt_name":null,"wheelchair":null,"type":null,"name":null,"building:levels":null},"geometry":{"type":"MultiPolygon","coordinates":[[[[222588.481290996598545,1930721.0862292048987],[222603.925584279524628,1930716.345539705362171],[222600.111667345685419,1930704.071714273188263],[222584.677992685115896,1930708.812260105740279],[222588.481290996598545,1930721.0862292048987]]]]}},
{"type":"Feature","properties":{"fid":1413,"full_id":"w356020138","osm_id":"356020138","osm_type":"way","building":"yes","community_centre":null,"levels":null,"diet:lactose_free":null,"diet:dairy":null,"diet:non-vegetarian":null,"image":null,"substation":null,"power":null,"building:apartments":null,"toilets:position":null,"toilets:handwashing":null,"lit":null,"fitness_centre":null,"atm":null,"grades":null,"shelter_type":null,"addr:suburb":null,"compressed_air":null,"check_date:compressed_air":null,"toilets:disposal":null,"male":null,"female":null,"residential":null,"landuse":null,"diplomatic":null,"building:flats":null,"public_transport":null,"bus":null,"material":null,"subway":null,"station":null,"network":null,"construction":null,"leisure":null,"microbrewery":null,"brewery":null,"bar":null,"air_conditioning":null,"guest_house":null,"roof:colour":null,"building:material":null,"payment:notes":null,"payment:coins":null,"internet_access:fee":null,"building:colour":null,"brand:wikipedia":null,"surface":null,"supervised":null,"fee":null,"access":null,"takeaway":null,"outdoor_seating":null,"loc_name":null,"diet:vegetarian":null,"diet:vegan":null,"golf":null,"location":null,"addr:country":null,"email":null,"short_name":null,"official_name":null,"government":null,"man_made":null,"content":null,"operator:type":null,"healthcare":null,"contact:phone":null,"addr:state":null,"addr:full":null,"toilets:access":null,"toilets":null,"payment:cash":null,"changing_table":null,"roof:shape":null,"building:use":null,"sport":null,"building:levels:underground":null,"addr:subdistrict":null,"addr:place":null,"addr:district":null,"addr:housename":null,"religion":null,"check_date":null,"branch":null,"brand:wikidata":null,"brand":null,"name:en":null,"opening_hours":null,"fast_food":null,"drive_through":null,"cuisine":null,"parking":null,"not:brand:wikidata":null,"wikipedia":null,"wikidata":null,"office":null,"level":null,"name:ml":null,"name:fa":null,"description":null,"layer":null,"addr:housenumber":null,"height":null,"shop":null,"nohousenumber":null,"website":null,"phone":null,"addr:postcode":null,"amenity":null,"addr:street":null,"addr:city":null,"tourism":null,"smoking":null,"rooms":null,"operator":null,"internet_access:ssid":null,"internet_access":null,"name:te":null,"alt_name":null,"wheelchair":null,"type":null,"name":null,"building:levels":null},"geometry":{"type":"MultiPolygon","coordinates":[[[[222445.675413056858815,1930972.582872598199174],[222455.732547080027871,1930972.677818543976173],[222455.910655036801472,1930956.174273802665994],[222445.842733491735999,1930956.068399568786845],[222445.675413056858815,1930972.582872598199174]]]]}},
{"type":"Feature","properties":{"fid":1414,"full_id":"w356020140","osm_id":"356020140","osm_type":"way","building":"yes","community_centre":null,"levels":null,"diet:lactose_free":null,"diet:dairy":null,"diet:non-vegetarian":null,"image":null,"substation":null,"power":null,"building:apartments":null,"toilets:position":null,"toilets:handwashing":null,"lit":null,"fitness_centre":null,"atm":null,"grades":null,"shelter_type":null,"addr:suburb":null,"compressed_air":null,"check_date:compressed_air":null,"toilets:disposal":null,"male":null,"female":null,"residential":null,"landuse":null,"diplomatic":null,"building:flats":null,"public_transport":null,"bus":null,"material":null,"subway":null,"station":null,"network":null,"construction":null,"leisure":null,"microbrewery":null,"brewery":null,"bar":null,"air_conditioning":null,"guest_house":null,"roof:colour":null,"building:material":null,"payment:notes":null,"payment:coins":null,"internet_access:fee":null,"building:colour":null,"brand:wikipedia":null,"surface":null,"supervised":null,"fee":null,"access":null,"takeaway":null,"outdoor_seating":null,"loc_name":null,"diet:vegetarian":null,"diet:vegan":null,"golf":null,"location":null,"addr:country":null,"email":null,"short_name":null,"official_name":null,"government":null,"man_made":null,"content":null,"operator:type":null,"healthcare":null,"contact:phone":null,"addr:state":null,"addr:full":null,"toilets:access":null,"toilets":null,"payment:cash":null,"changing_table":null,"roof:shape":null,"building:use":null,"sport":null,"building:levels:underground":null,"addr:subdistrict":null,"addr:place":null,"addr:district":null,"addr:housename":null,"religion":null,"check_date":null,"branch":null,"brand:wikidata":null,"brand":null,"name:en":null,"opening_hours":null,"fast_food":null,"drive_through":null,"cuisine":null,"parking":null,"not:brand:wikidata":null,"wikipedia":null,"wikidata":null,"office":null,"level":null,"name:ml":null,"name:fa":null,"description":null,"layer":null,"addr:housenumber":null,"height":null,"shop":null,"nohousenumber":null,"website":null,"phone":null,"addr:postcode":null,"amenity":null,"addr:street":null,"addr:city":null,"tourism":null,"smoking":null,"rooms":null,"operator":null,"internet_access:ssid":null,"internet_access":null,"name:te":null,"alt_name":null,"wheelchair":null,"type":null,"name":null,"building:levels":null},"geometry":{"type":"MultiPolygon","coordinates":[[[[222431.816523954097647,1931012.375189821235836],[222441.276662325137295,1931012.345400702441111],[222441.160004242090508,1930981.29390160064213],[222431.699851397483144,1930981.32368876109831],[222431.816523954097647,1931012.375189821235836]]]]}},
{"type":"Feature","properties":{"fid":1418,"full_id":"w356020145","osm_id":"356020145","osm_type":"way","building":"yes","community_centre":null,"levels":null,"diet:lactose_free":null,"diet:dairy":null,"diet:non-vegetarian":null,"image":null,"substation":null,"power":null,"building:apartments":null,"toilets:position":null,"toilets:handwashing":null,"lit":null,"fitness_centre":null,"atm":null,"grades":null,"shelter_type":null,"addr:suburb":null,"compressed_air":null,"check_date:compressed_air":null,"toilets:disposal":null,"male":null,"female":null,"residential":null,"landuse":null,"diplomatic":null,"building:flats":null,"public_transport":null,"bus":null,"material":null,"subway":null,"station":null,"network":null,"construction":null,"leisure":null,"microbrewery":null,"brewery":null,"bar":null,"air_conditioning":null,"guest_house":null,"roof:colour":null,"building:material":null,"payment:notes":null,"payment:coins":null,"internet_access:fee":null,"building:colour":null,"brand:wikipedia":null,"surface":null,"supervised":null,"fee":null,"access":null,"takeaway":null,"outdoor_seating":null,"loc_name":null,"diet:vegetarian":null,"diet:vegan":null,"golf":null,"location":null,"addr:country":null,"email":null,"short_name":null,"official_name":null,"government":null,"man_made":null,"content":null,"operator:type":null,"healthcare":null,"contact:phone":null,"addr:state":null,"addr:full":null,"toilets:access":null,"toilets":null,"payment:cash":null,"changing_table":null,"roof:shape":null,"building:use":null,"sport":null,"building:levels:underground":null,"addr:subdistrict":null,"addr:place":null,"addr:district":null,"addr:housename":null,"religion":null,"check_date":null,"branch":null,"brand:wikidata":null,"brand":null,"name:en":null,"opening_hours":null,"fast_food":null,"drive_through":null,"cuisine":null,"parking":null,"not:brand:wikidata":null,"wikipedia":null,"wikidata":null,"office":null,"level":null,"name:ml":null,"name:fa":null,"description":null,"layer":null,"addr:housenumber":null,"height":null,"shop":null,"nohousenumber":null,"website":null,"phone":null,"addr:postcode":null,"amenity":null,"addr:street":null,"addr:city":null,"tourism":null,"smoking":null,"rooms":null,"operator":null,"internet_access:ssid":null,"internet_access":null,"name:te":null,"alt_name":null,"wheelchair":null,"type":null,"name":null,"building:levels":null},"geometry":{"type":"MultiPolygon","coordinates":[[[[222477.331164269766305,1930893.343101162463427],[222493.413315067649819,1930892.502897345926613],[222492.768730539886747,1930880.351843717973679],[222476.686569987155963,1930881.192046702373773],[222477.331164269766305,1930893.343101162463427]]]]}},
{"type":"Feature","properties":{"fid":1419,"full_id":"w356020150","osm_id":"356020150","osm_type":"way","building":"yes","community_centre":null,"levels":null,"diet:lactose_free":null,"diet:dairy":null,"diet:non-vegetarian":null,"image":null,"substation":null,"power":null,"building:apartments":null,"toilets:position":null,"toilets:handwashing":null,"lit":null,"fitness_centre":null,"atm":null,"grades":null,"shelter_type":null,"addr:suburb":null,"compressed_air":null,"check_date:compressed_air":null,"toilets:disposal":null,"male":null,"female":null,"residential":null,"landuse":null,"diplomatic":null,"building:flats":null,"public_transport":null,"bus":null,"material":null,"subway":null,"station":null,"network":null,"construction":null,"leisure":null,"microbrewery":null,"brewery":null,"bar":null,"air_conditioning":null,"guest_house":null,"roof:colour":null,"building:material":null,"payment:notes":null,"payment:coins":null,"internet_access:fee":null,"building:colour":null,"brand:wikipedia":null,"surface":null,"supervised":null,"fee":null,"access":null,"takeaway":null,"outdoor_seating":null,"loc_name":null,"diet:vegetarian":null,"diet:vegan":null,"golf":null,"location":null,"addr:country":null,"email":null,"short_name":null,"official_name":null,"government":null,"man_made":null,"content":null,"operator:type":null,"healthcare":null,"contact:phone":null,"addr:state":null,"addr:full":null,"toilets:access":null,"toilets":null,"payment:cash":null,"changing_table":null,"roof:shape":null,"building:use":null,"sport":null,"building:levels:underground":null,"addr:subdistrict":null,"addr:place":null,"addr:district":null,"addr:housename":null,"religion":null,"check_date":null,"branch":null,"brand:wikidata":null,"brand":null,"name:en":null,"opening_hours":null,"fast_food":null,"drive_through":null,"cuisine":null,"parking":null,"not:brand:wikidata":null,"wikipedia":null,"wikidata":null,"office":null,"level":null,"name:ml":null,"name:fa":null,"description":null,"layer":null,"addr:housenumber":null,"height":null,"shop":null,"nohousenumber":null,"website":null,"phone":null,"addr:postcode":null,"amenity":null,"addr:street":null,"addr:city":null,"tourism":null,"smoking":null,"rooms":null,"operator":null,"internet_access:ssid":null,"internet_access":null,"name:te":null,"alt_name":null,"wheelchair":null,"type":null,"name":null,"building:levels":null},"geometry":{"type":"MultiPolygon","coordinates":[[[[222577.56148290639976,1931099.376348889898509],[222588.122435047465842,1931104.448010824387893],[222601.336276644200552,1931077.322875616606325],[222590.775164436141495,1931072.240132943959907],[222577.56148290639976,1931099.376348889898509]]]]}},
{"type":"Feature","properties":{"fid":1421,"full_id":"w356020152","osm_id":"356020152","osm_type":"way","building":"yes","community_centre":null,"levels":null,"diet:lactose_free":null,"diet:dairy":null,"diet:non-vegetarian":null,"image":null,"substation":null,"power":null,"building:apartments":null,"toilets:position":null,"toilets:handwashing":null,"lit":null,"fitness_centre":null,"atm":null,"grades":null,"shelter_type":null,"addr:suburb":null,"compressed_air":null,"check_date:compressed_air":null,"toilets:disposal":null,"male":null,"female":null,"residential":null,"landuse":null,"diplomatic":null,"building:flats":null,"public_transport":null,"bus":null,"material":null,"subway":null,"station":null,"network":null,"construction":null,"leisure":null,"microbrewery":null,"brewery":null,"bar":null,"air_conditioning":null,"guest_house":null,"roof:colour":null,"building:material":null,"payment:notes":null,"payment:coins":null,"internet_access:fee":null,"building:colour":null,"brand:wikipedia":null,"surface":null,"supervised":null,"fee":null,"access":null,"takeaway":null,"outdoor_seating":null,"loc_name":null,"diet:vegetarian":null,"diet:vegan":null,"golf":null,"location":null,"addr:country":null,"email":null,"short_name":null,"official_name":null,"government":null,"man_made":null,"content":null,"operator:type":null,"healthcare":null,"contact:phone":null,"addr:state":null,"addr:full":null,"toilets:access":null,"toilets":null,"payment:cash":null,"changing_table":null,"roof:shape":null,"building:use":null,"sport":null,"building:levels:underground":null,"addr:subdistrict":null,"addr:place":null,"addr:district":null,"addr:housename":null,"religion":null,"check_date":null,"branch":null,"brand:wikidata":null,"brand":null,"name:en":null,"opening_hours":null,"fast_food":null,"drive_through":null,"cuisine":null,"parking":null,"not:brand:wikidata":null,"wikipedia":null,"wikidata":null,"office":null,"level":null,"name:ml":null,"name:fa":null,"description":null,"layer":null,"addr:housenumber":null,"height":null,"shop":null,"nohousenumber":null,"website":null,"phone":null,"addr:postcode":null,"amenity":null,"addr:street":null,"addr:city":null,"tourism":null,"smoking":null,"rooms":null,"operator":null,"internet_access:ssid":null,"internet_access":null,"name:te":null,"alt_name":null,"wheelchair":null,"type":null,"name":null,"building:levels":null},"geometry":{"type":"MultiPolygon","coordinates":[[[[222467.149050365784205,1930787.00045732408762],[222477.545835167518817,1930784.720824166201055],[222475.517093595582992,1930775.512392303906381],[222465.120303978095762,1930777.792025857372209],[222467.149050365784205,1930787.00045732408762]]]]}},
{"type":"Feature","properties":{"fid":1422,"full_id":"w356020153","osm_id":"356020153","osm_type":"way","building":"yes","community_centre":null,"levels":null,"diet:lactose_free":null,"diet:dairy":null,"diet:non-vegetarian":null,"image":null,"substation":null,"power":null,"building:apartments":null,"toilets:position":null,"toilets:handwashing":null,"lit":null,"fitness_centre":null,"atm":null,"grades":null,"shelter_type":null,"addr:suburb":null,"compressed_air":null,"check_date:compressed_air":null,"toilets:disposal":null,"male":null,"female":null,"residential":null,"landuse":null,"diplomatic":null,"building:flats":null,"public_transport":null,"bus":null,"material":null,"subway":null,"station":null,"network":null,"construction":null,"leisure":null,"microbrewery":null,"brewery":null,"bar":null,"air_conditioning":null,"guest_house":null,"roof:colour":null,"building:material":null,"payment:notes":null,"payment:coins":null,"internet_access:fee":null,"building:colour":null,"brand:wikipedia":null,"surface":null,"supervised":null,"fee":null,"access":null,"takeaway":null,"outdoor_seating":null,"loc_name":null,"diet:vegetarian":null,"diet:vegan":null,"golf":null,"location":null,"addr:country":null,"email":null,"short_name":null,"official_name":null,"government":null,"man_made":null,"content":null,"operator:type":null,"healthcare":null,"contact:phone":null,"addr:state":null,"addr:full":null,"toilets:access":null,"toilets":null,"payment:cash":null,"changing_table":null,"roof:shape":null,"building:use":null,"sport":null,"building:levels:underground":null,"addr:subdistrict":null,"addr:place":null,"addr:district":null,"addr:housename":null,"religion":null,"check_date":null,"branch":null,"brand:wikidata":null,"brand":null,"name:en":null,"opening_hours":null,"fast_food":null,"drive_through":null,"cuisine":null,"parking":null,"not:brand:wikidata":null,"wikipedia":null,"wikidata":null,"office":null,"level":null,"name:ml":null,"name:fa":null,"description":null,"layer":null,"addr:housenumber":null,"height":null,"shop":null,"nohousenumber":null,"website":null,"phone":null,"addr:postcode":null,"amenity":null,"addr:street":null,"addr:city":null,"tourism":null,"smoking":null,"rooms":null,"operator":null,"internet_access:ssid":null,"internet_access":null,"name:te":null,"alt_name":null,"wheelchair":null,"type":null,"name":null,"building:levels":null},"geometry":{"type":"MultiPolygon","coordinates":[[[[222432.661784640920814,1931061.711913447827101],[222445.756156513816677,1931061.599163650767878],[222445.599780895689037,1931044.734732432989404],[222432.505398123525083,1931044.847480816533789],[222432.661784640920814,1931061.711913447827101]]]]}},
{"type":"Feature","properties":{"fid":1423,"full_id":"w356020154","osm_id":"356020154","osm_type":"way","building":"yes","community_centre":null,"levels":null,"diet:lactose_free":null,"diet:dairy":null,"diet:non-vegetarian":null,"image":null,"substation":null,"power":null,"building:apartments":null,"toilets:position":null,"toilets:handwashing":null,"lit":null,"fitness_centre":null,"atm":null,"grades":null,"shelter_type":null,"addr:suburb":null,"compressed_air":null,"check_date:compressed_air":null,"toilets:disposal":null,"male":null,"female":null,"residential":null,"landuse":null,"diplomatic":null,"building:flats":null,"public_transport":null,"bus":null,"material":null,"subway":null,"station":null,"network":null,"construction":null,"leisure":null,"microbrewery":null,"brewery":null,"bar":null,"air_conditioning":null,"guest_house":null,"roof:colour":null,"building:material":null,"payment:notes":null,"payment:coins":null,"internet_access:fee":null,"building:colour":null,"brand:wikipedia":null,"surface":null,"supervised":null,"fee":null,"access":null,"takeaway":null,"outdoor_seating":null,"loc_name":null,"diet:vegetarian":null,"diet:vegan":null,"golf":null,"location":null,"addr:country":null,"email":null,"short_name":null,"official_name":null,"government":null,"man_made":null,"content":null,"operator:type":null,"healthcare":null,"contact:phone":null,"addr:state":null,"addr:full":null,"toilets:access":null,"toilets":null,"payment:cash":null,"changing_table":null,"roof:shape":null,"building:use":null,"sport":null,"building:levels:underground":null,"addr:subdistrict":null,"addr:place":null,"addr:district":null,"addr:housename":null,"religion":null,"check_date":null,"branch":null,"brand:wikidata":null,"brand":null,"name:en":null,"opening_hours":null,"fast_food":null,"drive_through":null,"cuisine":null,"parking":null,"not:brand:wikidata":null,"wikipedia":null,"wikidata":null,"office":null,"level":null,"name:ml":null,"name:fa":null,"description":null,"layer":null,"addr:housenumber":null,"height":null,"shop":null,"nohousenumber":null,"website":null,"phone":null,"addr:postcode":null,"amenity":null,"addr:street":null,"addr:city":null,"tourism":null,"smoking":null,"rooms":null,"operator":null,"internet_access:ssid":null,"internet_access":null,"name:te":null,"alt_name":null,"wheelchair":null,"type":null,"name":null,"building:levels":null},"geometry":{"type":"MultiPolygon","coordinates":[[[[222470.029118314792868,1930644.763640229823068],[222482.310978357505519,1930655.171831021783873],[222489.007642366341315,1930647.383401619503275],[222476.715002831479069,1930636.964279573410749],[222470.029118314792868,1930644.763640229823068]]]]}},
{"type":"Feature","properties":{"fid":1424,"full_id":"w356020156","osm_id":"356020156","osm_type":"way","building":"yes","community_centre":null,"levels":null,"diet:lactose_free":null,"diet:dairy":null,"diet:non-vegetarian":null,"image":null,"substation":null,"power":null,"building:apartments":null,"toilets:position":null,"toilets:handwashing":null,"lit":null,"fitness_centre":null,"atm":null,"grades":null,"shelter_type":null,"addr:suburb":null,"compressed_air":null,"check_date:compressed_air":null,"toilets:disposal":null,"male":null,"female":null,"residential":null,"landuse":null,"diplomatic":null,"building:flats":null,"public_transport":null,"bus":null,"material":null,"subway":null,"station":null,"network":null,"construction":null,"leisure":null,"microbrewery":null,"brewery":null,"bar":null,"air_conditioning":null,"guest_house":null,"roof:colour":null,"building:material":null,"payment:notes":null,"payment:coins":null,"internet_access:fee":null,"building:colour":null,"brand:wikipedia":null,"surface":null,"supervised":null,"fee":null,"access":null,"takeaway":null,"outdoor_seating":null,"loc_name":null,"diet:vegetarian":null,"diet:vegan":null,"golf":null,"location":null,"addr:country":null,"email":null,"short_name":null,"official_name":null,"government":null,"man_made":null,"content":null,"operator:type":null,"healthcare":null,"contact:phone":null,"addr:state":null,"addr:full":null,"toilets:access":null,"toilets":null,"payment:cash":null,"changing_table":null,"roof:shape":null,"building:use":null,"sport":null,"building:levels:underground":null,"addr:subdistrict":null,"addr:place":null,"addr:district":null,"addr:housename":null,"religion":null,"check_date":null,"branch":null,"brand:wikidata":null,"brand":null,"name:en":null,"opening_hours":null,"fast_food":null,"drive_through":null,"cuisine":null,"parking":null,"not:brand:wikidata":null,"wikipedia":null,"wikidata":null,"office":null,"level":null,"name:ml":null,"name:fa":null,"description":null,"layer":null,"addr:housenumber":null,"height":null,"shop":null,"nohousenumber":null,"website":null,"phone":null,"addr:postcode":null,"amenity":null,"addr:street":null,"addr:city":null,"tourism":null,"smoking":null,"rooms":null,"operator":null,"internet_access:ssid":null,"internet_access":null,"name:te":null,"alt_name":null,"wheelchair":null,"type":null,"name":null,"building:levels":null},"geometry":{"type":"MultiPolygon","coordinates":[[[[222443.386092900880612,1930820.815080750733614],[222442.238469326577615,1930803.753799451282248],[222426.329320989665575,1930804.813157283701003],[222427.476958149520215,1930821.874439551262185],[222443.386092900880612,1930820.815080750733614]]]]}},
{"type":"Feature","properties":{"fid":1425,"full_id":"w356020159","osm_id":"356020159","osm_type":"way","building":"yes","community_centre":null,"levels":null,"diet:lactose_free":null,"diet:dairy":null,"diet:non-vegetarian":null,"image":null,"substation":null,"power":null,"building:apartments":null,"toilets:position":null,"toilets:handwashing":null,"lit":null,"fitness_centre":null,"atm":null,"grades":null,"shelter_type":null,"addr:suburb":null,"compressed_air":null,"check_date:compressed_air":null,"toilets:disposal":null,"male":null,"female":null,"residential":null,"landuse":null,"diplomatic":null,"building:flats":null,"public_transport":null,"bus":null,"material":null,"subway":null,"station":null,"network":null,"construction":null,"leisure":null,"microbrewery":null,"brewery":null,"bar":null,"air_conditioning":null,"guest_house":null,"roof:colour":null,"building:material":null,"payment:notes":null,"payment:coins":null,"internet_access:fee":null,"building:colour":null,"brand:wikipedia":null,"surface":null,"supervised":null,"fee":null,"access":null,"takeaway":null,"outdoor_seating":null,"loc_name":null,"diet:vegetarian":null,"diet:vegan":null,"golf":null,"location":null,"addr:country":null,"email":null,"short_name":null,"official_name":null,"government":null,"man_made":null,"content":null,"operator:type":null,"healthcare":null,"contact:phone":null,"addr:state":null,"addr:full":null,"toilets:access":null,"toilets":null,"payment:cash":null,"changing_table":null,"roof:shape":null,"building:use":null,"sport":null,"building:levels:underground":null,"addr:subdistrict":null,"addr:place":null,"addr:district":null,"addr:housename":null,"religion":null,"check_date":null,"branch":null,"brand:wikidata":null,"brand":null,"name:en":null,"opening_hours":null,"fast_food":null,"drive_through":null,"cuisine":null,"parking":null,"not:brand:wikidata":null,"wikipedia":null,"wikidata":null,"office":null,"level":null,"name:ml":null,"name:fa":null,"description":null,"layer":null,"addr:housenumber":null,"height":null,"shop":null,"nohousenumber":null,"website":null,"phone":null,"addr:postcode":null,"amenity":null,"addr:street":null,"addr:city":null,"tourism":null,"smoking":null,"rooms":null,"operator":null,"internet_access:ssid":null,"internet_access":null,"name:te":null,"alt_name":null,"wheelchair":null,"type":null,"name":null,"building:levels":null},"geometry":{"type":"MultiPolygon","coordinates":[[[[222605.778920803626534,1930697.183368190424517],[222617.531447269022465,1930694.541966530494392],[222615.982301468146034,1930687.752299082931131],[222604.229770992591511,1930690.393701104680076],[222605.778920803626534,1930697.183368190424517]]]]}},
{"type":"Feature","properties":{"fid":1426,"full_id":"w356020162","osm_id":"356020162","osm_type":"way","building":"yes","community_centre":null,"levels":null,"diet:lactose_free":null,"diet:dairy":null,"diet:non-vegetarian":null,"image":null,"substation":null,"power":null,"building:apartments":null,"toilets:position":null,"toilets:handwashing":null,"lit":null,"fitness_centre":null,"atm":null,"grades":null,"shelter_type":null,"addr:suburb":null,"compressed_air":null,"check_date:compressed_air":null,"toilets:disposal":null,"male":null,"female":null,"residential":null,"landuse":null,"diplomatic":null,"building:flats":null,"public_transport":null,"bus":null,"material":null,"subway":null,"station":null,"network":null,"construction":null,"leisure":null,"microbrewery":null,"brewery":null,"bar":null,"air_conditioning":null,"guest_house":null,"roof:colour":null,"building:material":null,"payment:notes":null,"payment:coins":null,"internet_access:fee":null,"building:colour":null,"brand:wikipedia":null,"surface":null,"supervised":null,"fee":null,"access":null,"takeaway":null,"outdoor_seating":null,"loc_name":null,"diet:vegetarian":null,"diet:vegan":null,"golf":null,"location":null,"addr:country":null,"email":null,"short_name":null,"official_name":null,"government":null,"man_made":null,"content":null,"operator:type":null,"healthcare":null,"contact:phone":null,"addr:state":null,"addr:full":null,"toilets:access":null,"toilets":null,"payment:cash":null,"changing_table":null,"roof:shape":null,"building:use":null,"sport":null,"building:levels:underground":null,"addr:subdistrict":null,"addr:place":null,"addr:district":null,"addr:housename":null,"religion":null,"check_date":null,"branch":null,"brand:wikidata":null,"brand":null,"name:en":null,"opening_hours":null,"fast_food":null,"drive_through":null,"cuisine":null,"parking":null,"not:brand:wikidata":null,"wikipedia":null,"wikidata":null,"office":null,"level":null,"name:ml":null,"name:fa":null,"description":null,"layer":null,"addr:housenumber":null,"height":null,"shop":null,"nohousenumber":null,"website":null,"phone":null,"addr:postcode":null,"amenity":null,"addr:street":null,"addr:city":null,"tourism":null,"smoking":null,"rooms":null,"operator":null,"internet_access:ssid":null,"internet_access":null,"name:te":null,"alt_name":null,"wheelchair":null,"type":null,"name":null,"building:levels":null},"geometry":{"type":"MultiPolygon","coordinates":[[[[222432.390937861870043,1930883.459326854906976],[222446.961816668568645,1930882.484723655274138],[222446.255059240618721,1930872.006777916103601],[222431.684172793000471,1930872.981380572775379],[222432.390937861870043,1930883.459326854906976]]]]}},
{"type":"Feature","properties":{"fid":1428,"full_id":"w356020168","osm_id":"356020168","osm_type":"way","building":"yes","community_centre":null,"levels":null,"diet:lactose_free":null,"diet:dairy":null,"diet:non-vegetarian":null,"image":null,"substation":null,"power":null,"building:apartments":null,"toilets:position":null,"toilets:handwashing":null,"lit":null,"fitness_centre":null,"atm":null,"grades":null,"shelter_type":null,"addr:suburb":null,"compressed_air":null,"check_date:compressed_air":null,"toilets:disposal":null,"male":null,"female":null,"residential":null,"landuse":null,"diplomatic":null,"building:flats":null,"public_transport":null,"bus":null,"material":null,"subway":null,"station":null,"network":null,"construction":null,"leisure":null,"microbrewery":null,"brewery":null,"bar":null,"air_conditioning":null,"guest_house":null,"roof:colour":null,"building:material":null,"payment:notes":null,"payment:coins":null,"internet_access:fee":null,"building:colour":null,"brand:wikipedia":null,"surface":null,"supervised":null,"fee":null,"access":null,"takeaway":null,"outdoor_seating":null,"loc_name":null,"diet:vegetarian":null,"diet:vegan":null,"golf":null,"location":null,"addr:country":null,"email":null,"short_name":null,"official_name":null,"government":null,"man_made":null,"content":null,"operator:type":null,"healthcare":null,"contact:phone":null,"addr:state":null,"addr:full":null,"toilets:access":null,"toilets":null,"payment:cash":null,"changing_table":null,"roof:shape":null,"building:use":null,"sport":null,"building:levels:underground":null,"addr:subdistrict":null,"addr:place":null,"addr:district":null,"addr:housename":null,"religion":null,"check_date":null,"branch":null,"brand:wikidata":null,"brand":null,"name:en":null,"opening_hours":null,"fast_food":null,"drive_through":null,"cuisine":null,"parking":null,"not:brand:wikidata":null,"wikipedia":null,"wikidata":null,"office":null,"level":null,"name:ml":null,"name:fa":null,"description":null,"layer":null,"addr:housenumber":null,"height":null,"shop":null,"nohousenumber":null,"website":null,"phone":null,"addr:postcode":null,"amenity":null,"addr:street":null,"addr:city":null,"tourism":null,"smoking":null,"rooms":null,"operator":null,"internet_access:ssid":null,"internet_access":null,"name:te":null,"alt_name":null,"wheelchair":null,"type":null,"name":null,"building:levels":null},"geometry":{"type":"MultiPolygon","coordinates":[[[[222474.529111816373188,1930850.921551709761843],[222489.302850950392894,1930850.010654641781002],[222487.900817485002335,1930827.559543957002461],[222473.127213252999354,1930828.481512255966663],[222474.529111816373188,1930850.921551709761843]]]]}},
{"type":"Feature","properties":{"fid":1429,"full_id":"w356020174","osm_id":"356020174","osm_type":"way","building":"yes","community_centre":null,"levels":null,"diet:lactose_free":null,"diet:dairy":null,"diet:non-vegetarian":null,"image":null,"substation":null,"power":null,"building:apartments":null,"toilets:position":null,"toilets:handwashing":null,"lit":null,"fitness_centre":null,"atm":null,"grades":null,"shelter_type":null,"addr:suburb":null,"compressed_air":null,"check_date:compressed_air":null,"toilets:disposal":null,"male":null,"female":null,"residential":null,"landuse":null,"diplomatic":null,"building:flats":null,"public_transport":null,"bus":null,"material":null,"subway":null,"station":null,"network":null,"construction":null,"leisure":null,"microbrewery":null,"brewery":null,"bar":null,"air_conditioning":null,"guest_house":null,"roof:colour":null,"building:material":null,"payment:notes":null,"payment:coins":null,"internet_access:fee":null,"building:colour":null,"brand:wikipedia":null,"surface":null,"supervised":null,"fee":null,"access":null,"takeaway":null,"outdoor_seating":null,"loc_name":null,"diet:vegetarian":null,"diet:vegan":null,"golf":null,"location":null,"addr:country":null,"email":null,"short_name":null,"official_name":null,"government":null,"man_made":null,"content":null,"operator:type":null,"healthcare":null,"contact:phone":null,"addr:state":null,"addr:full":null,"toilets:access":null,"toilets":null,"payment:cash":null,"changing_table":null,"roof:shape":null,"building:use":null,"sport":null,"building:levels:underground":null,"addr:subdistrict":null,"addr:place":null,"addr:district":null,"addr:housename":null,"religion":null,"check_date":null,"branch":null,"brand:wikidata":null,"brand":null,"name:en":null,"opening_hours":null,"fast_food":null,"drive_through":null,"cuisine":null,"parking":null,"not:brand:wikidata":null,"wikipedia":null,"wikidata":null,"office":null,"level":null,"name:ml":null,"name:fa":null,"description":null,"layer":null,"addr:housenumber":null,"height":null,"shop":null,"nohousenumber":null,"website":null,"phone":null,"addr:postcode":null,"amenity":null,"addr:street":null,"addr:city":null,"tourism":null,"smoking":null,"rooms":null,"operator":null,"internet_access:ssid":null,"internet_access":null,"name:te":null,"alt_name":null,"wheelchair":null,"type":null,"name":null,"building:levels":null},"geometry":{"type":"MultiPolygon","coordinates":[[[[222448.145793973875698,1931010.18045606603846],[222463.526394489628728,1931010.125034206546843],[222463.419681282364763,1930982.905204835347831],[222462.845625863235909,1930982.901985230389982],[222448.03906013618689,1930982.960623907390982],[222448.145793973875698,1931010.18045606603846]]]]}},
{"type":"Feature","properties":{"fid":1430,"full_id":"w356020178","osm_id":"356020178","osm_type":"way","building":"yes","community_centre":null,"levels":null,"diet:lactose_free":null,"diet:dairy":null,"diet:non-vegetarian":null,"image":null,"substation":null,"power":null,"building:apartments":null,"toilets:position":null,"toilets:handwashing":null,"lit":null,"fitness_centre":null,"atm":null,"grades":null,"shelter_type":null,"addr:suburb":null,"compressed_air":null,"check_date:compressed_air":null,"toilets:disposal":null,"male":null,"female":null,"residential":null,"landuse":null,"diplomatic":null,"building:flats":null,"public_transport":null,"bus":null,"material":null,"subway":null,"station":null,"network":null,"construction":null,"leisure":null,"microbrewery":null,"brewery":null,"bar":null,"air_conditioning":null,"guest_house":null,"roof:colour":null,"building:material":null,"payment:notes":null,"payment:coins":null,"internet_access:fee":null,"building:colour":null,"brand:wikipedia":null,"surface":null,"supervised":null,"fee":null,"access":null,"takeaway":null,"outdoor_seating":null,"loc_name":null,"diet:vegetarian":null,"diet:vegan":null,"golf":null,"location":null,"addr:country":null,"email":null,"short_name":null,"official_name":null,"government":null,"man_made":null,"content":null,"operator:type":null,"healthcare":null,"contact:phone":null,"addr:state":null,"addr:full":null,"toilets:access":null,"toilets":null,"payment:cash":null,"changing_table":null,"roof:shape":null,"building:use":null,"sport":null,"building:levels:underground":null,"addr:subdistrict":null,"addr:place":null,"addr:district":null,"addr:housename":null,"religion":null,"check_date":null,"branch":null,"brand:wikidata":null,"brand":null,"name:en":null,"opening_hours":null,"fast_food":null,"drive_through":null,"cuisine":null,"parking":null,"not:brand:wikidata":null,"wikipedia":null,"wikidata":null,"office":null,"level":null,"name:ml":null,"name:fa":null,"description":null,"layer":null,"addr:housenumber":null,"height":null,"shop":null,"nohousenumber":null,"website":null,"phone":null,"addr:postcode":null,"amenity":null,"addr:street":null,"addr:city":null,"tourism":null,"smoking":null,"rooms":null,"operator":null,"internet_access:ssid":null,"internet_access":null,"name:te":null,"alt_name":null,"wheelchair":null,"type":null,"name":null,"building:levels":null},"geometry":{"type":"MultiPolygon","coordinates":[[[[222436.930442232987843,1930771.632659175666049],[222443.219689237535931,1930769.032677612267435],[222439.197440937685315,1930759.408540602540597],[222432.908191072405316,1930762.008523046970367],[222436.930442232987843,1930771.632659175666049]]]]}},
{"type":"Feature","properties":{"fid":1432,"full_id":"w356020182","osm_id":"356020182","osm_type":"way","building":"yes","community_centre":null,"levels":null,"diet:lactose_free":null,"diet:dairy":null,"diet:non-vegetarian":null,"image":null,"substation":null,"power":null,"building:apartments":null,"toilets:position":null,"toilets:handwashing":null,"lit":null,"fitness_centre":null,"atm":null,"grades":null,"shelter_type":null,"addr:suburb":null,"compressed_air":null,"check_date:compressed_air":null,"toilets:disposal":null,"male":null,"female":null,"residential":null,"landuse":null,"diplomatic":null,"building:flats":null,"public_transport":null,"bus":null,"material":null,"subway":null,"station":null,"network":null,"construction":null,"leisure":null,"microbrewery":null,"brewery":null,"bar":null,"air_conditioning":null,"guest_house":null,"roof:colour":null,"building:material":null,"payment:notes":null,"payment:coins":null,"internet_access:fee":null,"building:colour":null,"brand:wikipedia":null,"surface":null,"supervised":null,"fee":null,"access":null,"takeaway":null,"outdoor_seating":null,"loc_name":null,"diet:vegetarian":null,"diet:vegan":null,"golf":null,"location":null,"addr:country":null,"email":null,"short_name":null,"official_name":null,"government":null,"man_made":null,"content":null,"operator:type":null,"healthcare":null,"contact:phone":null,"addr:state":null,"addr:full":null,"toilets:access":null,"toilets":null,"payment:cash":null,"changing_table":null,"roof:shape":null,"building:use":null,"sport":null,"building:levels:underground":null,"addr:subdistrict":null,"addr:place":null,"addr:district":null,"addr:housename":null,"religion":null,"check_date":null,"branch":null,"brand:wikidata":null,"brand":null,"name:en":null,"opening_hours":null,"fast_food":null,"drive_through":null,"cuisine":null,"parking":null,"not:brand:wikidata":null,"wikipedia":null,"wikidata":null,"office":null,"level":null,"name:ml":null,"name:fa":null,"description":null,"layer":null,"addr:housenumber":null,"height":null,"shop":null,"nohousenumber":null,"website":null,"phone":null,"addr:postcode":null,"amenity":null,"addr:street":null,"addr:city":null,"tourism":null,"smoking":null,"rooms":null,"operator":null,"internet_access:ssid":null,"internet_access":null,"name:te":null,"alt_name":null,"wheelchair":null,"type":null,"name":null,"building:levels":null},"geometry":{"type":"MultiPolygon","coordinates":[[[[222477.812447938777041,1930750.596442373236641],[222492.902649224211928,1930745.61686497903429],[222489.942893130646553,1930736.731256551109254],[222474.842057294328697,1930741.710980687523261],[222477.812447938777041,1930750.596442373236641]]]]}},
{"type":"Feature","properties":{"fid":1434,"full_id":"w356020188","osm_id":"356020188","osm_type":"way","building":"yes","community_centre":null,"levels":null,"diet:lactose_free":null,"diet:dairy":null,"diet:non-vegetarian":null,"image":null,"substation":null,"power":null,"building:apartments":null,"toilets:position":null,"toilets:handwashing":null,"lit":null,"fitness_centre":null,"atm":null,"grades":null,"shelter_type":null,"addr:suburb":null,"compressed_air":null,"check_date:compressed_air":null,"toilets:disposal":null,"male":null,"female":null,"residential":null,"landuse":null,"diplomatic":null,"building:flats":null,"public_transport":null,"bus":null,"material":null,"subway":null,"station":null,"network":null,"construction":null,"leisure":null,"microbrewery":null,"brewery":null,"bar":null,"air_conditioning":null,"guest_house":null,"roof:colour":null,"building:material":null,"payment:notes":null,"payment:coins":null,"internet_access:fee":null,"building:colour":null,"brand:wikipedia":null,"surface":null,"supervised":null,"fee":null,"access":null,"takeaway":null,"outdoor_seating":null,"loc_name":null,"diet:vegetarian":null,"diet:vegan":null,"golf":null,"location":null,"addr:country":null,"email":null,"short_name":null,"official_name":null,"government":null,"man_made":null,"content":null,"operator:type":null,"healthcare":null,"contact:phone":null,"addr:state":null,"addr:full":null,"toilets:access":null,"toilets":null,"payment:cash":null,"changing_table":null,"roof:shape":null,"building:use":null,"sport":null,"building:levels:underground":null,"addr:subdistrict":null,"addr:place":null,"addr:district":null,"addr:housename":null,"religion":null,"check_date":null,"branch":null,"brand:wikidata":null,"brand":null,"name:en":null,"opening_hours":null,"fast_food":null,"drive_through":null,"cuisine":null,"parking":null,"not:brand:wikidata":null,"wikipedia":null,"wikidata":null,"office":null,"level":null,"name:ml":null,"name:fa":null,"description":null,"layer":null,"addr:housenumber":null,"height":null,"shop":null,"nohousenumber":null,"website":null,"phone":null,"addr:postcode":null,"amenity":null,"addr:street":null,"addr:city":null,"tourism":null,"smoking":null,"rooms":null,"operator":null,"internet_access:ssid":null,"internet_access":null,"name:te":null,"alt_name":null,"wheelchair":null,"type":null,"name":null,"building:levels":null},"geometry":{"type":"MultiPolygon","coordinates":[[[[222444.841874565638136,1930701.134459423832595],[222453.945100245182402,1930689.76922606327571],[222442.12416090752231,1930680.417905077105388],[222433.020935964304954,1930691.783143977634609],[222444.841874565638136,1930701.134459423832595]]]]}},
{"type":"Feature","properties":{"fid":1437,"full_id":"w356020194","osm_id":"356020194","osm_type":"way","building":"yes","community_centre":null,"levels":null,"diet:lactose_free":null,"diet:dairy":null,"diet:non-vegetarian":null,"image":null,"substation":null,"power":null,"building:apartments":null,"toilets:position":null,"toilets:handwashing":null,"lit":null,"fitness_centre":null,"atm":null,"grades":null,"shelter_type":null,"addr:suburb":null,"compressed_air":null,"check_date:compressed_air":null,"toilets:disposal":null,"male":null,"female":null,"residential":null,"landuse":null,"diplomatic":null,"building:flats":null,"public_transport":null,"bus":null,"material":null,"subway":null,"station":null,"network":null,"construction":null,"leisure":null,"microbrewery":null,"brewery":null,"bar":null,"air_conditioning":null,"guest_house":null,"roof:colour":null,"building:material":null,"payment:notes":null,"payment:coins":null,"internet_access:fee":null,"building:colour":null,"brand:wikipedia":null,"surface":null,"supervised":null,"fee":null,"access":null,"takeaway":null,"outdoor_seating":null,"loc_name":null,"diet:vegetarian":null,"diet:vegan":null,"golf":null,"location":null,"addr:country":null,"email":null,"short_name":null,"official_name":null,"government":null,"man_made":null,"content":null,"operator:type":null,"healthcare":null,"contact:phone":null,"addr:state":null,"addr:full":null,"toilets:access":null,"toilets":null,"payment:cash":null,"changing_table":null,"roof:shape":null,"building:use":null,"sport":null,"building:levels:underground":null,"addr:subdistrict":null,"addr:place":null,"addr:district":null,"addr:housename":null,"religion":null,"check_date":null,"branch":null,"brand:wikidata":null,"brand":null,"name:en":null,"opening_hours":null,"fast_food":null,"drive_through":null,"cuisine":null,"parking":null,"not:brand:wikidata":null,"wikipedia":null,"wikidata":null,"office":null,"level":null,"name:ml":null,"name:fa":null,"description":null,"layer":null,"addr:housenumber":null,"height":null,"shop":null,"nohousenumber":null,"website":null,"phone":null,"addr:postcode":null,"amenity":null,"addr:street":null,"addr:city":null,"tourism":null,"smoking":null,"rooms":null,"operator":null,"internet_access:ssid":null,"internet_access":null,"name:te":null,"alt_name":null,"wheelchair":null,"type":null,"name":null,"building:levels":null},"geometry":{"type":"MultiPolygon","coordinates":[[[[222457.966182081319857,1930895.092052481602877],[222474.919214511755854,1930894.195619308622554],[222474.275073197553866,1930882.077782199252397],[222457.322030514013022,1930882.974214497953653],[222457.966182081319857,1930895.092052481602877]]]]}},
{"type":"Feature","properties":{"fid":1438,"full_id":"w356020197","osm_id":"356020197","osm_type":"way","building":"yes","community_centre":null,"levels":null,"diet:lactose_free":null,"diet:dairy":null,"diet:non-vegetarian":null,"image":null,"substation":null,"power":null,"building:apartments":null,"toilets:position":null,"toilets:handwashing":null,"lit":null,"fitness_centre":null,"atm":null,"grades":null,"shelter_type":null,"addr:suburb":null,"compressed_air":null,"check_date:compressed_air":null,"toilets:disposal":null,"male":null,"female":null,"residential":null,"landuse":null,"diplomatic":null,"building:flats":null,"public_transport":null,"bus":null,"material":null,"subway":null,"station":null,"network":null,"construction":null,"leisure":null,"microbrewery":null,"brewery":null,"bar":null,"air_conditioning":null,"guest_house":null,"roof:colour":null,"building:material":null,"payment:notes":null,"payment:coins":null,"internet_access:fee":null,"building:colour":null,"brand:wikipedia":null,"surface":null,"supervised":null,"fee":null,"access":null,"takeaway":null,"outdoor_seating":null,"loc_name":null,"diet:vegetarian":null,"diet:vegan":null,"golf":null,"location":null,"addr:country":null,"email":null,"short_name":null,"official_name":null,"government":null,"man_made":null,"content":null,"operator:type":null,"healthcare":null,"contact:phone":null,"addr:state":null,"addr:full":null,"toilets:access":null,"toilets":null,"payment:cash":null,"changing_table":null,"roof:shape":null,"building:use":null,"sport":null,"building:levels:underground":null,"addr:subdistrict":null,"addr:place":null,"addr:district":null,"addr:housename":null,"religion":null,"check_date":null,"branch":null,"brand:wikidata":null,"brand":null,"name:en":null,"opening_hours":null,"fast_food":null,"drive_through":null,"cuisine":null,"parking":null,"not:brand:wikidata":null,"wikipedia":null,"wikidata":null,"office":null,"level":null,"name:ml":null,"name:fa":null,"description":null,"layer":null,"addr:housenumber":null,"height":null,"shop":null,"nohousenumber":null,"website":null,"phone":null,"addr:postcode":null,"amenity":null,"addr:street":null,"addr:city":null,"tourism":null,"smoking":null,"rooms":null,"operator":null,"internet_access:ssid":null,"internet_access":null,"name:te":null,"alt_name":null,"wheelchair":null,"type":null,"name":null,"building:levels":null},"geometry":{"type":"MultiPolygon","coordinates":[[[[222504.026469232368981,1930634.0],[222501.588530346693005,1930636.911963333375752],[222513.372399189101998,1930646.66250936803408],[222520.003491348936222,1930638.742094666464254],[222514.272509771224577,1930634.0],[222504.026469232368981,1930634.0]]]]}},
{"type":"Feature","properties":{"fid":1439,"full_id":"w356020202","osm_id":"356020202","osm_type":"way","building":"yes","community_centre":null,"levels":null,"diet:lactose_free":null,"diet:dairy":null,"diet:non-vegetarian":null,"image":null,"substation":null,"power":null,"building:apartments":null,"toilets:position":null,"toilets:handwashing":null,"lit":null,"fitness_centre":null,"atm":null,"grades":null,"shelter_type":null,"addr:suburb":null,"compressed_air":null,"check_date:compressed_air":null,"toilets:disposal":null,"male":null,"female":null,"residential":null,"landuse":null,"diplomatic":null,"building:flats":null,"public_transport":null,"bus":null,"material":null,"subway":null,"station":null,"network":null,"construction":null,"leisure":null,"microbrewery":null,"brewery":null,"bar":null,"air_conditioning":null,"guest_house":null,"roof:colour":null,"building:material":null,"payment:notes":null,"payment:coins":null,"internet_access:fee":null,"building:colour":null,"brand:wikipedia":null,"surface":null,"supervised":null,"fee":null,"access":null,"takeaway":null,"outdoor_seating":null,"loc_name":null,"diet:vegetarian":null,"diet:vegan":null,"golf":null,"location":null,"addr:country":null,"email":null,"short_name":null,"official_name":null,"government":null,"man_made":null,"content":null,"operator:type":null,"healthcare":null,"contact:phone":null,"addr:state":null,"addr:full":null,"toilets:access":null,"toilets":null,"payment:cash":null,"changing_table":null,"roof:shape":null,"building:use":null,"sport":null,"building:levels:underground":null,"addr:subdistrict":null,"addr:place":null,"addr:district":null,"addr:housename":null,"religion":null,"check_date":null,"branch":null,"brand:wikidata":null,"brand":null,"name:en":null,"opening_hours":null,"fast_food":null,"drive_through":null,"cuisine":null,"parking":null,"not:brand:wikidata":null,"wikipedia":null,"wikidata":null,"office":null,"level":null,"name:ml":null,"name:fa":null,"description":null,"layer":null,"addr:housenumber":null,"height":null,"shop":null,"nohousenumber":null,"website":null,"phone":null,"addr:postcode":null,"amenity":null,"addr:street":null,"addr:city":null,"tourism":null,"smoking":null,"rooms":null,"operator":null,"internet_access:ssid":null,"internet_access":null,"name:te":null,"alt_name":null,"wheelchair":null,"type":null,"name":"Siva suta residency","building:levels":null},"geometry":{"type":"MultiPolygon","coordinates":[[[[222664.743121176259592,1931134.0],[222665.075583504512906,1931127.305548379663378],[222652.502820405410603,1931126.691184282768518],[222652.144018632941879,1931134.0],[222664.743121176259592,1931134.0]]]]}},
{"type":"Feature","properties":{"fid":1441,"full_id":"w356020207","osm_id":"356020207","osm_type":"way","building":"yes","community_centre":null,"levels":null,"diet:lactose_free":null,"diet:dairy":null,"diet:non-vegetarian":null,"image":null,"substation":null,"power":null,"building:apartments":null,"toilets:position":null,"toilets:handwashing":null,"lit":null,"fitness_centre":null,"atm":null,"grades":null,"shelter_type":null,"addr:suburb":null,"compressed_air":null,"check_date:compressed_air":null,"toilets:disposal":null,"male":null,"female":null,"residential":null,"landuse":null,"diplomatic":null,"building:flats":null,"public_transport":null,"bus":null,"material":null,"subway":null,"station":null,"network":null,"construction":null,"leisure":null,"microbrewery":null,"brewery":null,"bar":null,"air_conditioning":null,"guest_house":null,"roof:colour":null,"building:material":null,"payment:notes":null,"payment:coins":null,"internet_access:fee":null,"building:colour":null,"brand:wikipedia":null,"surface":null,"supervised":null,"fee":null,"access":null,"takeaway":null,"outdoor_seating":null,"loc_name":null,"diet:vegetarian":null,"diet:vegan":null,"golf":null,"location":null,"addr:country":null,"email":null,"short_name":null,"official_name":null,"government":null,"man_made":null,"content":null,"operator:type":null,"healthcare":null,"contact:phone":null,"addr:state":null,"addr:full":null,"toilets:access":null,"toilets":null,"payment:cash":null,"changing_table":null,"roof:shape":null,"building:use":null,"sport":null,"building:levels:underground":null,"addr:subdistrict":null,"addr:place":null,"addr:district":null,"addr:housename":null,"religion":null,"check_date":null,"branch":null,"brand:wikidata":null,"brand":null,"name:en":null,"opening_hours":null,"fast_food":null,"drive_through":null,"cuisine":null,"parking":null,"not:brand:wikidata":null,"wikipedia":null,"wikidata":null,"office":null,"level":null,"name:ml":null,"name:fa":null,"description":null,"layer":null,"addr:housenumber":null,"height":null,"shop":null,"nohousenumber":null,"website":null,"phone":null,"addr:postcode":null,"amenity":null,"addr:street":null,"addr:city":null,"tourism":null,"smoking":null,"rooms":null,"operator":null,"internet_access:ssid":null,"internet_access":null,"name:te":null,"alt_name":null,"wheelchair":null,"type":null,"name":null,"building:levels":null},"geometry":{"type":"MultiPolygon","coordinates":[[[[222460.628034186374862,1930777.321908795740455],[222473.038754534209147,1930772.290376693941653],[222470.003638701571617,1930764.889792968519032],[222457.592913995089475,1930769.92132636718452],[222460.628034186374862,1930777.321908795740455]]]]}},
{"type":"Feature","properties":{"fid":1442,"full_id":"w356020209","osm_id":"356020209","osm_type":"way","building":"yes","community_centre":null,"levels":null,"diet:lactose_free":null,"diet:dairy":null,"diet:non-vegetarian":null,"image":null,"substation":null,"power":null,"building:apartments":null,"toilets:position":null,"toilets:handwashing":null,"lit":null,"fitness_centre":null,"atm":null,"grades":null,"shelter_type":null,"addr:suburb":null,"compressed_air":null,"check_date:compressed_air":null,"toilets:disposal":null,"male":null,"female":null,"residential":null,"landuse":null,"diplomatic":null,"building:flats":null,"public_transport":null,"bus":null,"material":null,"subway":null,"station":null,"network":null,"construction":null,"leisure":null,"microbrewery":null,"brewery":null,"bar":null,"air_conditioning":null,"guest_house":null,"roof:colour":null,"building:material":null,"payment:notes":null,"payment:coins":null,"internet_access:fee":null,"building:colour":null,"brand:wikipedia":null,"surface":null,"supervised":null,"fee":null,"access":null,"takeaway":null,"outdoor_seating":null,"loc_name":null,"diet:vegetarian":null,"diet:vegan":null,"golf":null,"location":null,"addr:country":null,"email":null,"short_name":null,"official_name":null,"government":null,"man_made":null,"content":null,"operator:type":null,"healthcare":null,"contact:phone":null,"addr:state":null,"addr:full":null,"toilets:access":null,"toilets":null,"payment:cash":null,"changing_table":null,"roof:shape":null,"building:use":null,"sport":null,"building:levels:underground":null,"addr:subdistrict":null,"addr:place":null,"addr:district":null,"addr:housename":null,"religion":null,"check_date":null,"branch":null,"brand:wikidata":null,"brand":null,"name:en":null,"opening_hours":null,"fast_food":null,"drive_through":null,"cuisine":null,"parking":null,"not:brand:wikidata":null,"wikipedia":null,"wikidata":null,"office":null,"level":null,"name:ml":null,"name:fa":null,"description":null,"layer":null,"addr:housenumber":null,"height":null,"shop":null,"nohousenumber":null,"website":null,"phone":null,"addr:postcode":null,"amenity":null,"addr:street":null,"addr:city":null,"tourism":null,"smoking":null,"rooms":null,"operator":null,"internet_access:ssid":null,"internet_access":null,"name:te":null,"alt_name":null,"wheelchair":null,"type":null,"name":null,"building:levels":null},"geometry":{"type":"MultiPolygon","coordinates":[[[[222600.19441164372256,1930740.439418559195474],[222615.418087134195957,1930747.55152453109622],[222621.761368908977602,1930734.131026138318703],[222606.537687094823923,1930727.018914407817647],[222600.19441164372256,1930740.439418559195474]]]]}},
{"type":"Feature","properties":{"fid":1443,"full_id":"w356020212","osm_id":"356020212","osm_type":"way","building":"yes","community_centre":null,"levels":null,"diet:lactose_free":null,"diet:dairy":null,"diet:non-vegetarian":null,"image":null,"substation":null,"power":null,"building:apartments":null,"toilets:position":null,"toilets:handwashing":null,"lit":null,"fitness_centre":null,"atm":null,"grades":null,"shelter_type":null,"addr:suburb":null,"compressed_air":null,"check_date:compressed_air":null,"toilets:disposal":null,"male":null,"female":null,"residential":null,"landuse":null,"diplomatic":null,"building:flats":null,"public_transport":null,"bus":null,"material":null,"subway":null,"station":null,"network":null,"construction":null,"leisure":null,"microbrewery":null,"brewery":null,"bar":null,"air_conditioning":null,"guest_house":null,"roof:colour":null,"building:material":null,"payment:notes":null,"payment:coins":null,"internet_access:fee":null,"building:colour":null,"brand:wikipedia":null,"surface":null,"supervised":null,"fee":null,"access":null,"takeaway":null,"outdoor_seating":null,"loc_name":null,"diet:vegetarian":null,"diet:vegan":null,"golf":null,"location":null,"addr:country":null,"email":null,"short_name":null,"official_name":null,"government":null,"man_made":null,"content":null,"operator:type":null,"healthcare":null,"contact:phone":null,"addr:state":null,"addr:full":null,"toilets:access":null,"toilets":null,"payment:cash":null,"changing_table":null,"roof:shape":null,"building:use":null,"sport":null,"building:levels:underground":null,"addr:subdistrict":null,"addr:place":null,"addr:district":null,"addr:housename":null,"religion":null,"check_date":null,"branch":null,"brand:wikidata":null,"brand":null,"name:en":null,"opening_hours":null,"fast_food":null,"drive_through":null,"cuisine":null,"parking":null,"not:brand:wikidata":null,"wikipedia":null,"wikidata":null,"office":null,"level":null,"name:ml":null,"name:fa":null,"description":null,"layer":null,"addr:housenumber":null,"height":null,"shop":null,"nohousenumber":null,"website":null,"phone":null,"addr:postcode":null,"amenity":null,"addr:street":null,"addr:city":null,"tourism":null,"smoking":null,"rooms":null,"operator":null,"internet_access:ssid":null,"internet_access":null,"name:te":null,"alt_name":null,"wheelchair":null,"type":null,"name":null,"building:levels":null},"geometry":{"type":"MultiPolygon","coordinates":[[[[222597.140160619281232,1930933.7321811853908],[222604.566571259638295,1930917.90474702976644],[222590.541811055969447,1930911.396445104619488],[222583.104930897708982,1930927.235103328479454],[222597.140160619281232,1930933.7321811853908]]]]}},
{"type":"Feature","properties":{"fid":1444,"full_id":"w356020214","osm_id":"356020214","osm_type":"way","building":"yes","community_centre":null,"levels":null,"diet:lactose_free":null,"diet:dairy":null,"diet:non-vegetarian":null,"image":null,"substation":null,"power":null,"building:apartments":null,"toilets:position":null,"toilets:handwashing":null,"lit":null,"fitness_centre":null,"atm":null,"grades":null,"shelter_type":null,"addr:suburb":null,"compressed_air":null,"check_date:compressed_air":null,"toilets:disposal":null,"male":null,"female":null,"residential":null,"landuse":null,"diplomatic":null,"building:flats":null,"public_transport":null,"bus":null,"material":null,"subway":null,"station":null,"network":null,"construction":null,"leisure":null,"microbrewery":null,"brewery":null,"bar":null,"air_conditioning":null,"guest_house":null,"roof:colour":null,"building:material":null,"payment:notes":null,"payment:coins":null,"internet_access:fee":null,"building:colour":null,"brand:wikipedia":null,"surface":null,"supervised":null,"fee":null,"access":null,"takeaway":null,"outdoor_seating":null,"loc_name":null,"diet:vegetarian":null,"diet:vegan":null,"golf":null,"location":null,"addr:country":null,"email":null,"short_name":null,"official_name":null,"government":null,"man_made":null,"content":null,"operator:type":null,"healthcare":null,"contact:phone":null,"addr:state":null,"addr:full":null,"toilets:access":null,"toilets":null,"payment:cash":null,"changing_table":null,"roof:shape":null,"building:use":null,"sport":null,"building:levels:underground":null,"addr:subdistrict":null,"addr:place":null,"addr:district":null,"addr:housename":null,"religion":null,"check_date":null,"branch":null,"brand:wikidata":null,"brand":null,"name:en":null,"opening_hours":null,"fast_food":null,"drive_through":null,"cuisine":null,"parking":null,"not:brand:wikidata":null,"wikipedia":null,"wikidata":null,"office":null,"level":null,"name:ml":null,"name:fa":null,"description":null,"layer":null,"addr:housenumber":null,"height":null,"shop":null,"nohousenumber":null,"website":null,"phone":null,"addr:postcode":null,"amenity":null,"addr:street":null,"addr:city":null,"tourism":null,"smoking":null,"rooms":null,"operator":null,"internet_access:ssid":null,"internet_access":null,"name:te":null,"alt_name":null,"wheelchair":null,"type":null,"name":null,"building:levels":null},"geometry":{"type":"MultiPolygon","coordinates":[[[[222446.946869119477924,1930801.374790464760736],[222462.742911338747945,1930795.156248884275556],[222460.618242862925399,1930789.814153703395277],[222444.822196614870336,1930796.032696418464184],[222446.946869119477924,1930801.374790464760736]]]]}},
{"type":"Feature","properties":{"fid":1446,"full_id":"w356020222","osm_id":"356020222","osm_type":"way","building":"yes","community_centre":null,"levels":null,"diet:lactose_free":null,"diet:dairy":null,"diet:non-vegetarian":null,"image":null,"substation":null,"power":null,"building:apartments":null,"toilets:position":null,"toilets:handwashing":null,"lit":null,"fitness_centre":null,"atm":null,"grades":null,"shelter_type":null,"addr:suburb":null,"compressed_air":null,"check_date:compressed_air":null,"toilets:disposal":null,"male":null,"female":null,"residential":null,"landuse":null,"diplomatic":null,"building:flats":null,"public_transport":null,"bus":null,"material":null,"subway":null,"station":null,"network":null,"construction":null,"leisure":null,"microbrewery":null,"brewery":null,"bar":null,"air_conditioning":null,"guest_house":null,"roof:colour":null,"building:material":null,"payment:notes":null,"payment:coins":null,"internet_access:fee":null,"building:colour":null,"brand:wikipedia":null,"surface":null,"supervised":null,"fee":null,"access":null,"takeaway":null,"outdoor_seating":null,"loc_name":null,"diet:vegetarian":null,"diet:vegan":null,"golf":null,"location":null,"addr:country":null,"email":null,"short_name":null,"official_name":null,"government":null,"man_made":null,"content":null,"operator:type":null,"healthcare":null,"contact:phone":null,"addr:state":null,"addr:full":null,"toilets:access":null,"toilets":null,"payment:cash":null,"changing_table":null,"roof:shape":null,"building:use":null,"sport":null,"building:levels:underground":null,"addr:subdistrict":null,"addr:place":null,"addr:district":null,"addr:housename":null,"religion":null,"check_date":null,"branch":null,"brand:wikidata":null,"brand":null,"name:en":null,"opening_hours":null,"fast_food":null,"drive_through":null,"cuisine":null,"parking":null,"not:brand:wikidata":null,"wikipedia":null,"wikidata":null,"office":null,"level":null,"name:ml":null,"name:fa":null,"description":null,"layer":null,"addr:housenumber":null,"height":null,"shop":null,"nohousenumber":null,"website":null,"phone":null,"addr:postcode":null,"amenity":null,"addr:street":null,"addr:city":null,"tourism":null,"smoking":null,"rooms":null,"operator":null,"internet_access:ssid":null,"internet_access":null,"name:te":null,"alt_name":null,"wheelchair":null,"type":null,"name":null,"building:levels":null},"geometry":{"type":"MultiPolygon","coordinates":[[[[222457.978172884962987,1930879.653940873686224],[222472.647430903161876,1930878.877352771349251],[222471.3750782275456,1930855.029070428339764],[222456.705802747688722,1930855.805657044053078],[222457.978172884962987,1930879.653940873686224]]]]}},
{"type":"Feature","properties":{"fid":1447,"full_id":"w356020224","osm_id":"356020224","osm_type":"way","building":"yes","community_centre":null,"levels":null,"diet:lactose_free":null,"diet:dairy":null,"diet:non-vegetarian":null,"image":null,"substation":null,"power":null,"building:apartments":null,"toilets:position":null,"toilets:handwashing":null,"lit":null,"fitness_centre":null,"atm":null,"grades":null,"shelter_type":null,"addr:suburb":null,"compressed_air":null,"check_date:compressed_air":null,"toilets:disposal":null,"male":null,"female":null,"residential":null,"landuse":null,"diplomatic":null,"building:flats":null,"public_transport":null,"bus":null,"material":null,"subway":null,"station":null,"network":null,"construction":null,"leisure":null,"microbrewery":null,"brewery":null,"bar":null,"air_conditioning":null,"guest_house":null,"roof:colour":null,"building:material":null,"payment:notes":null,"payment:coins":null,"internet_access:fee":null,"building:colour":null,"brand:wikipedia":null,"surface":null,"supervised":null,"fee":null,"access":null,"takeaway":null,"outdoor_seating":null,"loc_name":null,"diet:vegetarian":null,"diet:vegan":null,"golf":null,"location":null,"addr:country":null,"email":null,"short_name":null,"official_name":null,"government":null,"man_made":null,"content":null,"operator:type":null,"healthcare":null,"contact:phone":null,"addr:state":null,"addr:full":null,"toilets:access":null,"toilets":null,"payment:cash":null,"changing_table":null,"roof:shape":null,"building:use":null,"sport":null,"building:levels:underground":null,"addr:subdistrict":null,"addr:place":null,"addr:district":null,"addr:housename":null,"religion":null,"check_date":null,"branch":null,"brand:wikidata":null,"brand":null,"name:en":null,"opening_hours":null,"fast_food":null,"drive_through":null,"cuisine":null,"parking":null,"not:brand:wikidata":null,"wikipedia":null,"wikidata":null,"office":null,"level":null,"name:ml":null,"name:fa":null,"description":null,"layer":null,"addr:housenumber":null,"height":null,"shop":null,"nohousenumber":null,"website":null,"phone":null,"addr:postcode":null,"amenity":null,"addr:street":null,"addr:city":null,"tourism":null,"smoking":null,"rooms":null,"operator":null,"internet_access:ssid":null,"internet_access":null,"name:te":null,"alt_name":null,"wheelchair":null,"type":null,"name":null,"building:levels":null},"geometry":{"type":"MultiPolygon","coordinates":[[[[222570.004952382936608,1930739.63407189049758],[222585.406868219783064,1930734.905019554309547],[222579.057709383429028,1930714.470695693744346],[222563.655778004263993,1930719.199750809231773],[222570.004952382936608,1930739.63407189049758]]]]}},
{"type":"Feature","properties":{"fid":1454,"full_id":"w356020236","osm_id":"356020236","osm_type":"way","building":"yes","community_centre":null,"levels":null,"diet:lactose_free":null,"diet:dairy":null,"diet:non-vegetarian":null,"image":null,"substation":null,"power":null,"building:apartments":null,"toilets:position":null,"toilets:handwashing":null,"lit":null,"fitness_centre":null,"atm":null,"grades":null,"shelter_type":null,"addr:suburb":null,"compressed_air":null,"check_date:compressed_air":null,"toilets:disposal":null,"male":null,"female":null,"residential":null,"landuse":null,"diplomatic":null,"building:flats":null,"public_transport":null,"bus":null,"material":null,"subway":null,"station":null,"network":null,"construction":null,"leisure":null,"microbrewery":null,"brewery":null,"bar":null,"air_conditioning":null,"guest_house":null,"roof:colour":null,"building:material":null,"payment:notes":null,"payment:coins":null,"internet_access:fee":null,"building:colour":null,"brand:wikipedia":null,"surface":null,"supervised":null,"fee":null,"access":null,"takeaway":null,"outdoor_seating":null,"loc_name":null,"diet:vegetarian":null,"diet:vegan":null,"golf":null,"location":null,"addr:country":null,"email":null,"short_name":null,"official_name":null,"government":null,"man_made":null,"content":null,"operator:type":null,"healthcare":null,"contact:phone":null,"addr:state":null,"addr:full":null,"toilets:access":null,"toilets":null,"payment:cash":null,"changing_table":null,"roof:shape":null,"building:use":null,"sport":null,"building:levels:underground":null,"addr:subdistrict":null,"addr:place":null,"addr:district":null,"addr:housename":null,"religion":null,"check_date":null,"branch":null,"brand:wikidata":null,"brand":null,"name:en":null,"opening_hours":null,"fast_food":null,"drive_through":null,"cuisine":null,"parking":null,"not:brand:wikidata":null,"wikipedia":null,"wikidata":null,"office":null,"level":null,"name:ml":null,"name:fa":null,"description":null,"layer":null,"addr:housenumber":null,"height":null,"shop":null,"nohousenumber":null,"website":null,"phone":null,"addr:postcode":null,"amenity":null,"addr:street":null,"addr:city":null,"tourism":null,"smoking":null,"rooms":null,"operator":null,"internet_access:ssid":null,"internet_access":null,"name:te":null,"alt_name":null,"wheelchair":null,"type":null,"name":null,"building:levels":null},"geometry":{"type":"MultiPolygon","coordinates":[[[[222440.4814009857364,1930664.45978144579567],[222448.57690379495034,1930654.802744443994015],[222436.524120062764268,1930644.823345210868865],[222428.417989452369511,1930654.480532591929659],[222440.4814009857364,1930664.45978144579567]]]]}},
{"type":"Feature","properties":{"fid":1459,"full_id":"w356020245","osm_id":"356020245","osm_type":"way","building":"yes","community_centre":null,"levels":null,"diet:lactose_free":null,"diet:dairy":null,"diet:non-vegetarian":null,"image":null,"substation":null,"power":null,"building:apartments":null,"toilets:position":null,"toilets:handwashing":null,"lit":null,"fitness_centre":null,"atm":null,"grades":null,"shelter_type":null,"addr:suburb":null,"compressed_air":null,"check_date:compressed_air":null,"toilets:disposal":null,"male":null,"female":null,"residential":null,"landuse":null,"diplomatic":null,"building:flats":null,"public_transport":null,"bus":null,"material":null,"subway":null,"station":null,"network":null,"construction":null,"leisure":null,"microbrewery":null,"brewery":null,"bar":null,"air_conditioning":null,"guest_house":null,"roof:colour":null,"building:material":null,"payment:notes":null,"payment:coins":null,"internet_access:fee":null,"building:colour":null,"brand:wikipedia":null,"surface":null,"supervised":null,"fee":null,"access":null,"takeaway":null,"outdoor_seating":null,"loc_name":null,"diet:vegetarian":null,"diet:vegan":null,"golf":null,"location":null,"addr:country":null,"email":null,"short_name":null,"official_name":null,"government":null,"man_made":null,"content":null,"operator:type":null,"healthcare":null,"contact:phone":null,"addr:state":null,"addr:full":null,"toilets:access":null,"toilets":null,"payment:cash":null,"changing_table":null,"roof:shape":null,"building:use":null,"sport":null,"building:levels:underground":null,"addr:subdistrict":null,"addr:place":null,"addr:district":null,"addr:housename":null,"religion":null,"check_date":null,"branch":null,"brand:wikidata":null,"brand":null,"name:en":null,"opening_hours":null,"fast_food":null,"drive_through":null,"cuisine":null,"parking":null,"not:brand:wikidata":null,"wikipedia":null,"wikidata":null,"office":null,"level":null,"name:ml":null,"name:fa":null,"description":null,"layer":null,"addr:housenumber":null,"height":null,"shop":null,"nohousenumber":null,"website":null,"phone":null,"addr:postcode":null,"amenity":null,"addr:street":null,"addr:city":null,"tourism":null,"smoking":null,"rooms":null,"operator":null,"internet_access:ssid":null,"internet_access":null,"name:te":null,"alt_name":null,"wheelchair":null,"type":null,"name":null,"building:levels":null},"geometry":{"type":"MultiPolygon","coordinates":[[[[222445.962054047151469,1930793.104488707147539],[222461.540672637987882,1930787.309755638008937],[222458.032668068422936,1930777.977594124386087],[222442.443263006571215,1930783.761401904048398],[222445.962054047151469,1930793.104488707147539]]]]}},
{"type":"Feature","properties":{"fid":1463,"full_id":"w356020250","osm_id":"356020250","osm_type":"way","building":"yes","community_centre":null,"levels":null,"diet:lactose_free":null,"diet:dairy":null,"diet:non-vegetarian":null,"image":null,"substation":null,"power":null,"building:apartments":null,"toilets:position":null,"toilets:handwashing":null,"lit":null,"fitness_centre":null,"atm":null,"grades":null,"shelter_type":null,"addr:suburb":null,"compressed_air":null,"check_date:compressed_air":null,"toilets:disposal":null,"male":null,"female":null,"residential":null,"landuse":null,"diplomatic":null,"building:flats":null,"public_transport":null,"bus":null,"material":null,"subway":null,"station":null,"network":null,"construction":null,"leisure":null,"microbrewery":null,"brewery":null,"bar":null,"air_conditioning":null,"guest_house":null,"roof:colour":null,"building:material":null,"payment:notes":null,"payment:coins":null,"internet_access:fee":null,"building:colour":null,"brand:wikipedia":null,"surface":null,"supervised":null,"fee":null,"access":null,"takeaway":null,"outdoor_seating":null,"loc_name":null,"diet:vegetarian":null,"diet:vegan":null,"golf":null,"location":null,"addr:country":null,"email":null,"short_name":null,"official_name":null,"government":null,"man_made":null,"content":null,"operator:type":null,"healthcare":null,"contact:phone":null,"addr:state":null,"addr:full":null,"toilets:access":null,"toilets":null,"payment:cash":null,"changing_table":null,"roof:shape":null,"building:use":null,"sport":null,"building:levels:underground":null,"addr:subdistrict":null,"addr:place":null,"addr:district":null,"addr:housename":null,"religion":null,"check_date":null,"branch":null,"brand:wikidata":null,"brand":null,"name:en":null,"opening_hours":null,"fast_food":null,"drive_through":null,"cuisine":null,"parking":null,"not:brand:wikidata":null,"wikipedia":null,"wikidata":null,"office":null,"level":null,"name:ml":null,"name:fa":null,"description":null,"layer":null,"addr:housenumber":null,"height":null,"shop":null,"nohousenumber":null,"website":null,"phone":null,"addr:postcode":null,"amenity":null,"addr:street":null,"addr:city":null,"tourism":null,"smoking":null,"rooms":null,"operator":null,"internet_access:ssid":null,"internet_access":null,"name:te":null,"alt_name":null,"wheelchair":null,"type":null,"name":null,"building:levels":null},"geometry":{"type":"MultiPolygon","coordinates":[[[[222535.982714502082672,1930704.195673218462616],[222552.222118412028067,1930700.075319298310205],[222549.201453889952973,1930688.289004437159747],[222532.962040402751882,1930692.409359503537416],[222535.982714502082672,1930704.195673218462616]]]]}},
{"type":"Feature","properties":{"fid":1464,"full_id":"w356020254","osm_id":"356020254","osm_type":"way","building":"yes","community_centre":null,"levels":null,"diet:lactose_free":null,"diet:dairy":null,"diet:non-vegetarian":null,"image":null,"substation":null,"power":null,"building:apartments":null,"toilets:position":null,"toilets:handwashing":null,"lit":null,"fitness_centre":null,"atm":null,"grades":null,"shelter_type":null,"addr:suburb":null,"compressed_air":null,"check_date:compressed_air":null,"toilets:disposal":null,"male":null,"female":null,"residential":null,"landuse":null,"diplomatic":null,"building:flats":null,"public_transport":null,"bus":null,"material":null,"subway":null,"station":null,"network":null,"construction":null,"leisure":null,"microbrewery":null,"brewery":null,"bar":null,"air_conditioning":null,"guest_house":null,"roof:colour":null,"building:material":null,"payment:notes":null,"payment:coins":null,"internet_access:fee":null,"building:colour":null,"brand:wikipedia":null,"surface":null,"supervised":null,"fee":null,"access":null,"takeaway":null,"outdoor_seating":null,"loc_name":null,"diet:vegetarian":null,"diet:vegan":null,"golf":null,"location":null,"addr:country":null,"email":null,"short_name":null,"official_name":null,"government":null,"man_made":null,"content":null,"operator:type":null,"healthcare":null,"contact:phone":null,"addr:state":null,"addr:full":null,"toilets:access":null,"toilets":null,"payment:cash":null,"changing_table":null,"roof:shape":null,"building:use":null,"sport":null,"building:levels:underground":null,"addr:subdistrict":null,"addr:place":null,"addr:district":null,"addr:housename":null,"religion":null,"check_date":null,"branch":null,"brand:wikidata":null,"brand":null,"name:en":null,"opening_hours":null,"fast_food":null,"drive_through":null,"cuisine":null,"parking":null,"not:brand:wikidata":null,"wikipedia":null,"wikidata":null,"office":null,"level":null,"name:ml":null,"name:fa":null,"description":null,"layer":null,"addr:housenumber":null,"height":null,"shop":null,"nohousenumber":null,"website":null,"phone":null,"addr:postcode":null,"amenity":null,"addr:street":null,"addr:city":null,"tourism":null,"smoking":null,"rooms":null,"operator":null,"internet_access:ssid":null,"internet_access":null,"name:te":null,"alt_name":null,"wheelchair":null,"type":null,"name":null,"building:levels":null},"geometry":{"type":"MultiPolygon","coordinates":[[[[222599.657264306966681,1930675.505579145159572],[222614.578340702399146,1930672.145302716176957],[222612.610219230584335,1930663.478690190240741],[222597.689136336033698,1930666.838967199670151],[222599.657264306966681,1930675.505579145159572]]]]}},
{"type":"Feature","properties":{"fid":1465,"full_id":"w356020256","osm_id":"356020256","osm_type":"way","building":"yes","community_centre":null,"levels":null,"diet:lactose_free":null,"diet:dairy":null,"diet:non-vegetarian":null,"image":null,"substation":null,"power":null,"building:apartments":null,"toilets:position":null,"toilets:handwashing":null,"lit":null,"fitness_centre":null,"atm":null,"grades":null,"shelter_type":null,"addr:suburb":null,"compressed_air":null,"check_date:compressed_air":null,"toilets:disposal":null,"male":null,"female":null,"residential":null,"landuse":null,"diplomatic":null,"building:flats":null,"public_transport":null,"bus":null,"material":null,"subway":null,"station":null,"network":null,"construction":null,"leisure":null,"microbrewery":null,"brewery":null,"bar":null,"air_conditioning":null,"guest_house":null,"roof:colour":null,"building:material":null,"payment:notes":null,"payment:coins":null,"internet_access:fee":null,"building:colour":null,"brand:wikipedia":null,"surface":null,"supervised":null,"fee":null,"access":null,"takeaway":null,"outdoor_seating":null,"loc_name":null,"diet:vegetarian":null,"diet:vegan":null,"golf":null,"location":null,"addr:country":null,"email":null,"short_name":null,"official_name":null,"government":null,"man_made":null,"content":null,"operator:type":null,"healthcare":null,"contact:phone":null,"addr:state":null,"addr:full":null,"toilets:access":null,"toilets":null,"payment:cash":null,"changing_table":null,"roof:shape":null,"building:use":null,"sport":null,"building:levels:underground":null,"addr:subdistrict":null,"addr:place":null,"addr:district":null,"addr:housename":null,"religion":null,"check_date":null,"branch":null,"brand:wikidata":null,"brand":null,"name:en":null,"opening_hours":null,"fast_food":null,"drive_through":null,"cuisine":null,"parking":null,"not:brand:wikidata":null,"wikipedia":null,"wikidata":null,"office":null,"level":null,"name:ml":null,"name:fa":null,"description":null,"layer":null,"addr:housenumber":null,"height":null,"shop":null,"nohousenumber":null,"website":null,"phone":null,"addr:postcode":null,"amenity":null,"addr:street":null,"addr:city":null,"tourism":null,"smoking":null,"rooms":null,"operator":null,"internet_access:ssid":null,"internet_access":null,"name:te":null,"alt_name":null,"wheelchair":null,"type":null,"name":null,"building:levels":null},"geometry":{"type":"MultiPolygon","coordinates":[[[[222490.870226786762942,1930733.03074094094336],[222506.36264072440099,1930727.923853650921956],[222503.004075375734828,1930717.858721216907725],[222487.511653796129394,1930722.965610071551055],[222490.870226786762942,1930733.03074094094336]]]]}},
{"type":"Feature","properties":{"fid":1467,"full_id":"w356020260","osm_id":"356020260","osm_type":"way","building":"yes","community_centre":null,"levels":null,"diet:lactose_free":null,"diet:dairy":null,"diet:non-vegetarian":null,"image":null,"substation":null,"power":null,"building:apartments":null,"toilets:position":null,"toilets:handwashing":null,"lit":null,"fitness_centre":null,"atm":null,"grades":null,"shelter_type":null,"addr:suburb":null,"compressed_air":null,"check_date:compressed_air":null,"toilets:disposal":null,"male":null,"female":null,"residential":null,"landuse":null,"diplomatic":null,"building:flats":null,"public_transport":null,"bus":null,"material":null,"subway":null,"station":null,"network":null,"construction":null,"leisure":null,"microbrewery":null,"brewery":null,"bar":null,"air_conditioning":null,"guest_house":null,"roof:colour":null,"building:material":null,"payment:notes":null,"payment:coins":null,"internet_access:fee":null,"building:colour":null,"brand:wikipedia":null,"surface":null,"supervised":null,"fee":null,"access":null,"takeaway":null,"outdoor_seating":null,"loc_name":null,"diet:vegetarian":null,"diet:vegan":null,"golf":null,"location":null,"addr:country":null,"email":null,"short_name":null,"official_name":null,"government":null,"man_made":null,"content":null,"operator:type":null,"healthcare":null,"contact:phone":null,"addr:state":null,"addr:full":null,"toilets:access":null,"toilets":null,"payment:cash":null,"changing_table":null,"roof:shape":null,"building:use":null,"sport":null,"building:levels:underground":null,"addr:subdistrict":null,"addr:place":null,"addr:district":null,"addr:housename":null,"religion":null,"check_date":null,"branch":null,"brand:wikidata":null,"brand":null,"name:en":null,"opening_hours":null,"fast_food":null,"drive_through":null,"cuisine":null,"parking":null,"not:brand:wikidata":null,"wikipedia":null,"wikidata":null,"office":null,"level":null,"name:ml":null,"name:fa":null,"description":null,"layer":null,"addr:housenumber":null,"height":null,"shop":null,"nohousenumber":null,"website":null,"phone":null,"addr:postcode":null,"amenity":null,"addr:street":null,"addr:city":null,"tourism":null,"smoking":null,"rooms":null,"operator":null,"internet_access:ssid":null,"internet_access":null,"name:te":null,"alt_name":null,"wheelchair":null,"type":null,"name":null,"building:levels":null},"geometry":{"type":"MultiPolygon","coordinates":[[[[222446.341735065972898,1930768.801692333072424],[222453.616051573422737,1930765.94459566893056],[222446.988648702972569,1930749.268378793960437],[222439.714477902336512,1930752.136549582704902],[222446.341735065972898,1930768.801692333072424]]]]}},
{"type":"Feature","properties":{"fid":1469,"full_id":"w356020264","osm_id":"356020264","osm_type":"way","building":"yes","community_centre":null,"levels":null,"diet:lactose_free":null,"diet:dairy":null,"diet:non-vegetarian":null,"image":null,"substation":null,"power":null,"building:apartments":null,"toilets:position":null,"toilets:handwashing":null,"lit":null,"fitness_centre":null,"atm":null,"grades":null,"shelter_type":null,"addr:suburb":null,"compressed_air":null,"check_date:compressed_air":null,"toilets:disposal":null,"male":null,"female":null,"residential":null,"landuse":null,"diplomatic":null,"building:flats":null,"public_transport":null,"bus":null,"material":null,"subway":null,"station":null,"network":null,"construction":null,"leisure":null,"microbrewery":null,"brewery":null,"bar":null,"air_conditioning":null,"guest_house":null,"roof:colour":null,"building:material":null,"payment:notes":null,"payment:coins":null,"internet_access:fee":null,"building:colour":null,"brand:wikipedia":null,"surface":null,"supervised":null,"fee":null,"access":null,"takeaway":null,"outdoor_seating":null,"loc_name":null,"diet:vegetarian":null,"diet:vegan":null,"golf":null,"location":null,"addr:country":null,"email":null,"short_name":null,"official_name":null,"government":null,"man_made":null,"content":null,"operator:type":null,"healthcare":null,"contact:phone":null,"addr:state":null,"addr:full":null,"toilets:access":null,"toilets":null,"payment:cash":null,"changing_table":null,"roof:shape":null,"building:use":null,"sport":null,"building:levels:underground":null,"addr:subdistrict":null,"addr:place":null,"addr:district":null,"addr:housename":null,"religion":null,"check_date":null,"branch":null,"brand:wikidata":null,"brand":null,"name:en":null,"opening_hours":null,"fast_food":null,"drive_through":null,"cuisine":null,"parking":null,"not:brand:wikidata":null,"wikipedia":null,"wikidata":null,"office":null,"level":null,"name:ml":null,"name:fa":null,"description":null,"layer":null,"addr:housenumber":null,"height":null,"shop":null,"nohousenumber":null,"website":null,"phone":null,"addr:postcode":null,"amenity":null,"addr:street":null,"addr:city":null,"tourism":null,"smoking":null,"rooms":null,"operator":null,"internet_access:ssid":null,"internet_access":null,"name:te":null,"alt_name":null,"wheelchair":null,"type":null,"name":null,"building:levels":null},"geometry":{"type":"MultiPolygon","coordinates":[[[[222674.23376300628297,1931081.099105749279261],[222687.078180495882407,1931081.366462042089552],[222687.273931038973387,1931072.36017571343109],[222674.429356496082619,1931072.081746025709435],[222674.23376300628297,1931081.099105749279261]]]]}},
{"type":"Feature","properties":{"fid":1470,"full_id":"w356020265","osm_id":"356020265","osm_type":"way","building":"yes","community_centre":null,"levels":null,"diet:lactose_free":null,"diet:dairy":null,"diet:non-vegetarian":null,"image":null,"substation":null,"power":null,"building:apartments":null,"toilets:position":null,"toilets:handwashing":null,"lit":null,"fitness_centre":null,"atm":null,"grades":null,"shelter_type":null,"addr:suburb":null,"compressed_air":null,"check_date:compressed_air":null,"toilets:disposal":null,"male":null,"female":null,"residential":null,"landuse":null,"diplomatic":null,"building:flats":null,"public_transport":null,"bus":null,"material":null,"subway":null,"station":null,"network":null,"construction":null,"leisure":null,"microbrewery":null,"brewery":null,"bar":null,"air_conditioning":null,"guest_house":null,"roof:colour":null,"building:material":null,"payment:notes":null,"payment:coins":null,"internet_access:fee":null,"building:colour":null,"brand:wikipedia":null,"surface":null,"supervised":null,"fee":null,"access":null,"takeaway":null,"outdoor_seating":null,"loc_name":null,"diet:vegetarian":null,"diet:vegan":null,"golf":null,"location":null,"addr:country":null,"email":null,"short_name":null,"official_name":null,"government":null,"man_made":null,"content":null,"operator:type":null,"healthcare":null,"contact:phone":null,"addr:state":null,"addr:full":null,"toilets:access":null,"toilets":null,"payment:cash":null,"changing_table":null,"roof:shape":null,"building:use":null,"sport":null,"building:levels:underground":null,"addr:subdistrict":null,"addr:place":null,"addr:district":null,"addr:housename":null,"religion":null,"check_date":null,"branch":null,"brand:wikidata":null,"brand":null,"name:en":null,"opening_hours":null,"fast_food":null,"drive_through":null,"cuisine":null,"parking":null,"not:brand:wikidata":null,"wikipedia":null,"wikidata":null,"office":null,"level":null,"name:ml":null,"name:fa":null,"description":null,"layer":null,"addr:housenumber":null,"height":null,"shop":null,"nohousenumber":null,"website":null,"phone":null,"addr:postcode":null,"amenity":null,"addr:street":null,"addr:city":null,"tourism":null,"smoking":null,"rooms":null,"operator":null,"internet_access:ssid":null,"internet_access":null,"name:te":null,"alt_name":null,"wheelchair":null,"type":null,"name":null,"building:levels":null},"geometry":{"type":"MultiPolygon","coordinates":[[[[222455.7478892916115,1930851.831919508753344],[222470.811915658239741,1930851.160677351057529],[222469.770931609033141,1930827.907256230013445],[222454.706887788197491,1930828.578496751841158],[222455.7478892916115,1930851.831919508753344]]]]}},
{"type":"Feature","properties":{"fid":1471,"full_id":"w356020266","osm_id":"356020266","osm_type":"way","building":"yes","community_centre":null,"levels":null,"diet:lactose_free":null,"diet:dairy":null,"diet:non-vegetarian":null,"image":null,"substation":null,"power":null,"building:apartments":null,"toilets:position":null,"toilets:handwashing":null,"lit":null,"fitness_centre":null,"atm":null,"grades":null,"shelter_type":null,"addr:suburb":null,"compressed_air":null,"check_date:compressed_air":null,"toilets:disposal":null,"male":null,"female":null,"residential":null,"landuse":null,"diplomatic":null,"building:flats":null,"public_transport":null,"bus":null,"material":null,"subway":null,"station":null,"network":null,"construction":null,"leisure":null,"microbrewery":null,"brewery":null,"bar":null,"air_conditioning":null,"guest_house":null,"roof:colour":null,"building:material":null,"payment:notes":null,"payment:coins":null,"internet_access:fee":null,"building:colour":null,"brand:wikipedia":null,"surface":null,"supervised":null,"fee":null,"access":null,"takeaway":null,"outdoor_seating":null,"loc_name":null,"diet:vegetarian":null,"diet:vegan":null,"golf":null,"location":null,"addr:country":null,"email":null,"short_name":null,"official_name":null,"government":null,"man_made":null,"content":null,"operator:type":null,"healthcare":null,"contact:phone":null,"addr:state":null,"addr:full":null,"toilets:access":null,"toilets":null,"payment:cash":null,"changing_table":null,"roof:shape":null,"building:use":null,"sport":null,"building:levels:underground":null,"addr:subdistrict":null,"addr:place":null,"addr:district":null,"addr:housename":null,"religion":null,"check_date":null,"branch":null,"brand:wikidata":null,"brand":null,"name:en":null,"opening_hours":null,"fast_food":null,"drive_through":null,"cuisine":null,"parking":null,"not:brand:wikidata":null,"wikipedia":null,"wikidata":null,"office":null,"level":null,"name:ml":null,"name:fa":null,"description":null,"layer":null,"addr:housenumber":null,"height":null,"shop":null,"nohousenumber":null,"website":null,"phone":null,"addr:postcode":null,"amenity":null,"addr:street":null,"addr:city":null,"tourism":null,"smoking":null,"rooms":null,"operator":null,"internet_access:ssid":null,"internet_access":null,"name:te":null,"alt_name":null,"wheelchair":null,"type":null,"name":null,"building:levels":null},"geometry":{"type":"MultiPolygon","coordinates":[[[[222491.589170006569475,1931113.454377071000636],[222518.522136833460536,1931126.452875141054392],[222524.023109643661883,1931115.19230298884213],[222497.090133725316264,1931102.19379616715014],[222491.589170006569475,1931113.454377071000636]]]]}},
{"type":"Feature","properties":{"fid":1472,"full_id":"w356020267","osm_id":"356020267","osm_type":"way","building":"yes","community_centre":null,"levels":null,"diet:lactose_free":null,"diet:dairy":null,"diet:non-vegetarian":null,"image":null,"substation":null,"power":null,"building:apartments":null,"toilets:position":null,"toilets:handwashing":null,"lit":null,"fitness_centre":null,"atm":null,"grades":null,"shelter_type":null,"addr:suburb":null,"compressed_air":null,"check_date:compressed_air":null,"toilets:disposal":null,"male":null,"female":null,"residential":null,"landuse":null,"diplomatic":null,"building:flats":null,"public_transport":null,"bus":null,"material":null,"subway":null,"station":null,"network":null,"construction":null,"leisure":null,"microbrewery":null,"brewery":null,"bar":null,"air_conditioning":null,"guest_house":null,"roof:colour":null,"building:material":null,"payment:notes":null,"payment:coins":null,"internet_access:fee":null,"building:colour":null,"brand:wikipedia":null,"surface":null,"supervised":null,"fee":null,"access":null,"takeaway":null,"outdoor_seating":null,"loc_name":null,"diet:vegetarian":null,"diet:vegan":null,"golf":null,"location":null,"addr:country":null,"email":null,"short_name":null,"official_name":null,"government":null,"man_made":null,"content":null,"operator:type":null,"healthcare":null,"contact:phone":null,"addr:state":null,"addr:full":null,"toilets:access":null,"toilets":null,"payment:cash":null,"changing_table":null,"roof:shape":null,"building:use":null,"sport":null,"building:levels:underground":null,"addr:subdistrict":null,"addr:place":null,"addr:district":null,"addr:housename":null,"religion":null,"check_date":null,"branch":null,"brand:wikidata":null,"brand":null,"name:en":null,"opening_hours":null,"fast_food":null,"drive_through":null,"cuisine":null,"parking":null,"not:brand:wikidata":null,"wikipedia":null,"wikidata":null,"office":null,"level":null,"name:ml":null,"name:fa":null,"description":null,"layer":null,"addr:housenumber":null,"height":null,"shop":null,"nohousenumber":null,"website":null,"phone":null,"addr:postcode":null,"amenity":null,"addr:street":null,"addr:city":null,"tourism":null,"smoking":null,"rooms":null,"operator":null,"internet_access:ssid":null,"internet_access":null,"name:te":null,"alt_name":null,"wheelchair":null,"type":null,"name":"sri sai working men's hostel","building:levels":null},"geometry":{"type":"MultiPolygon","coordinates":[[[[222563.621571545256302,1931092.069553124485537],[222573.195991266751662,1931096.512378869112581],[222585.415628499293234,1931070.530435592634603],[222575.841049581067637,1931066.076530369697139],[222563.621571545256302,1931092.069553124485537]]]]}},
{"type":"Feature","properties":{"fid":1473,"full_id":"w356020270","osm_id":"356020270","osm_type":"way","building":"yes","community_centre":null,"levels":null,"diet:lactose_free":null,"diet:dairy":null,"diet:non-vegetarian":null,"image":null,"substation":null,"power":null,"building:apartments":null,"toilets:position":null,"toilets:handwashing":null,"lit":null,"fitness_centre":null,"atm":null,"grades":null,"shelter_type":null,"addr:suburb":null,"compressed_air":null,"check_date:compressed_air":null,"toilets:disposal":null,"male":null,"female":null,"residential":null,"landuse":null,"diplomatic":null,"building:flats":null,"public_transport":null,"bus":null,"material":null,"subway":null,"station":null,"network":null,"construction":null,"leisure":null,"microbrewery":null,"brewery":null,"bar":null,"air_conditioning":null,"guest_house":null,"roof:colour":null,"building:material":null,"payment:notes":null,"payment:coins":null,"internet_access:fee":null,"building:colour":null,"brand:wikipedia":null,"surface":null,"supervised":null,"fee":null,"access":null,"takeaway":null,"outdoor_seating":null,"loc_name":null,"diet:vegetarian":null,"diet:vegan":null,"golf":null,"location":null,"addr:country":null,"email":null,"short_name":null,"official_name":null,"government":null,"man_made":null,"content":null,"operator:type":null,"healthcare":null,"contact:phone":null,"addr:state":null,"addr:full":null,"toilets:access":null,"toilets":null,"payment:cash":null,"changing_table":null,"roof:shape":null,"building:use":null,"sport":null,"building:levels:underground":null,"addr:subdistrict":null,"addr:place":null,"addr:district":null,"addr:housename":null,"religion":null,"check_date":null,"branch":null,"brand:wikidata":null,"brand":null,"name:en":null,"opening_hours":null,"fast_food":null,"drive_through":null,"cuisine":null,"parking":null,"not:brand:wikidata":null,"wikipedia":null,"wikidata":null,"office":null,"level":null,"name:ml":null,"name:fa":null,"description":null,"layer":null,"addr:housenumber":null,"height":null,"shop":null,"nohousenumber":null,"website":null,"phone":null,"addr:postcode":null,"amenity":null,"addr:street":null,"addr:city":null,"tourism":null,"smoking":null,"rooms":null,"operator":null,"internet_access:ssid":null,"internet_access":null,"name:te":null,"alt_name":null,"wheelchair":null,"type":null,"name":null,"building:levels":null},"geometry":{"type":"MultiPolygon","coordinates":[[[[222620.134302735968959,1930669.555410819128156],[222630.530246672220528,1930667.209432072471827],[222624.977168611483648,1930642.799525245092809],[222614.581211921118665,1930645.145505134249106],[222620.134302735968959,1930669.555410819128156]]]]}},
{"type":"Feature","properties":{"fid":1475,"full_id":"w356020274","osm_id":"356020274","osm_type":"way","building":"yes","community_centre":null,"levels":null,"diet:lactose_free":null,"diet:dairy":null,"diet:non-vegetarian":null,"image":null,"substation":null,"power":null,"building:apartments":null,"toilets:position":null,"toilets:handwashing":null,"lit":null,"fitness_centre":null,"atm":null,"grades":null,"shelter_type":null,"addr:suburb":null,"compressed_air":null,"check_date:compressed_air":null,"toilets:disposal":null,"male":null,"female":null,"residential":null,"landuse":null,"diplomatic":null,"building:flats":null,"public_transport":null,"bus":null,"material":null,"subway":null,"station":null,"network":null,"construction":null,"leisure":null,"microbrewery":null,"brewery":null,"bar":null,"air_conditioning":null,"guest_house":null,"roof:colour":null,"building:material":null,"payment:notes":null,"payment:coins":null,"internet_access:fee":null,"building:colour":null,"brand:wikipedia":null,"surface":null,"supervised":null,"fee":null,"access":null,"takeaway":null,"outdoor_seating":null,"loc_name":null,"diet:vegetarian":null,"diet:vegan":null,"golf":null,"location":null,"addr:country":null,"email":null,"short_name":null,"official_name":null,"government":null,"man_made":null,"content":null,"operator:type":null,"healthcare":null,"contact:phone":null,"addr:state":null,"addr:full":null,"toilets:access":null,"toilets":null,"payment:cash":null,"changing_table":null,"roof:shape":null,"building:use":null,"sport":null,"building:levels:underground":null,"addr:subdistrict":null,"addr:place":null,"addr:district":null,"addr:housename":null,"religion":null,"check_date":null,"branch":null,"brand:wikidata":null,"brand":null,"name:en":null,"opening_hours":null,"fast_food":null,"drive_through":null,"cuisine":null,"parking":null,"not:brand:wikidata":null,"wikipedia":null,"wikidata":null,"office":null,"level":null,"name:ml":null,"name:fa":null,"description":null,"layer":null,"addr:housenumber":null,"height":null,"shop":null,"nohousenumber":null,"website":null,"phone":null,"addr:postcode":null,"amenity":null,"addr:street":null,"addr:city":null,"tourism":null,"smoking":null,"rooms":null,"operator":null,"internet_access:ssid":null,"internet_access":null,"name:te":null,"alt_name":null,"wheelchair":null,"type":null,"name":null,"building:levels":null},"geometry":{"type":"MultiPolygon","coordinates":[[[[222573.972363610810135,1930681.515915133059025],[222588.855673943413422,1930676.949008525814861],[222585.331245353794657,1930665.634711426915601],[222570.447926705062855,1930670.201619528466836],[222573.972363610810135,1930681.515915133059025]]]]}},
{"type":"Feature","properties":{"fid":1476,"full_id":"w356020275","osm_id":"356020275","osm_type":"way","building":"yes","community_centre":null,"levels":null,"diet:lactose_free":null,"diet:dairy":null,"diet:non-vegetarian":null,"image":null,"substation":null,"power":null,"building:apartments":null,"toilets:position":null,"toilets:handwashing":null,"lit":null,"fitness_centre":null,"atm":null,"grades":null,"shelter_type":null,"addr:suburb":null,"compressed_air":null,"check_date:compressed_air":null,"toilets:disposal":null,"male":null,"female":null,"residential":null,"landuse":null,"diplomatic":null,"building:flats":null,"public_transport":null,"bus":null,"material":null,"subway":null,"station":null,"network":null,"construction":null,"leisure":null,"microbrewery":null,"brewery":null,"bar":null,"air_conditioning":null,"guest_house":null,"roof:colour":null,"building:material":null,"payment:notes":null,"payment:coins":null,"internet_access:fee":null,"building:colour":null,"brand:wikipedia":null,"surface":null,"supervised":null,"fee":null,"access":null,"takeaway":null,"outdoor_seating":null,"loc_name":null,"diet:vegetarian":null,"diet:vegan":null,"golf":null,"location":null,"addr:country":null,"email":null,"short_name":null,"official_name":null,"government":null,"man_made":null,"content":null,"operator:type":null,"healthcare":null,"contact:phone":null,"addr:state":null,"addr:full":null,"toilets:access":null,"toilets":null,"payment:cash":null,"changing_table":null,"roof:shape":null,"building:use":null,"sport":null,"building:levels:underground":null,"addr:subdistrict":null,"addr:place":null,"addr:district":null,"addr:housename":null,"religion":null,"check_date":null,"branch":null,"brand:wikidata":null,"brand":null,"name:en":null,"opening_hours":null,"fast_food":null,"drive_through":null,"cuisine":null,"parking":null,"not:brand:wikidata":null,"wikipedia":null,"wikidata":null,"office":null,"level":null,"name:ml":null,"name:fa":null,"description":null,"layer":null,"addr:housenumber":null,"height":null,"shop":null,"nohousenumber":null,"website":null,"phone":null,"addr:postcode":null,"amenity":null,"addr:street":null,"addr:city":null,"tourism":null,"smoking":null,"rooms":null,"operator":null,"internet_access:ssid":null,"internet_access":null,"name:te":null,"alt_name":null,"wheelchair":null,"type":null,"name":null,"building:levels":null},"geometry":{"type":"MultiPolygon","coordinates":[[[[222610.350917653180659,1930725.250215754611418],[222622.418606007704511,1930730.888270051684231],[222628.782549484691117,1930717.423194850096479],[222616.715007499849889,1930711.796208454295993],[222610.350917653180659,1930725.250215754611418]]]]}},
{"type":"Feature","properties":{"fid":1479,"full_id":"w356020280","osm_id":"356020280","osm_type":"way","building":"yes","community_centre":null,"levels":null,"diet:lactose_free":null,"diet:dairy":null,"diet:non-vegetarian":null,"image":null,"substation":null,"power":null,"building:apartments":null,"toilets:position":null,"toilets:handwashing":null,"lit":null,"fitness_centre":null,"atm":null,"grades":null,"shelter_type":null,"addr:suburb":null,"compressed_air":null,"check_date:compressed_air":null,"toilets:disposal":null,"male":null,"female":null,"residential":null,"landuse":null,"diplomatic":null,"building:flats":null,"public_transport":null,"bus":null,"material":null,"subway":null,"station":null,"network":null,"construction":null,"leisure":null,"microbrewery":null,"brewery":null,"bar":null,"air_conditioning":null,"guest_house":null,"roof:colour":null,"building:material":null,"payment:notes":null,"payment:coins":null,"internet_access:fee":null,"building:colour":null,"brand:wikipedia":null,"surface":null,"supervised":null,"fee":null,"access":null,"takeaway":null,"outdoor_seating":null,"loc_name":null,"diet:vegetarian":null,"diet:vegan":null,"golf":null,"location":null,"addr:country":null,"email":null,"short_name":null,"official_name":null,"government":null,"man_made":null,"content":null,"operator:type":null,"healthcare":null,"contact:phone":null,"addr:state":null,"addr:full":null,"toilets:access":null,"toilets":null,"payment:cash":null,"changing_table":null,"roof:shape":null,"building:use":null,"sport":null,"building:levels:underground":null,"addr:subdistrict":null,"addr:place":null,"addr:district":null,"addr:housename":null,"religion":null,"check_date":null,"branch":null,"brand:wikidata":null,"brand":null,"name:en":null,"opening_hours":null,"fast_food":null,"drive_through":null,"cuisine":null,"parking":null,"not:brand:wikidata":null,"wikipedia":null,"wikidata":null,"office":null,"level":null,"name:ml":null,"name:fa":null,"description":null,"layer":null,"addr:housenumber":null,"height":null,"shop":null,"nohousenumber":null,"website":null,"phone":null,"addr:postcode":null,"amenity":null,"addr:street":null,"addr:city":null,"tourism":null,"smoking":null,"rooms":null,"operator":null,"internet_access:ssid":null,"internet_access":null,"name:te":null,"alt_name":null,"wheelchair":null,"type":null,"name":null,"building:levels":null},"geometry":{"type":"MultiPolygon","coordinates":[[[[222493.916174581740052,1930645.64399714791216],[222505.689415402826853,1930655.394683993421495],[222512.320501534850337,1930647.474265907891095],[222500.547260528372135,1930637.723575092619285],[222493.916174581740052,1930645.64399714791216]]]]}},
{"type":"Feature","properties":{"fid":1481,"full_id":"w356020286","osm_id":"356020286","osm_type":"way","building":"yes","community_centre":null,"levels":null,"diet:lactose_free":null,"diet:dairy":null,"diet:non-vegetarian":null,"image":null,"substation":null,"power":null,"building:apartments":null,"toilets:position":null,"toilets:handwashing":null,"lit":null,"fitness_centre":null,"atm":null,"grades":null,"shelter_type":null,"addr:suburb":null,"compressed_air":null,"check_date:compressed_air":null,"toilets:disposal":null,"male":null,"female":null,"residential":null,"landuse":null,"diplomatic":null,"building:flats":null,"public_transport":null,"bus":null,"material":null,"subway":null,"station":null,"network":null,"construction":null,"leisure":null,"microbrewery":null,"brewery":null,"bar":null,"air_conditioning":null,"guest_house":null,"roof:colour":null,"building:material":null,"payment:notes":null,"payment:coins":null,"internet_access:fee":null,"building:colour":null,"brand:wikipedia":null,"surface":null,"supervised":null,"fee":null,"access":null,"takeaway":null,"outdoor_seating":null,"loc_name":null,"diet:vegetarian":null,"diet:vegan":null,"golf":null,"location":null,"addr:country":null,"email":null,"short_name":null,"official_name":null,"government":null,"man_made":null,"content":null,"operator:type":null,"healthcare":null,"contact:phone":null,"addr:state":null,"addr:full":null,"toilets:access":null,"toilets":null,"payment:cash":null,"changing_table":null,"roof:shape":null,"building:use":null,"sport":null,"building:levels:underground":null,"addr:subdistrict":null,"addr:place":null,"addr:district":null,"addr:housename":null,"religion":null,"check_date":null,"branch":null,"brand:wikidata":null,"brand":null,"name:en":null,"opening_hours":null,"fast_food":null,"drive_through":null,"cuisine":null,"parking":null,"not:brand:wikidata":null,"wikipedia":null,"wikidata":null,"office":null,"level":null,"name:ml":null,"name:fa":null,"description":null,"layer":null,"addr:housenumber":null,"height":null,"shop":null,"nohousenumber":null,"website":null,"phone":null,"addr:postcode":null,"amenity":null,"addr:street":null,"addr:city":null,"tourism":null,"smoking":null,"rooms":null,"operator":null,"internet_access:ssid":null,"internet_access":null,"name:te":null,"alt_name":null,"wheelchair":null,"type":null,"name":null,"building:levels":null},"geometry":{"type":"MultiPolygon","coordinates":[[[[222545.058217384561431,1930744.427236234303564],[222561.054053801984992,1930740.376663284143433],[222558.190971591160633,1930729.230517473770306],[222542.205905675597023,1930733.292018620297313],[222545.058217384561431,1930744.427236234303564]]]]}},
{"type":"Feature","properties":{"fid":1483,"full_id":"w356020299","osm_id":"356020299","osm_type":"way","building":"yes","community_centre":null,"levels":null,"diet:lactose_free":null,"diet:dairy":null,"diet:non-vegetarian":null,"image":null,"substation":null,"power":null,"building:apartments":null,"toilets:position":null,"toilets:handwashing":null,"lit":null,"fitness_centre":null,"atm":null,"grades":null,"shelter_type":null,"addr:suburb":null,"compressed_air":null,"check_date:compressed_air":null,"toilets:disposal":null,"male":null,"female":null,"residential":null,"landuse":null,"diplomatic":null,"building:flats":null,"public_transport":null,"bus":null,"material":null,"subway":null,"station":null,"network":null,"construction":null,"leisure":null,"microbrewery":null,"brewery":null,"bar":null,"air_conditioning":null,"guest_house":null,"roof:colour":null,"building:material":null,"payment:notes":null,"payment:coins":null,"internet_access:fee":null,"building:colour":null,"brand:wikipedia":null,"surface":null,"supervised":null,"fee":null,"access":null,"takeaway":null,"outdoor_seating":null,"loc_name":null,"diet:vegetarian":null,"diet:vegan":null,"golf":null,"location":null,"addr:country":null,"email":null,"short_name":null,"official_name":null,"government":null,"man_made":null,"content":null,"operator:type":null,"healthcare":null,"contact:phone":null,"addr:state":null,"addr:full":null,"toilets:access":null,"toilets":null,"payment:cash":null,"changing_table":null,"roof:shape":null,"building:use":null,"sport":null,"building:levels:underground":null,"addr:subdistrict":null,"addr:place":null,"addr:district":null,"addr:housename":null,"religion":null,"check_date":null,"branch":null,"brand:wikidata":null,"brand":null,"name:en":null,"opening_hours":null,"fast_food":null,"drive_through":null,"cuisine":null,"parking":null,"not:brand:wikidata":null,"wikipedia":null,"wikidata":null,"office":null,"level":null,"name:ml":null,"name:fa":null,"description":null,"layer":null,"addr:housenumber":null,"height":null,"shop":null,"nohousenumber":null,"website":null,"phone":null,"addr:postcode":null,"amenity":null,"addr:street":null,"addr:city":null,"tourism":null,"smoking":null,"rooms":null,"operator":null,"internet_access:ssid":null,"internet_access":null,"name:te":null,"alt_name":null,"wheelchair":null,"type":null,"name":null,"building:levels":null},"geometry":{"type":"MultiPolygon","coordinates":[[[[222615.20388876675861,1930941.768911327701062],[222622.844077186076902,1930926.02715836209245],[222608.912558023817837,1930919.340377518674359],[222601.261748354416341,1930935.082282130606472],[222615.20388876675861,1930941.768911327701062]]]]}},
{"type":"Feature","properties":{"fid":1486,"full_id":"w356020310","osm_id":"356020310","osm_type":"way","building":"yes","community_centre":null,"levels":null,"diet:lactose_free":null,"diet:dairy":null,"diet:non-vegetarian":null,"image":null,"substation":null,"power":null,"building:apartments":null,"toilets:position":null,"toilets:handwashing":null,"lit":null,"fitness_centre":null,"atm":null,"grades":null,"shelter_type":null,"addr:suburb":null,"compressed_air":null,"check_date:compressed_air":null,"toilets:disposal":null,"male":null,"female":null,"residential":null,"landuse":null,"diplomatic":null,"building:flats":null,"public_transport":null,"bus":null,"material":null,"subway":null,"station":null,"network":null,"construction":null,"leisure":null,"microbrewery":null,"brewery":null,"bar":null,"air_conditioning":null,"guest_house":null,"roof:colour":null,"building:material":null,"payment:notes":null,"payment:coins":null,"internet_access:fee":null,"building:colour":null,"brand:wikipedia":null,"surface":null,"supervised":null,"fee":null,"access":null,"takeaway":null,"outdoor_seating":null,"loc_name":null,"diet:vegetarian":null,"diet:vegan":null,"golf":null,"location":null,"addr:country":null,"email":null,"short_name":null,"official_name":null,"government":null,"man_made":null,"content":null,"operator:type":null,"healthcare":null,"contact:phone":null,"addr:state":null,"addr:full":null,"toilets:access":null,"toilets":null,"payment:cash":null,"changing_table":null,"roof:shape":null,"building:use":null,"sport":null,"building:levels:underground":null,"addr:subdistrict":null,"addr:place":null,"addr:district":null,"addr:housename":null,"religion":null,"check_date":null,"branch":null,"brand:wikidata":null,"brand":null,"name:en":null,"opening_hours":null,"fast_food":null,"drive_through":null,"cuisine":null,"parking":null,"not:brand:wikidata":null,"wikipedia":null,"wikidata":null,"office":null,"level":null,"name:ml":null,"name:fa":null,"description":null,"layer":null,"addr:housenumber":null,"height":null,"shop":null,"nohousenumber":null,"website":null,"phone":null,"addr:postcode":null,"amenity":null,"addr:street":null,"addr:city":null,"tourism":null,"smoking":null,"rooms":null,"operator":null,"internet_access:ssid":null,"internet_access":null,"name:te":null,"alt_name":null,"wheelchair":null,"type":null,"name":"Tech Bulls","building:levels":null},"geometry":{"type":"MultiPolygon","coordinates":[[[[222609.111780419771094,1931134.0],[222601.919258390611503,1931130.827167530544102],[222600.504538623790722,1931134.0],[222609.111780419771094,1931134.0]]]]}},
{"type":"Feature","properties":{"fid":1487,"full_id":"w356020312","osm_id":"356020312","osm_type":"way","building":"yes","community_centre":null,"levels":null,"diet:lactose_free":null,"diet:dairy":null,"diet:non-vegetarian":null,"image":null,"substation":null,"power":null,"building:apartments":null,"toilets:position":null,"toilets:handwashing":null,"lit":null,"fitness_centre":null,"atm":null,"grades":null,"shelter_type":null,"addr:suburb":null,"compressed_air":null,"check_date:compressed_air":null,"toilets:disposal":null,"male":null,"female":null,"residential":null,"landuse":null,"diplomatic":null,"building:flats":null,"public_transport":null,"bus":null,"material":null,"subway":null,"station":null,"network":null,"construction":null,"leisure":null,"microbrewery":null,"brewery":null,"bar":null,"air_conditioning":null,"guest_house":null,"roof:colour":null,"building:material":null,"payment:notes":null,"payment:coins":null,"internet_access:fee":null,"building:colour":null,"brand:wikipedia":null,"surface":null,"supervised":null,"fee":null,"access":null,"takeaway":null,"outdoor_seating":null,"loc_name":null,"diet:vegetarian":null,"diet:vegan":null,"golf":null,"location":null,"addr:country":null,"email":null,"short_name":null,"official_name":null,"government":null,"man_made":null,"content":null,"operator:type":null,"healthcare":null,"contact:phone":null,"addr:state":null,"addr:full":null,"toilets:access":null,"toilets":null,"payment:cash":null,"changing_table":null,"roof:shape":null,"building:use":null,"sport":null,"building:levels:underground":null,"addr:subdistrict":null,"addr:place":null,"addr:district":null,"addr:housename":null,"religion":null,"check_date":null,"branch":null,"brand:wikidata":null,"brand":null,"name:en":null,"opening_hours":null,"fast_food":null,"drive_through":null,"cuisine":null,"parking":null,"not:brand:wikidata":null,"wikipedia":null,"wikidata":null,"office":null,"level":null,"name:ml":null,"name:fa":null,"description":null,"layer":null,"addr:housenumber":null,"height":null,"shop":null,"nohousenumber":null,"website":null,"phone":null,"addr:postcode":null,"amenity":null,"addr:street":null,"addr:city":null,"tourism":null,"smoking":null,"rooms":null,"operator":null,"internet_access:ssid":null,"internet_access":null,"name:te":null,"alt_name":null,"wheelchair":null,"type":null,"name":null,"building:levels":null},"geometry":{"type":"MultiPolygon","coordinates":[[[[222473.692466575361323,1930740.04337428486906],[222486.243018451728858,1930735.90698104351759],[222483.017280741536524,1930726.227643132675439],[222470.466722910117824,1930730.364037590567023],[222473.692466575361323,1930740.04337428486906]]]]}},
{"type":"Feature","properties":{"fid":1488,"full_id":"w356020313","osm_id":"356020313","osm_type":"way","building":"yes","community_centre":null,"levels":null,"diet:lactose_free":null,"diet:dairy":null,"diet:non-vegetarian":null,"image":null,"substation":null,"power":null,"building:apartments":null,"toilets:position":null,"toilets:handwashing":null,"lit":null,"fitness_centre":null,"atm":null,"grades":null,"shelter_type":null,"addr:suburb":null,"compressed_air":null,"check_date:compressed_air":null,"toilets:disposal":null,"male":null,"female":null,"residential":null,"landuse":null,"diplomatic":null,"building:flats":null,"public_transport":null,"bus":null,"material":null,"subway":null,"station":null,"network":null,"construction":null,"leisure":null,"microbrewery":null,"brewery":null,"bar":null,"air_conditioning":null,"guest_house":null,"roof:colour":null,"building:material":null,"payment:notes":null,"payment:coins":null,"internet_access:fee":null,"building:colour":null,"brand:wikipedia":null,"surface":null,"supervised":null,"fee":null,"access":null,"takeaway":null,"outdoor_seating":null,"loc_name":null,"diet:vegetarian":null,"diet:vegan":null,"golf":null,"location":null,"addr:country":null,"email":null,"short_name":null,"official_name":null,"government":null,"man_made":null,"content":null,"operator:type":null,"healthcare":null,"contact:phone":null,"addr:state":null,"addr:full":null,"toilets:access":null,"toilets":null,"payment:cash":null,"changing_table":null,"roof:shape":null,"building:use":null,"sport":null,"building:levels:underground":null,"addr:subdistrict":null,"addr:place":null,"addr:district":null,"addr:housename":null,"religion":null,"check_date":null,"branch":null,"brand:wikidata":null,"brand":null,"name:en":null,"opening_hours":null,"fast_food":null,"drive_through":null,"cuisine":null,"parking":null,"not:brand:wikidata":null,"wikipedia":null,"wikidata":null,"office":null,"level":null,"name:ml":null,"name:fa":null,"description":null,"layer":null,"addr:housenumber":null,"height":null,"shop":null,"nohousenumber":null,"website":null,"phone":null,"addr:postcode":null,"amenity":null,"addr:street":null,"addr:city":null,"tourism":null,"smoking":null,"rooms":null,"operator":null,"internet_access:ssid":null,"internet_access":null,"name:te":null,"alt_name":null,"wheelchair":null,"type":null,"name":null,"building:levels":null},"geometry":{"type":"MultiPolygon","coordinates":[[[[222525.487899320491124,1930752.934390943031758],[222540.913175542198587,1930748.360026048030704],[222537.071150447358377,1930735.588236407143995],[222521.656492440903094,1930740.162457563914359],[222525.487899320491124,1930752.934390943031758]]]]}},
{"type":"Feature","properties":{"fid":1489,"full_id":"w356020315","osm_id":"356020315","osm_type":"way","building":"yes","community_centre":null,"levels":null,"diet:lactose_free":null,"diet:dairy":null,"diet:non-vegetarian":null,"image":null,"substation":null,"power":null,"building:apartments":null,"toilets:position":null,"toilets:handwashing":null,"lit":null,"fitness_centre":null,"atm":null,"grades":null,"shelter_type":null,"addr:suburb":null,"compressed_air":null,"check_date:compressed_air":null,"toilets:disposal":null,"male":null,"female":null,"residential":null,"landuse":null,"diplomatic":null,"building:flats":null,"public_transport":null,"bus":null,"material":null,"subway":null,"station":null,"network":null,"construction":null,"leisure":null,"microbrewery":null,"brewery":null,"bar":null,"air_conditioning":null,"guest_house":null,"roof:colour":null,"building:material":null,"payment:notes":null,"payment:coins":null,"internet_access:fee":null,"building:colour":null,"brand:wikipedia":null,"surface":null,"supervised":null,"fee":null,"access":null,"takeaway":null,"outdoor_seating":null,"loc_name":null,"diet:vegetarian":null,"diet:vegan":null,"golf":null,"location":null,"addr:country":null,"email":null,"short_name":null,"official_name":null,"government":null,"man_made":null,"content":null,"operator:type":null,"healthcare":null,"contact:phone":null,"addr:state":null,"addr:full":null,"toilets:access":null,"toilets":null,"payment:cash":null,"changing_table":null,"roof:shape":null,"building:use":null,"sport":null,"building:levels:underground":null,"addr:subdistrict":null,"addr:place":null,"addr:district":null,"addr:housename":null,"religion":null,"check_date":null,"branch":null,"brand:wikidata":null,"brand":null,"name:en":null,"opening_hours":null,"fast_food":null,"drive_through":null,"cuisine":null,"parking":null,"not:brand:wikidata":null,"wikipedia":null,"wikidata":null,"office":null,"level":null,"name:ml":null,"name:fa":null,"description":null,"layer":null,"addr:housenumber":null,"height":null,"shop":null,"nohousenumber":null,"website":null,"phone":null,"addr:postcode":null,"amenity":null,"addr:street":null,"addr:city":null,"tourism":null,"smoking":null,"rooms":null,"operator":null,"internet_access:ssid":null,"internet_access":null,"name:te":null,"alt_name":null,"wheelchair":null,"type":null,"name":null,"building:levels":null},"geometry":{"type":"MultiPolygon","coordinates":[[[[222437.360698606702499,1930942.90605924767442],[222451.889022506831679,1930941.93203536933288],[222451.247221790603362,1930932.317017074441537],[222436.718739380070474,1930933.2799679543823],[222437.360698606702499,1930942.90605924767442]]]]}},
{"type":"Feature","properties":{"fid":1490,"full_id":"w356020317","osm_id":"356020317","osm_type":"way","building":"yes","community_centre":null,"levels":null,"diet:lactose_free":null,"diet:dairy":null,"diet:non-vegetarian":null,"image":null,"substation":null,"power":null,"building:apartments":null,"toilets:position":null,"toilets:handwashing":null,"lit":null,"fitness_centre":null,"atm":null,"grades":null,"shelter_type":null,"addr:suburb":null,"compressed_air":null,"check_date:compressed_air":null,"toilets:disposal":null,"male":null,"female":null,"residential":null,"landuse":null,"diplomatic":null,"building:flats":null,"public_transport":null,"bus":null,"material":null,"subway":null,"station":null,"network":null,"construction":null,"leisure":null,"microbrewery":null,"brewery":null,"bar":null,"air_conditioning":null,"guest_house":null,"roof:colour":null,"building:material":null,"payment:notes":null,"payment:coins":null,"internet_access:fee":null,"building:colour":null,"brand:wikipedia":null,"surface":null,"supervised":null,"fee":null,"access":null,"takeaway":null,"outdoor_seating":null,"loc_name":null,"diet:vegetarian":null,"diet:vegan":null,"golf":null,"location":null,"addr:country":null,"email":null,"short_name":null,"official_name":null,"government":null,"man_made":null,"content":null,"operator:type":null,"healthcare":null,"contact:phone":null,"addr:state":null,"addr:full":null,"toilets:access":null,"toilets":null,"payment:cash":null,"changing_table":null,"roof:shape":null,"building:use":null,"sport":null,"building:levels:underground":null,"addr:subdistrict":null,"addr:place":null,"addr:district":null,"addr:housename":null,"religion":null,"check_date":null,"branch":null,"brand:wikidata":null,"brand":null,"name:en":null,"opening_hours":null,"fast_food":null,"drive_through":null,"cuisine":null,"parking":null,"not:brand:wikidata":null,"wikipedia":null,"wikidata":null,"office":null,"level":null,"name:ml":null,"name:fa":null,"description":null,"layer":null,"addr:housenumber":null,"height":null,"shop":null,"nohousenumber":null,"website":null,"phone":null,"addr:postcode":null,"amenity":null,"addr:street":null,"addr:city":null,"tourism":null,"smoking":null,"rooms":null,"operator":null,"internet_access:ssid":null,"internet_access":null,"name:te":null,"alt_name":null,"wheelchair":null,"type":null,"name":null,"building:levels":null},"geometry":{"type":"MultiPolygon","coordinates":[[[[222497.086370336939581,1930818.330587974749506],[222522.778679838113021,1930816.7609220915474],[222521.796575835847761,1930800.91558416094631],[222496.104245979338884,1930802.485248487908393],[222497.086370336939581,1930818.330587974749506]]]]}},
{"type":"Feature","properties":{"fid":1496,"full_id":"w356020332","osm_id":"356020332","osm_type":"way","building":"yes","community_centre":null,"levels":null,"diet:lactose_free":null,"diet:dairy":null,"diet:non-vegetarian":null,"image":null,"substation":null,"power":null,"building:apartments":null,"toilets:position":null,"toilets:handwashing":null,"lit":null,"fitness_centre":null,"atm":null,"grades":null,"shelter_type":null,"addr:suburb":null,"compressed_air":null,"check_date:compressed_air":null,"toilets:disposal":null,"male":null,"female":null,"residential":null,"landuse":null,"diplomatic":null,"building:flats":null,"public_transport":null,"bus":null,"material":null,"subway":null,"station":null,"network":null,"construction":null,"leisure":null,"microbrewery":null,"brewery":null,"bar":null,"air_conditioning":null,"guest_house":null,"roof:colour":null,"building:material":null,"payment:notes":null,"payment:coins":null,"internet_access:fee":null,"building:colour":null,"brand:wikipedia":null,"surface":null,"supervised":null,"fee":null,"access":null,"takeaway":null,"outdoor_seating":null,"loc_name":null,"diet:vegetarian":null,"diet:vegan":null,"golf":null,"location":null,"addr:country":null,"email":null,"short_name":null,"official_name":null,"government":null,"man_made":null,"content":null,"operator:type":null,"healthcare":null,"contact:phone":null,"addr:state":null,"addr:full":null,"toilets:access":null,"toilets":null,"payment:cash":null,"changing_table":null,"roof:shape":null,"building:use":null,"sport":null,"building:levels:underground":null,"addr:subdistrict":null,"addr:place":null,"addr:district":null,"addr:housename":null,"religion":null,"check_date":null,"branch":null,"brand:wikidata":null,"brand":null,"name:en":null,"opening_hours":null,"fast_food":null,"drive_through":null,"cuisine":null,"parking":null,"not:brand:wikidata":null,"wikipedia":null,"wikidata":null,"office":null,"level":null,"name:ml":null,"name:fa":null,"description":null,"layer":null,"addr:housenumber":null,"height":null,"shop":null,"nohousenumber":null,"website":null,"phone":null,"addr:postcode":null,"amenity":null,"addr:street":null,"addr:city":null,"tourism":null,"smoking":null,"rooms":null,"operator":null,"internet_access:ssid":null,"internet_access":null,"name:te":null,"alt_name":null,"wheelchair":null,"type":null,"name":null,"building:levels":null},"geometry":{"type":"MultiPolygon","coordinates":[[[[222598.997075171966571,1930664.539724079426378],[222613.67916607047664,1930661.581400055671111],[222610.283859723014757,1930644.938475248403847],[222595.601907918578945,1930647.907872561831027],[222598.997075171966571,1930664.539724079426378]]]]}},
{"type":"Feature","properties":{"fid":1498,"full_id":"w356020340","osm_id":"356020340","osm_type":"way","building":"yes","community_centre":null,"levels":null,"diet:lactose_free":null,"diet:dairy":null,"diet:non-vegetarian":null,"image":null,"substation":null,"power":null,"building:apartments":null,"toilets:position":null,"toilets:handwashing":null,"lit":null,"fitness_centre":null,"atm":null,"grades":null,"shelter_type":null,"addr:suburb":null,"compressed_air":null,"check_date:compressed_air":null,"toilets:disposal":null,"male":null,"female":null,"residential":null,"landuse":null,"diplomatic":null,"building:flats":null,"public_transport":null,"bus":null,"material":null,"subway":null,"station":null,"network":null,"construction":null,"leisure":null,"microbrewery":null,"brewery":null,"bar":null,"air_conditioning":null,"guest_house":null,"roof:colour":null,"building:material":null,"payment:notes":null,"payment:coins":null,"internet_access:fee":null,"building:colour":null,"brand:wikipedia":null,"surface":null,"supervised":null,"fee":null,"access":null,"takeaway":null,"outdoor_seating":null,"loc_name":null,"diet:vegetarian":null,"diet:vegan":null,"golf":null,"location":null,"addr:country":null,"email":null,"short_name":null,"official_name":null,"government":null,"man_made":null,"content":null,"operator:type":null,"healthcare":null,"contact:phone":null,"addr:state":null,"addr:full":null,"toilets:access":null,"toilets":null,"payment:cash":null,"changing_table":null,"roof:shape":null,"building:use":null,"sport":null,"building:levels:underground":null,"addr:subdistrict":null,"addr:place":null,"addr:district":null,"addr:housename":null,"religion":null,"check_date":null,"branch":null,"brand:wikidata":null,"brand":null,"name:en":null,"opening_hours":null,"fast_food":null,"drive_through":null,"cuisine":null,"parking":null,"not:brand:wikidata":null,"wikipedia":null,"wikidata":null,"office":null,"level":null,"name:ml":null,"name:fa":null,"description":null,"layer":null,"addr:housenumber":null,"height":null,"shop":null,"nohousenumber":null,"website":null,"phone":null,"addr:postcode":null,"amenity":null,"addr:street":null,"addr:city":null,"tourism":null,"smoking":null,"rooms":null,"operator":null,"internet_access:ssid":null,"internet_access":null,"name:te":null,"alt_name":null,"wheelchair":null,"type":null,"name":null,"building:levels":null},"geometry":{"type":"MultiPolygon","coordinates":[[[[222676.154827698657755,1930634.0],[222683.52770469331881,1930637.392051455099136],[222685.109642982744845,1930634.0],[222676.154827698657755,1930634.0]]]]}},
{"type":"Feature","properties":{"fid":1500,"full_id":"w356020346","osm_id":"356020346","osm_type":"way","building":"yes","community_centre":null,"levels":null,"diet:lactose_free":null,"diet:dairy":null,"diet:non-vegetarian":null,"image":null,"substation":null,"power":null,"building:apartments":null,"toilets:position":null,"toilets:handwashing":null,"lit":null,"fitness_centre":null,"atm":null,"grades":null,"shelter_type":null,"addr:suburb":null,"compressed_air":null,"check_date:compressed_air":null,"toilets:disposal":null,"male":null,"female":null,"residential":null,"landuse":null,"diplomatic":null,"building:flats":null,"public_transport":null,"bus":null,"material":null,"subway":null,"station":null,"network":null,"construction":null,"leisure":null,"microbrewery":null,"brewery":null,"bar":null,"air_conditioning":null,"guest_house":null,"roof:colour":null,"building:material":null,"payment:notes":null,"payment:coins":null,"internet_access:fee":null,"building:colour":null,"brand:wikipedia":null,"surface":null,"supervised":null,"fee":null,"access":null,"takeaway":null,"outdoor_seating":null,"loc_name":null,"diet:vegetarian":null,"diet:vegan":null,"golf":null,"location":null,"addr:country":null,"email":null,"short_name":null,"official_name":null,"government":null,"man_made":null,"content":null,"operator:type":null,"healthcare":null,"contact:phone":null,"addr:state":null,"addr:full":null,"toilets:access":null,"toilets":null,"payment:cash":null,"changing_table":null,"roof:shape":null,"building:use":null,"sport":null,"building:levels:underground":null,"addr:subdistrict":null,"addr:place":null,"addr:district":null,"addr:housename":null,"religion":null,"check_date":null,"branch":null,"brand:wikidata":null,"brand":null,"name:en":null,"opening_hours":null,"fast_food":null,"drive_through":null,"cuisine":null,"parking":null,"not:brand:wikidata":null,"wikipedia":null,"wikidata":null,"office":null,"level":null,"name:ml":null,"name:fa":null,"description":null,"layer":null,"addr:housenumber":null,"height":null,"shop":null,"nohousenumber":null,"website":null,"phone":null,"addr:postcode":null,"amenity":null,"addr:street":null,"addr:city":null,"tourism":null,"smoking":null,"rooms":null,"operator":null,"internet_access:ssid":null,"internet_access":null,"name:te":null,"alt_name":null,"wheelchair":null,"type":null,"name":null,"building:levels":null},"geometry":{"type":"MultiPolygon","coordinates":[[[[222582.709495066199452,1930763.857572810491547],[222589.707924011978321,1930761.812743512680754],[222587.010429941990878,1930752.668826359324157],[222592.17719086445868,1930751.158477063523605],[222590.839450839499477,1930746.614054205827415],[222593.496925024373922,1930745.835717661539093],[222590.420970605337061,1930735.445550866657868],[222575.587513603735715,1930739.768141060136259],[222582.709495066199452,1930763.857572810491547]]]]}},
{"type":"Feature","properties":{"fid":1507,"full_id":"w356020362","osm_id":"356020362","osm_type":"way","building":"yes","community_centre":null,"levels":null,"diet:lactose_free":null,"diet:dairy":null,"diet:non-vegetarian":null,"image":null,"substation":null,"power":null,"building:apartments":null,"toilets:position":null,"toilets:handwashing":null,"lit":null,"fitness_centre":null,"atm":null,"grades":null,"shelter_type":null,"addr:suburb":null,"compressed_air":null,"check_date:compressed_air":null,"toilets:disposal":null,"male":null,"female":null,"residential":null,"landuse":null,"diplomatic":null,"building:flats":null,"public_transport":null,"bus":null,"material":null,"subway":null,"station":null,"network":null,"construction":null,"leisure":null,"microbrewery":null,"brewery":null,"bar":null,"air_conditioning":null,"guest_house":null,"roof:colour":null,"building:material":null,"payment:notes":null,"payment:coins":null,"internet_access:fee":null,"building:colour":null,"brand:wikipedia":null,"surface":null,"supervised":null,"fee":null,"access":null,"takeaway":null,"outdoor_seating":null,"loc_name":null,"diet:vegetarian":null,"diet:vegan":null,"golf":null,"location":null,"addr:country":null,"email":null,"short_name":null,"official_name":null,"government":null,"man_made":null,"content":null,"operator:type":null,"healthcare":null,"contact:phone":null,"addr:state":null,"addr:full":null,"toilets:access":null,"toilets":null,"payment:cash":null,"changing_table":null,"roof:shape":null,"building:use":null,"sport":null,"building:levels:underground":null,"addr:subdistrict":null,"addr:place":null,"addr:district":null,"addr:housename":null,"religion":null,"check_date":null,"branch":null,"brand:wikidata":null,"brand":null,"name:en":null,"opening_hours":null,"fast_food":null,"drive_through":null,"cuisine":null,"parking":null,"not:brand:wikidata":null,"wikipedia":null,"wikidata":null,"office":null,"level":null,"name:ml":null,"name:fa":null,"description":null,"layer":null,"addr:housenumber":null,"height":null,"shop":null,"nohousenumber":null,"website":null,"phone":null,"addr:postcode":null,"amenity":null,"addr:street":null,"addr:city":null,"tourism":null,"smoking":null,"rooms":null,"operator":null,"internet_access:ssid":null,"internet_access":null,"name:te":null,"alt_name":null,"wheelchair":null,"type":null,"name":null,"building:levels":null},"geometry":{"type":"MultiPolygon","coordinates":[[[[222554.762227866391186,1930669.729515098035336],[222568.900316412968095,1930666.634627968072891],[222566.962695861526299,1930657.867928721942008],[222552.813821636489592,1930660.951889236457646],[222554.762227866391186,1930669.729515098035336]]]]}},
{"type":"Feature","properties":{"fid":1508,"full_id":"w356020366","osm_id":"356020366","osm_type":"way","building":"yes","community_centre":null,"levels":null,"diet:lactose_free":null,"diet:dairy":null,"diet:non-vegetarian":null,"image":null,"substation":null,"power":null,"building:apartments":null,"toilets:position":null,"toilets:handwashing":null,"lit":null,"fitness_centre":null,"atm":null,"grades":null,"shelter_type":null,"addr:suburb":null,"compressed_air":null,"check_date:compressed_air":null,"toilets:disposal":null,"male":null,"female":null,"residential":null,"landuse":null,"diplomatic":null,"building:flats":null,"public_transport":null,"bus":null,"material":null,"subway":null,"station":null,"network":null,"construction":null,"leisure":null,"microbrewery":null,"brewery":null,"bar":null,"air_conditioning":null,"guest_house":null,"roof:colour":null,"building:material":null,"payment:notes":null,"payment:coins":null,"internet_access:fee":null,"building:colour":null,"brand:wikipedia":null,"surface":null,"supervised":null,"fee":null,"access":null,"takeaway":null,"outdoor_seating":null,"loc_name":null,"diet:vegetarian":null,"diet:vegan":null,"golf":null,"location":null,"addr:country":null,"email":null,"short_name":null,"official_name":null,"government":null,"man_made":null,"content":null,"operator:type":null,"healthcare":null,"contact:phone":null,"addr:state":null,"addr:full":null,"toilets:access":null,"toilets":null,"payment:cash":null,"changing_table":null,"roof:shape":null,"building:use":null,"sport":null,"building:levels:underground":null,"addr:subdistrict":null,"addr:place":null,"addr:district":null,"addr:housename":null,"religion":null,"check_date":null,"branch":null,"brand:wikidata":null,"brand":null,"name:en":null,"opening_hours":null,"fast_food":null,"drive_through":null,"cuisine":null,"parking":null,"not:brand:wikidata":null,"wikipedia":null,"wikidata":null,"office":null,"level":null,"name:ml":null,"name:fa":null,"description":null,"layer":null,"addr:housenumber":null,"height":null,"shop":null,"nohousenumber":null,"website":null,"phone":null,"addr:postcode":null,"amenity":null,"addr:street":null,"addr:city":null,"tourism":null,"smoking":null,"rooms":null,"operator":null,"internet_access:ssid":null,"internet_access":null,"name:te":null,"alt_name":null,"wheelchair":null,"type":null,"name":null,"building:levels":null},"geometry":{"type":"MultiPolygon","coordinates":[[[[222491.593730601191055,1931030.660851178923622],[222515.830164331127889,1931030.694717508042231],[222515.844237463956233,1931022.399676123168319],[222506.192202159261797,1931022.387758446624503],[222506.202598053670954,1931020.039808372268453],[222516.173620762012433,1931020.058436734369025],[222516.182647637615446,1931012.948442886816338],[222491.616578505781945,1931012.908008441794664],[222491.593730601191055,1931030.660851178923622]]]]}},
{"type":"Feature","properties":{"fid":1509,"full_id":"w356020368","osm_id":"356020368","osm_type":"way","building":"yes","community_centre":null,"levels":null,"diet:lactose_free":null,"diet:dairy":null,"diet:non-vegetarian":null,"image":null,"substation":null,"power":null,"building:apartments":null,"toilets:position":null,"toilets:handwashing":null,"lit":null,"fitness_centre":null,"atm":null,"grades":null,"shelter_type":null,"addr:suburb":null,"compressed_air":null,"check_date:compressed_air":null,"toilets:disposal":null,"male":null,"female":null,"residential":null,"landuse":null,"diplomatic":null,"building:flats":null,"public_transport":null,"bus":null,"material":null,"subway":null,"station":null,"network":null,"construction":null,"leisure":null,"microbrewery":null,"brewery":null,"bar":null,"air_conditioning":null,"guest_house":null,"roof:colour":null,"building:material":null,"payment:notes":null,"payment:coins":null,"internet_access:fee":null,"building:colour":null,"brand:wikipedia":null,"surface":null,"supervised":null,"fee":null,"access":null,"takeaway":null,"outdoor_seating":null,"loc_name":null,"diet:vegetarian":null,"diet:vegan":null,"golf":null,"location":null,"addr:country":null,"email":null,"short_name":null,"official_name":null,"government":null,"man_made":null,"content":null,"operator:type":null,"healthcare":null,"contact:phone":null,"addr:state":null,"addr:full":null,"toilets:access":null,"toilets":null,"payment:cash":null,"changing_table":null,"roof:shape":null,"building:use":null,"sport":null,"building:levels:underground":null,"addr:subdistrict":null,"addr:place":null,"addr:district":null,"addr:housename":null,"religion":null,"check_date":null,"branch":null,"brand:wikidata":null,"brand":null,"name:en":null,"opening_hours":null,"fast_food":null,"drive_through":null,"cuisine":null,"parking":null,"not:brand:wikidata":null,"wikipedia":null,"wikidata":null,"office":null,"level":null,"name:ml":null,"name:fa":null,"description":null,"layer":null,"addr:housenumber":null,"height":null,"shop":null,"nohousenumber":null,"website":null,"phone":null,"addr:postcode":null,"amenity":null,"addr:street":null,"addr:city":null,"tourism":null,"smoking":null,"rooms":null,"operator":null,"internet_access:ssid":null,"internet_access":null,"name:te":null,"alt_name":null,"wheelchair":null,"type":null,"name":null,"building:levels":null},"geometry":{"type":"MultiPolygon","coordinates":[[[[222465.669290153251495,1931084.383920670486987],[222470.356451494444627,1931084.34193158429116],[222470.362035556521732,1931085.526834056014195],[222474.454039928910788,1931085.492989835562184],[222474.44845610455377,1931084.308087395271286],[222480.836216009978671,1931084.253905242541805],[222480.683373632025905,1931066.8689248082228],[222465.516586274665315,1931067.010011038277298],[222465.669290153251495,1931084.383920670486987]]]]}},
{"type":"Feature","properties":{"fid":1510,"full_id":"w356020370","osm_id":"356020370","osm_type":"way","building":"yes","community_centre":null,"levels":null,"diet:lactose_free":null,"diet:dairy":null,"diet:non-vegetarian":null,"image":null,"substation":null,"power":null,"building:apartments":null,"toilets:position":null,"toilets:handwashing":null,"lit":null,"fitness_centre":null,"atm":null,"grades":null,"shelter_type":null,"addr:suburb":null,"compressed_air":null,"check_date:compressed_air":null,"toilets:disposal":null,"male":null,"female":null,"residential":null,"landuse":null,"diplomatic":null,"building:flats":null,"public_transport":null,"bus":null,"material":null,"subway":null,"station":null,"network":null,"construction":null,"leisure":null,"microbrewery":null,"brewery":null,"bar":null,"air_conditioning":null,"guest_house":null,"roof:colour":null,"building:material":null,"payment:notes":null,"payment:coins":null,"internet_access:fee":null,"building:colour":null,"brand:wikipedia":null,"surface":null,"supervised":null,"fee":null,"access":null,"takeaway":null,"outdoor_seating":null,"loc_name":null,"diet:vegetarian":null,"diet:vegan":null,"golf":null,"location":null,"addr:country":null,"email":null,"short_name":null,"official_name":null,"government":null,"man_made":null,"content":null,"operator:type":null,"healthcare":null,"contact:phone":null,"addr:state":null,"addr:full":null,"toilets:access":null,"toilets":null,"payment:cash":null,"changing_table":null,"roof:shape":null,"building:use":null,"sport":null,"building:levels:underground":null,"addr:subdistrict":null,"addr:place":null,"addr:district":null,"addr:housename":null,"religion":null,"check_date":null,"branch":null,"brand:wikidata":null,"brand":null,"name:en":null,"opening_hours":null,"fast_food":null,"drive_through":null,"cuisine":null,"parking":null,"not:brand:wikidata":null,"wikipedia":null,"wikidata":null,"office":null,"level":null,"name:ml":null,"name:fa":null,"description":null,"layer":null,"addr:housenumber":null,"height":null,"shop":null,"nohousenumber":null,"website":null,"phone":null,"addr:postcode":null,"amenity":null,"addr:street":null,"addr:city":null,"tourism":null,"smoking":null,"rooms":null,"operator":null,"internet_access:ssid":null,"internet_access":null,"name:te":null,"alt_name":null,"wheelchair":null,"type":null,"name":null,"building:levels":null},"geometry":{"type":"MultiPolygon","coordinates":[[[[222505.731289890187327,1931066.393313508946449],[222486.249010237574112,1931066.549130182946101],[222485.969267266511451,1931084.947814611950889],[222497.484471283387393,1931085.177865990437567],[222497.425506589119323,1931087.083498247899115],[222502.081085864279885,1931087.064097635215148],[222502.508806615835056,1931081.03368142968975],[222505.830097626079805,1931077.499751230468974],[222505.731289890187327,1931066.393313508946449]]]]}},
{"type":"Feature","properties":{"fid":1511,"full_id":"w356020371","osm_id":"356020371","osm_type":"way","building":"apartments","community_centre":null,"levels":null,"diet:lactose_free":null,"diet:dairy":null,"diet:non-vegetarian":null,"image":null,"substation":null,"power":null,"building:apartments":null,"toilets:position":null,"toilets:handwashing":null,"lit":null,"fitness_centre":null,"atm":null,"grades":null,"shelter_type":null,"addr:suburb":null,"compressed_air":null,"check_date:compressed_air":null,"toilets:disposal":null,"male":null,"female":null,"residential":null,"landuse":null,"diplomatic":null,"building:flats":null,"public_transport":null,"bus":null,"material":null,"subway":null,"station":null,"network":null,"construction":null,"leisure":null,"microbrewery":null,"brewery":null,"bar":null,"air_conditioning":null,"guest_house":null,"roof:colour":null,"building:material":null,"payment:notes":null,"payment:coins":null,"internet_access:fee":null,"building:colour":null,"brand:wikipedia":null,"surface":null,"supervised":null,"fee":null,"access":null,"takeaway":null,"outdoor_seating":null,"loc_name":null,"diet:vegetarian":null,"diet:vegan":null,"golf":null,"location":null,"addr:country":null,"email":null,"short_name":null,"official_name":null,"government":null,"man_made":null,"content":null,"operator:type":null,"healthcare":null,"contact:phone":null,"addr:state":null,"addr:full":null,"toilets:access":null,"toilets":null,"payment:cash":null,"changing_table":null,"roof:shape":null,"building:use":null,"sport":null,"building:levels:underground":null,"addr:subdistrict":null,"addr:place":null,"addr:district":null,"addr:housename":null,"religion":null,"check_date":null,"branch":null,"brand:wikidata":null,"brand":null,"name:en":null,"opening_hours":null,"fast_food":null,"drive_through":null,"cuisine":null,"parking":null,"not:brand:wikidata":null,"wikipedia":null,"wikidata":null,"office":null,"level":null,"name:ml":null,"name:fa":null,"description":null,"layer":null,"addr:housenumber":null,"height":null,"shop":null,"nohousenumber":null,"website":null,"phone":null,"addr:postcode":"500081","amenity":null,"addr:street":"Arunodaya Colony, Madhapur","addr:city":"Hyderabad","tourism":null,"smoking":null,"rooms":null,"operator":null,"internet_access:ssid":null,"internet_access":null,"name:te":null,"alt_name":null,"wheelchair":null,"type":null,"name":"Maruthi s Regency","building:levels":"5"},"geometry":{"type":"MultiPolygon","coordinates":[[[[222558.55077190452721,1930634.0],[222558.817454784235451,1930635.132511889794841],[222552.830640431668144,1930636.532260467065498],[222553.134860141435638,1930637.790599390864372],[222545.664666365657467,1930639.542874135542661],[222547.604595993179828,1930647.70044061052613],[222576.870604586496484,1930640.821587436133996],[222575.25305663322797,1930634.0],[222558.55077190452721,1930634.0]]]]}},
{"type":"Feature","properties":{"fid":1512,"full_id":"w356020373","osm_id":"356020373","osm_type":"way","building":"yes","community_centre":null,"levels":null,"diet:lactose_free":null,"diet:dairy":null,"diet:non-vegetarian":null,"image":null,"substation":null,"power":null,"building:apartments":null,"toilets:position":null,"toilets:handwashing":null,"lit":null,"fitness_centre":null,"atm":null,"grades":null,"shelter_type":null,"addr:suburb":null,"compressed_air":null,"check_date:compressed_air":null,"toilets:disposal":null,"male":null,"female":null,"residential":null,"landuse":null,"diplomatic":null,"building:flats":null,"public_transport":null,"bus":null,"material":null,"subway":null,"station":null,"network":null,"construction":null,"leisure":null,"microbrewery":null,"brewery":null,"bar":null,"air_conditioning":null,"guest_house":null,"roof:colour":null,"building:material":null,"payment:notes":null,"payment:coins":null,"internet_access:fee":null,"building:colour":null,"brand:wikipedia":null,"surface":null,"supervised":null,"fee":null,"access":null,"takeaway":null,"outdoor_seating":null,"loc_name":null,"diet:vegetarian":null,"diet:vegan":null,"golf":null,"location":null,"addr:country":null,"email":null,"short_name":null,"official_name":null,"government":null,"man_made":null,"content":null,"operator:type":null,"healthcare":null,"contact:phone":null,"addr:state":null,"addr:full":null,"toilets:access":null,"toilets":null,"payment:cash":null,"changing_table":null,"roof:shape":null,"building:use":null,"sport":null,"building:levels:underground":null,"addr:subdistrict":null,"addr:place":null,"addr:district":null,"addr:housename":null,"religion":null,"check_date":null,"branch":null,"brand:wikidata":null,"brand":null,"name:en":null,"opening_hours":null,"fast_food":null,"drive_through":null,"cuisine":null,"parking":null,"not:brand:wikidata":null,"wikipedia":null,"wikidata":null,"office":null,"level":null,"name:ml":null,"name:fa":null,"description":null,"layer":null,"addr:housenumber":null,"height":null,"shop":null,"nohousenumber":null,"website":null,"phone":null,"addr:postcode":null,"amenity":null,"addr:street":null,"addr:city":null,"tourism":null,"smoking":null,"rooms":null,"operator":null,"internet_access:ssid":null,"internet_access":null,"name:te":null,"alt_name":null,"wheelchair":null,"type":null,"name":null,"building:levels":null},"geometry":{"type":"MultiPolygon","coordinates":[[[[222605.576586784562096,1930687.828137347009033],[222625.245218964875676,1930683.395165639929473],[222624.656834038731176,1930680.789616474416107],[222625.99217678187415,1930680.494494513142854],[222624.521971449255943,1930674.035983979934826],[222623.27150087809423,1930674.318870957009494],[222622.728806923318189,1930671.945262643275782],[222602.975290818838403,1930676.390470385551453],[222605.576586784562096,1930687.828137347009033]]]]}},
{"type":"Feature","properties":{"fid":1671,"full_id":"w356159593","osm_id":"356159593","osm_type":"way","building":"yes","community_centre":null,"levels":null,"diet:lactose_free":null,"diet:dairy":null,"diet:non-vegetarian":null,"image":null,"substation":null,"power":null,"building:apartments":null,"toilets:position":null,"toilets:handwashing":null,"lit":null,"fitness_centre":null,"atm":null,"grades":null,"shelter_type":null,"addr:suburb":null,"compressed_air":null,"check_date:compressed_air":null,"toilets:disposal":null,"male":null,"female":null,"residential":null,"landuse":null,"diplomatic":null,"building:flats":null,"public_transport":null,"bus":null,"material":null,"subway":null,"station":null,"network":null,"construction":null,"leisure":null,"microbrewery":null,"brewery":null,"bar":null,"air_conditioning":null,"guest_house":null,"roof:colour":null,"building:material":null,"payment:notes":null,"payment:coins":null,"internet_access:fee":null,"building:colour":null,"brand:wikipedia":null,"surface":null,"supervised":null,"fee":null,"access":null,"takeaway":null,"outdoor_seating":null,"loc_name":null,"diet:vegetarian":null,"diet:vegan":null,"golf":null,"location":null,"addr:country":null,"email":null,"short_name":null,"official_name":null,"government":null,"man_made":null,"content":null,"operator:type":null,"healthcare":null,"contact:phone":null,"addr:state":null,"addr:full":null,"toilets:access":null,"toilets":null,"payment:cash":null,"changing_table":null,"roof:shape":null,"building:use":null,"sport":null,"building:levels:underground":null,"addr:subdistrict":null,"addr:place":null,"addr:district":null,"addr:housename":null,"religion":null,"check_date":null,"branch":null,"brand:wikidata":null,"brand":null,"name:en":null,"opening_hours":null,"fast_food":null,"drive_through":null,"cuisine":null,"parking":null,"not:brand:wikidata":null,"wikipedia":null,"wikidata":null,"office":null,"level":null,"name:ml":null,"name:fa":null,"description":null,"layer":null,"addr:housenumber":null,"height":null,"shop":null,"nohousenumber":null,"website":null,"phone":null,"addr:postcode":null,"amenity":null,"addr:street":null,"addr:city":null,"tourism":null,"smoking":null,"rooms":null,"operator":null,"internet_access:ssid":null,"internet_access":null,"name:te":null,"alt_name":null,"wheelchair":null,"type":null,"name":null,"building:levels":"5"},"geometry":{"type":"MultiPolygon","coordinates":[[[[222405.246539648796897,1930684.145199567545205],[222397.592293413879815,1930693.419685314176604],[222410.503042200580239,1930703.95212334045209],[222418.157288814487401,1930694.67764263949357],[222405.246539648796897,1930684.145199567545205]]]]}},
{"type":"Feature","properties":{"fid":1675,"full_id":"w356159597","osm_id":"356159597","osm_type":"way","building":"yes","community_centre":null,"levels":null,"diet:lactose_free":null,"diet:dairy":null,"diet:non-vegetarian":null,"image":null,"substation":null,"power":null,"building:apartments":null,"toilets:position":null,"toilets:handwashing":null,"lit":null,"fitness_centre":null,"atm":null,"grades":null,"shelter_type":null,"addr:suburb":null,"compressed_air":null,"check_date:compressed_air":null,"toilets:disposal":null,"male":null,"female":null,"residential":null,"landuse":null,"diplomatic":null,"building:flats":null,"public_transport":null,"bus":null,"material":null,"subway":null,"station":null,"network":null,"construction":null,"leisure":null,"microbrewery":null,"brewery":null,"bar":null,"air_conditioning":null,"guest_house":null,"roof:colour":null,"building:material":null,"payment:notes":null,"payment:coins":null,"internet_access:fee":null,"building:colour":null,"brand:wikipedia":null,"surface":null,"supervised":null,"fee":null,"access":null,"takeaway":null,"outdoor_seating":null,"loc_name":null,"diet:vegetarian":null,"diet:vegan":null,"golf":null,"location":null,"addr:country":null,"email":null,"short_name":null,"official_name":null,"government":null,"man_made":null,"content":null,"operator:type":null,"healthcare":null,"contact:phone":null,"addr:state":null,"addr:full":null,"toilets:access":null,"toilets":null,"payment:cash":null,"changing_table":null,"roof:shape":null,"building:use":null,"sport":null,"building:levels:underground":null,"addr:subdistrict":null,"addr:place":null,"addr:district":null,"addr:housename":null,"religion":null,"check_date":null,"branch":null,"brand:wikidata":null,"brand":null,"name:en":null,"opening_hours":null,"fast_food":null,"drive_through":null,"cuisine":null,"parking":null,"not:brand:wikidata":null,"wikipedia":null,"wikidata":null,"office":null,"level":null,"name:ml":null,"name:fa":null,"description":null,"layer":null,"addr:housenumber":null,"height":null,"shop":null,"nohousenumber":null,"website":null,"phone":null,"addr:postcode":null,"amenity":null,"addr:street":null,"addr:city":null,"tourism":null,"smoking":null,"rooms":null,"operator":null,"internet_access:ssid":null,"internet_access":null,"name:te":null,"alt_name":null,"wheelchair":null,"type":null,"name":null,"building:levels":null},"geometry":{"type":"MultiPolygon","coordinates":[[[[222374.230887038022047,1930634.0],[222369.025313491292764,1930641.073509880807251],[222376.605531129054725,1930646.584581368137151],[222382.689698237401899,1930638.317212155554444],[222376.75157958935597,1930634.0],[222374.230887038022047,1930634.0]]]]}},
{"type":"Feature","properties":{"fid":1682,"full_id":"w356159605","osm_id":"356159605","osm_type":"way","building":"yes","community_centre":null,"levels":null,"diet:lactose_free":null,"diet:dairy":null,"diet:non-vegetarian":null,"image":null,"substation":null,"power":null,"building:apartments":null,"toilets:position":null,"toilets:handwashing":null,"lit":null,"fitness_centre":null,"atm":null,"grades":null,"shelter_type":null,"addr:suburb":null,"compressed_air":null,"check_date:compressed_air":null,"toilets:disposal":null,"male":null,"female":null,"residential":null,"landuse":null,"diplomatic":null,"building:flats":null,"public_transport":null,"bus":null,"material":null,"subway":null,"station":null,"network":null,"construction":null,"leisure":null,"microbrewery":null,"brewery":null,"bar":null,"air_conditioning":null,"guest_house":null,"roof:colour":null,"building:material":null,"payment:notes":null,"payment:coins":null,"internet_access:fee":null,"building:colour":null,"brand:wikipedia":null,"surface":null,"supervised":null,"fee":null,"access":null,"takeaway":null,"outdoor_seating":null,"loc_name":null,"diet:vegetarian":null,"diet:vegan":null,"golf":null,"location":null,"addr:country":null,"email":null,"short_name":null,"official_name":null,"government":null,"man_made":null,"content":null,"operator:type":null,"healthcare":null,"contact:phone":null,"addr:state":null,"addr:full":null,"toilets:access":null,"toilets":null,"payment:cash":null,"changing_table":null,"roof:shape":null,"building:use":null,"sport":null,"building:levels:underground":null,"addr:subdistrict":null,"addr:place":null,"addr:district":null,"addr:housename":null,"religion":null,"check_date":null,"branch":null,"brand:wikidata":null,"brand":null,"name:en":null,"opening_hours":null,"fast_food":null,"drive_through":null,"cuisine":null,"parking":null,"not:brand:wikidata":null,"wikipedia":null,"wikidata":null,"office":null,"level":null,"name:ml":null,"name:fa":null,"description":null,"layer":null,"addr:housenumber":null,"height":null,"shop":null,"nohousenumber":null,"website":null,"phone":null,"addr:postcode":null,"amenity":null,"addr:street":null,"addr:city":null,"tourism":null,"smoking":null,"rooms":null,"operator":null,"internet_access:ssid":null,"internet_access":null,"name:te":null,"alt_name":null,"wheelchair":null,"type":null,"name":null,"building:levels":"5"},"geometry":{"type":"MultiPolygon","coordinates":[[[[222390.583171550300904,1930675.264708379749209],[222379.802368136239238,1930688.325192566728219],[222391.261834025324788,1930697.670353186316788],[222402.042637910926715,1930684.609875307185575],[222390.583171550300904,1930675.264708379749209]]]]}},
{"type":"Feature","properties":{"fid":1684,"full_id":"w356159607","osm_id":"356159607","osm_type":"way","building":"yes","community_centre":null,"levels":null,"diet:lactose_free":null,"diet:dairy":null,"diet:non-vegetarian":null,"image":null,"substation":null,"power":null,"building:apartments":null,"toilets:position":null,"toilets:handwashing":null,"lit":null,"fitness_centre":null,"atm":null,"grades":null,"shelter_type":null,"addr:suburb":null,"compressed_air":null,"check_date:compressed_air":null,"toilets:disposal":null,"male":null,"female":null,"residential":null,"landuse":null,"diplomatic":null,"building:flats":null,"public_transport":null,"bus":null,"material":null,"subway":null,"station":null,"network":null,"construction":null,"leisure":null,"microbrewery":null,"brewery":null,"bar":null,"air_conditioning":null,"guest_house":null,"roof:colour":null,"building:material":null,"payment:notes":null,"payment:coins":null,"internet_access:fee":null,"building:colour":null,"brand:wikipedia":null,"surface":null,"supervised":null,"fee":null,"access":null,"takeaway":null,"outdoor_seating":null,"loc_name":null,"diet:vegetarian":null,"diet:vegan":null,"golf":null,"location":null,"addr:country":null,"email":null,"short_name":null,"official_name":null,"government":null,"man_made":null,"content":null,"operator:type":null,"healthcare":null,"contact:phone":null,"addr:state":null,"addr:full":null,"toilets:access":null,"toilets":null,"payment:cash":null,"changing_table":null,"roof:shape":null,"building:use":null,"sport":null,"building:levels:underground":null,"addr:subdistrict":null,"addr:place":null,"addr:district":null,"addr:housename":null,"religion":null,"check_date":null,"branch":null,"brand:wikidata":null,"brand":null,"name:en":null,"opening_hours":null,"fast_food":null,"drive_through":null,"cuisine":null,"parking":null,"not:brand:wikidata":null,"wikipedia":null,"wikidata":null,"office":null,"level":null,"name:ml":null,"name:fa":null,"description":null,"layer":null,"addr:housenumber":null,"height":null,"shop":null,"nohousenumber":null,"website":null,"phone":null,"addr:postcode":null,"amenity":null,"addr:street":null,"addr:city":null,"tourism":null,"smoking":null,"rooms":null,"operator":null,"internet_access:ssid":null,"internet_access":null,"name:te":null,"alt_name":null,"wheelchair":null,"type":null,"name":null,"building:levels":null},"geometry":{"type":"MultiPolygon","coordinates":[[[[222359.365599235985428,1930634.0],[222367.637759037315845,1930640.660590754589066],[222373.058332617307315,1930634.0],[222359.365599235985428,1930634.0]]]]}},
{"type":"Feature","properties":{"fid":1685,"full_id":"w356159608","osm_id":"356159608","osm_type":"way","building":"yes","community_centre":null,"levels":null,"diet:lactose_free":null,"diet:dairy":null,"diet:non-vegetarian":null,"image":null,"substation":null,"power":null,"building:apartments":null,"toilets:position":null,"toilets:handwashing":null,"lit":null,"fitness_centre":null,"atm":null,"grades":null,"shelter_type":null,"addr:suburb":null,"compressed_air":null,"check_date:compressed_air":null,"toilets:disposal":null,"male":null,"female":null,"residential":null,"landuse":null,"diplomatic":null,"building:flats":null,"public_transport":null,"bus":null,"material":null,"subway":null,"station":null,"network":null,"construction":null,"leisure":null,"microbrewery":null,"brewery":null,"bar":null,"air_conditioning":null,"guest_house":null,"roof:colour":null,"building:material":null,"payment:notes":null,"payment:coins":null,"internet_access:fee":null,"building:colour":null,"brand:wikipedia":null,"surface":null,"supervised":null,"fee":null,"access":null,"takeaway":null,"outdoor_seating":null,"loc_name":null,"diet:vegetarian":null,"diet:vegan":null,"golf":null,"location":null,"addr:country":null,"email":null,"short_name":null,"official_name":null,"government":null,"man_made":null,"content":null,"operator:type":null,"healthcare":null,"contact:phone":null,"addr:state":null,"addr:full":null,"toilets:access":null,"toilets":null,"payment:cash":null,"changing_table":null,"roof:shape":null,"building:use":null,"sport":null,"building:levels:underground":null,"addr:subdistrict":null,"addr:place":null,"addr:district":null,"addr:housename":null,"religion":null,"check_date":null,"branch":null,"brand:wikidata":null,"brand":null,"name:en":null,"opening_hours":null,"fast_food":null,"drive_through":null,"cuisine":null,"parking":null,"not:brand:wikidata":null,"wikipedia":null,"wikidata":null,"office":null,"level":null,"name:ml":null,"name:fa":null,"description":null,"layer":null,"addr:housenumber":null,"height":null,"shop":null,"nohousenumber":null,"website":null,"phone":null,"addr:postcode":null,"amenity":null,"addr:street":null,"addr:city":null,"tourism":null,"smoking":null,"rooms":null,"operator":null,"internet_access:ssid":null,"internet_access":null,"name:te":null,"alt_name":null,"wheelchair":null,"type":null,"name":null,"building:levels":"5"},"geometry":{"type":"MultiPolygon","coordinates":[[[[222409.094466976006515,1930679.474449820118025],[222419.760479289630894,1930688.321052359649912],[222438.588051939266734,1930665.92538004135713],[222427.911259686865378,1930657.067840221570805],[222409.094466976006515,1930679.474449820118025]]]]}},
{"type":"Feature","properties":{"fid":1690,"full_id":"w356159613","osm_id":"356159613","osm_type":"way","building":"yes","community_centre":null,"levels":null,"diet:lactose_free":null,"diet:dairy":null,"diet:non-vegetarian":null,"image":null,"substation":null,"power":null,"building:apartments":null,"toilets:position":null,"toilets:handwashing":null,"lit":null,"fitness_centre":null,"atm":null,"grades":null,"shelter_type":null,"addr:suburb":null,"compressed_air":null,"check_date:compressed_air":null,"toilets:disposal":null,"male":null,"female":null,"residential":null,"landuse":null,"diplomatic":null,"building:flats":null,"public_transport":null,"bus":null,"material":null,"subway":null,"station":null,"network":null,"construction":null,"leisure":null,"microbrewery":null,"brewery":null,"bar":null,"air_conditioning":null,"guest_house":null,"roof:colour":null,"building:material":null,"payment:notes":null,"payment:coins":null,"internet_access:fee":null,"building:colour":null,"brand:wikipedia":null,"surface":null,"supervised":null,"fee":null,"access":null,"takeaway":null,"outdoor_seating":null,"loc_name":null,"diet:vegetarian":null,"diet:vegan":null,"golf":null,"location":null,"addr:country":null,"email":null,"short_name":null,"official_name":null,"government":null,"man_made":null,"content":null,"operator:type":null,"healthcare":null,"contact:phone":null,"addr:state":null,"addr:full":null,"toilets:access":null,"toilets":null,"payment:cash":null,"changing_table":null,"roof:shape":null,"building:use":null,"sport":null,"building:levels:underground":null,"addr:subdistrict":null,"addr:place":null,"addr:district":null,"addr:housename":null,"religion":null,"check_date":null,"branch":null,"brand:wikidata":null,"brand":null,"name:en":null,"opening_hours":null,"fast_food":null,"drive_through":null,"cuisine":null,"parking":null,"not:brand:wikidata":null,"wikipedia":null,"wikidata":null,"office":null,"level":null,"name:ml":null,"name:fa":null,"description":null,"layer":null,"addr:housenumber":null,"height":null,"shop":null,"nohousenumber":null,"website":null,"phone":null,"addr:postcode":null,"amenity":null,"addr:street":null,"addr:city":null,"tourism":null,"smoking":null,"rooms":null,"operator":null,"internet_access:ssid":null,"internet_access":null,"name:te":null,"alt_name":null,"wheelchair":null,"type":null,"name":null,"building:levels":null},"geometry":{"type":"MultiPolygon","coordinates":[[[[222335.982490243797656,1930681.892566735390574],[222327.695723817974795,1930692.32749693817459],[222335.196066999516916,1930698.21618096716702],[222343.49346191517543,1930687.781108506256714],[222335.982490243797656,1930681.892566735390574]]]]}},
{"type":"Feature","properties":{"fid":1693,"full_id":"w356159616","osm_id":"356159616","osm_type":"way","building":"yes","community_centre":null,"levels":null,"diet:lactose_free":null,"diet:dairy":null,"diet:non-vegetarian":null,"image":null,"substation":null,"power":null,"building:apartments":null,"toilets:position":null,"toilets:handwashing":null,"lit":null,"fitness_centre":null,"atm":null,"grades":null,"shelter_type":null,"addr:suburb":null,"compressed_air":null,"check_date:compressed_air":null,"toilets:disposal":null,"male":null,"female":null,"residential":null,"landuse":null,"diplomatic":null,"building:flats":null,"public_transport":null,"bus":null,"material":null,"subway":null,"station":null,"network":null,"construction":null,"leisure":null,"microbrewery":null,"brewery":null,"bar":null,"air_conditioning":null,"guest_house":null,"roof:colour":null,"building:material":null,"payment:notes":null,"payment:coins":null,"internet_access:fee":null,"building:colour":null,"brand:wikipedia":null,"surface":null,"supervised":null,"fee":null,"access":null,"takeaway":null,"outdoor_seating":null,"loc_name":null,"diet:vegetarian":null,"diet:vegan":null,"golf":null,"location":null,"addr:country":null,"email":null,"short_name":null,"official_name":null,"government":null,"man_made":null,"content":null,"operator:type":null,"healthcare":null,"contact:phone":null,"addr:state":null,"addr:full":null,"toilets:access":null,"toilets":null,"payment:cash":null,"changing_table":null,"roof:shape":null,"building:use":null,"sport":null,"building:levels:underground":null,"addr:subdistrict":null,"addr:place":null,"addr:district":null,"addr:housename":null,"religion":null,"check_date":null,"branch":null,"brand:wikidata":null,"brand":null,"name:en":null,"opening_hours":null,"fast_food":null,"drive_through":null,"cuisine":null,"parking":null,"not:brand:wikidata":null,"wikipedia":null,"wikidata":null,"office":null,"level":null,"name:ml":null,"name:fa":null,"description":null,"layer":null,"addr:housenumber":null,"height":null,"shop":null,"nohousenumber":null,"website":null,"phone":null,"addr:postcode":null,"amenity":null,"addr:street":null,"addr:city":null,"tourism":null,"smoking":null,"rooms":null,"operator":null,"internet_access:ssid":null,"internet_access":null,"name:te":null,"alt_name":null,"wheelchair":null,"type":null,"name":null,"building:levels":"3"},"geometry":{"type":"MultiPolygon","coordinates":[[[[222397.18546505732229,1930669.127644629683346],[222406.772777874371968,1930676.826173275476322],[222415.690147944376804,1930665.86214916035533],[222406.113462692650501,1930658.16347070154734],[222397.18546505732229,1930669.127644629683346]]]]}},
{"type":"Feature","properties":{"fid":1698,"full_id":"w356159621","osm_id":"356159621","osm_type":"way","building":"yes","community_centre":null,"levels":null,"diet:lactose_free":null,"diet:dairy":null,"diet:non-vegetarian":null,"image":null,"substation":null,"power":null,"building:apartments":null,"toilets:position":null,"toilets:handwashing":null,"lit":null,"fitness_centre":null,"atm":null,"grades":null,"shelter_type":null,"addr:suburb":null,"compressed_air":null,"check_date:compressed_air":null,"toilets:disposal":null,"male":null,"female":null,"residential":null,"landuse":null,"diplomatic":null,"building:flats":null,"public_transport":null,"bus":null,"material":null,"subway":null,"station":null,"network":null,"construction":null,"leisure":null,"microbrewery":null,"brewery":null,"bar":null,"air_conditioning":null,"guest_house":null,"roof:colour":null,"building:material":null,"payment:notes":null,"payment:coins":null,"internet_access:fee":null,"building:colour":null,"brand:wikipedia":null,"surface":null,"supervised":null,"fee":null,"access":null,"takeaway":null,"outdoor_seating":null,"loc_name":null,"diet:vegetarian":null,"diet:vegan":null,"golf":null,"location":null,"addr:country":null,"email":null,"short_name":null,"official_name":null,"government":null,"man_made":null,"content":null,"operator:type":null,"healthcare":null,"contact:phone":null,"addr:state":null,"addr:full":null,"toilets:access":null,"toilets":null,"payment:cash":null,"changing_table":null,"roof:shape":null,"building:use":null,"sport":null,"building:levels:underground":null,"addr:subdistrict":null,"addr:place":null,"addr:district":null,"addr:housename":null,"religion":null,"check_date":null,"branch":null,"brand:wikidata":null,"brand":null,"name:en":null,"opening_hours":null,"fast_food":null,"drive_through":null,"cuisine":null,"parking":null,"not:brand:wikidata":null,"wikipedia":null,"wikidata":null,"office":null,"level":null,"name:ml":null,"name:fa":null,"description":null,"layer":null,"addr:housenumber":null,"height":null,"shop":null,"nohousenumber":null,"website":null,"phone":null,"addr:postcode":null,"amenity":null,"addr:street":null,"addr:city":null,"tourism":null,"smoking":null,"rooms":null,"operator":null,"internet_access:ssid":null,"internet_access":null,"name:te":null,"alt_name":null,"wheelchair":null,"type":null,"name":null,"building:levels":null},"geometry":{"type":"MultiPolygon","coordinates":[[[[222331.493191854795441,1930664.555854654638097],[222340.232132584904321,1930671.623642741702497],[222358.121177839115262,1930649.783384912414476],[222349.382236387580633,1930642.715588825754821],[222331.493191854795441,1930664.555854654638097]]]]}},
{"type":"Feature","properties":{"fid":1700,"full_id":"w356159624","osm_id":"356159624","osm_type":"way","building":"yes","community_centre":null,"levels":null,"diet:lactose_free":null,"diet:dairy":null,"diet:non-vegetarian":null,"image":null,"substation":null,"power":null,"building:apartments":null,"toilets:position":null,"toilets:handwashing":null,"lit":null,"fitness_centre":null,"atm":null,"grades":null,"shelter_type":null,"addr:suburb":null,"compressed_air":null,"check_date:compressed_air":null,"toilets:disposal":null,"male":null,"female":null,"residential":null,"landuse":null,"diplomatic":null,"building:flats":null,"public_transport":null,"bus":null,"material":null,"subway":null,"station":null,"network":null,"construction":null,"leisure":null,"microbrewery":null,"brewery":null,"bar":null,"air_conditioning":null,"guest_house":null,"roof:colour":null,"building:material":null,"payment:notes":null,"payment:coins":null,"internet_access:fee":null,"building:colour":null,"brand:wikipedia":null,"surface":null,"supervised":null,"fee":null,"access":null,"takeaway":null,"outdoor_seating":null,"loc_name":null,"diet:vegetarian":null,"diet:vegan":null,"golf":null,"location":null,"addr:country":null,"email":null,"short_name":null,"official_name":null,"government":null,"man_made":null,"content":null,"operator:type":null,"healthcare":null,"contact:phone":null,"addr:state":null,"addr:full":null,"toilets:access":null,"toilets":null,"payment:cash":null,"changing_table":null,"roof:shape":null,"building:use":null,"sport":null,"building:levels:underground":null,"addr:subdistrict":null,"addr:place":null,"addr:district":null,"addr:housename":null,"religion":null,"check_date":null,"branch":null,"brand:wikidata":null,"brand":null,"name:en":null,"opening_hours":null,"fast_food":null,"drive_through":null,"cuisine":null,"parking":null,"not:brand:wikidata":null,"wikipedia":null,"wikidata":null,"office":null,"level":null,"name:ml":null,"name:fa":null,"description":null,"layer":null,"addr:housenumber":null,"height":null,"shop":null,"nohousenumber":null,"website":null,"phone":null,"addr:postcode":null,"amenity":null,"addr:street":null,"addr:city":null,"tourism":null,"smoking":null,"rooms":null,"operator":null,"internet_access:ssid":null,"internet_access":null,"name:te":null,"alt_name":null,"wheelchair":null,"type":null,"name":null,"building:levels":"3"},"geometry":{"type":"MultiPolygon","coordinates":[[[[222224.0,1930762.122587870340794],[222246.504145284474362,1930780.086534034926444],[222259.821024145872798,1930763.602411836851388],[222231.437015111383516,1930740.94484363310039],[222224.0,1930750.150666732341051],[222224.0,1930762.122587870340794]]]]}},
{"type":"Feature","properties":{"fid":1702,"full_id":"w356159626","osm_id":"356159626","osm_type":"way","building":"yes","community_centre":null,"levels":null,"diet:lactose_free":null,"diet:dairy":null,"diet:non-vegetarian":null,"image":null,"substation":null,"power":null,"building:apartments":null,"toilets:position":null,"toilets:handwashing":null,"lit":null,"fitness_centre":null,"atm":null,"grades":null,"shelter_type":null,"addr:suburb":null,"compressed_air":null,"check_date:compressed_air":null,"toilets:disposal":null,"male":null,"female":null,"residential":null,"landuse":null,"diplomatic":null,"building:flats":null,"public_transport":null,"bus":null,"material":null,"subway":null,"station":null,"network":null,"construction":null,"leisure":null,"microbrewery":null,"brewery":null,"bar":null,"air_conditioning":null,"guest_house":null,"roof:colour":null,"building:material":null,"payment:notes":null,"payment:coins":null,"internet_access:fee":null,"building:colour":null,"brand:wikipedia":null,"surface":null,"supervised":null,"fee":null,"access":null,"takeaway":null,"outdoor_seating":null,"loc_name":null,"diet:vegetarian":null,"diet:vegan":null,"golf":null,"location":null,"addr:country":null,"email":null,"short_name":null,"official_name":null,"government":null,"man_made":null,"content":null,"operator:type":null,"healthcare":null,"contact:phone":null,"addr:state":null,"addr:full":null,"toilets:access":null,"toilets":null,"payment:cash":null,"changing_table":null,"roof:shape":null,"building:use":null,"sport":null,"building:levels:underground":null,"addr:subdistrict":null,"addr:place":null,"addr:district":null,"addr:housename":null,"religion":null,"check_date":null,"branch":null,"brand:wikidata":null,"brand":null,"name:en":null,"opening_hours":null,"fast_food":null,"drive_through":null,"cuisine":null,"parking":null,"not:brand:wikidata":null,"wikipedia":null,"wikidata":null,"office":null,"level":null,"name:ml":null,"name:fa":null,"description":null,"layer":null,"addr:housenumber":null,"height":null,"shop":null,"nohousenumber":null,"website":null,"phone":null,"addr:postcode":null,"amenity":null,"addr:street":null,"addr:city":null,"tourism":null,"smoking":null,"rooms":null,"operator":null,"internet_access:ssid":null,"internet_access":null,"name:te":null,"alt_name":null,"wheelchair":null,"type":null,"name":null,"building:levels":null},"geometry":{"type":"MultiPolygon","coordinates":[[[[222382.230254371417686,1930634.0],[222383.666048215993214,1930635.092225520173088],[222384.508801178395515,1930634.0],[222382.230254371417686,1930634.0]]]]}},
{"type":"Feature","properties":{"fid":1706,"full_id":"w356159631","osm_id":"356159631","osm_type":"way","building":"yes","community_centre":null,"levels":null,"diet:lactose_free":null,"diet:dairy":null,"diet:non-vegetarian":null,"image":null,"substation":null,"power":null,"building:apartments":null,"toilets:position":null,"toilets:handwashing":null,"lit":null,"fitness_centre":null,"atm":null,"grades":null,"shelter_type":null,"addr:suburb":null,"compressed_air":null,"check_date:compressed_air":null,"toilets:disposal":null,"male":null,"female":null,"residential":null,"landuse":null,"diplomatic":null,"building:flats":null,"public_transport":null,"bus":null,"material":null,"subway":null,"station":null,"network":null,"construction":null,"leisure":null,"microbrewery":null,"brewery":null,"bar":null,"air_conditioning":null,"guest_house":null,"roof:colour":null,"building:material":null,"payment:notes":null,"payment:coins":null,"internet_access:fee":null,"building:colour":null,"brand:wikipedia":null,"surface":null,"supervised":null,"fee":null,"access":null,"takeaway":null,"outdoor_seating":null,"loc_name":null,"diet:vegetarian":null,"diet:vegan":null,"golf":null,"location":null,"addr:country":null,"email":null,"short_name":null,"official_name":null,"government":null,"man_made":null,"content":null,"operator:type":null,"healthcare":null,"contact:phone":null,"addr:state":null,"addr:full":null,"toilets:access":null,"toilets":null,"payment:cash":null,"changing_table":null,"roof:shape":null,"building:use":null,"sport":null,"building:levels:underground":null,"addr:subdistrict":null,"addr:place":null,"addr:district":null,"addr:housename":null,"religion":null,"check_date":null,"branch":null,"brand:wikidata":null,"brand":null,"name:en":null,"opening_hours":null,"fast_food":null,"drive_through":null,"cuisine":null,"parking":null,"not:brand:wikidata":null,"wikipedia":null,"wikidata":null,"office":null,"level":null,"name:ml":null,"name:fa":null,"description":null,"layer":null,"addr:housenumber":null,"height":null,"shop":null,"nohousenumber":null,"website":null,"phone":null,"addr:postcode":null,"amenity":null,"addr:street":null,"addr:city":null,"tourism":null,"smoking":null,"rooms":null,"operator":null,"internet_access:ssid":null,"internet_access":null,"name:te":null,"alt_name":null,"wheelchair":null,"type":null,"name":null,"building:levels":null},"geometry":{"type":"MultiPolygon","coordinates":[[[[222334.418240694096312,1930634.0],[222330.743957766972017,1930638.551931181922555],[222337.364331406482961,1930643.832486766856164],[222342.109898753114976,1930637.953383382409811],[222337.153437738365028,1930634.0],[222334.418240694096312,1930634.0]]]]}},
{"type":"Feature","properties":{"fid":1708,"full_id":"w356159635","osm_id":"356159635","osm_type":"way","building":"yes","community_centre":null,"levels":null,"diet:lactose_free":null,"diet:dairy":null,"diet:non-vegetarian":null,"image":null,"substation":null,"power":null,"building:apartments":null,"toilets:position":null,"toilets:handwashing":null,"lit":null,"fitness_centre":null,"atm":null,"grades":null,"shelter_type":null,"addr:suburb":null,"compressed_air":null,"check_date:compressed_air":null,"toilets:disposal":null,"male":null,"female":null,"residential":null,"landuse":null,"diplomatic":null,"building:flats":null,"public_transport":null,"bus":null,"material":null,"subway":null,"station":null,"network":null,"construction":null,"leisure":null,"microbrewery":null,"brewery":null,"bar":null,"air_conditioning":null,"guest_house":null,"roof:colour":null,"building:material":null,"payment:notes":null,"payment:coins":null,"internet_access:fee":null,"building:colour":null,"brand:wikipedia":null,"surface":null,"supervised":null,"fee":null,"access":null,"takeaway":null,"outdoor_seating":null,"loc_name":null,"diet:vegetarian":null,"diet:vegan":null,"golf":null,"location":null,"addr:country":null,"email":null,"short_name":null,"official_name":null,"government":null,"man_made":null,"content":null,"operator:type":null,"healthcare":null,"contact:phone":null,"addr:state":null,"addr:full":null,"toilets:access":null,"toilets":null,"payment:cash":null,"changing_table":null,"roof:shape":null,"building:use":null,"sport":null,"building:levels:underground":null,"addr:subdistrict":null,"addr:place":null,"addr:district":null,"addr:housename":null,"religion":null,"check_date":null,"branch":null,"brand:wikidata":null,"brand":null,"name:en":null,"opening_hours":null,"fast_food":null,"drive_through":null,"cuisine":null,"parking":null,"not:brand:wikidata":null,"wikipedia":null,"wikidata":null,"office":null,"level":null,"name:ml":null,"name:fa":null,"description":null,"layer":null,"addr:housenumber":null,"height":null,"shop":null,"nohousenumber":null,"website":null,"phone":null,"addr:postcode":null,"amenity":null,"addr:street":null,"addr:city":null,"tourism":null,"smoking":null,"rooms":null,"operator":null,"internet_access:ssid":null,"internet_access":null,"name:te":null,"alt_name":null,"wheelchair":null,"type":null,"name":null,"building:levels":null},"geometry":{"type":"MultiPolygon","coordinates":[[[[222347.498997476592194,1930682.200072523206472],[222367.508381347579416,1930658.392752239247784],[222359.444316770415753,1930651.703326892340556],[222339.445561254688073,1930675.510509910061955],[222347.498997476592194,1930682.200072523206472]]]]}},
{"type":"Feature","properties":{"fid":1843,"full_id":"w356178143","osm_id":"356178143","osm_type":"way","building":"water_tower","community_centre":null,"levels":null,"diet:lactose_free":null,"diet:dairy":null,"diet:non-vegetarian":null,"image":null,"substation":null,"power":null,"building:apartments":null,"toilets:position":null,"toilets:handwashing":null,"lit":null,"fitness_centre":null,"atm":null,"grades":null,"shelter_type":null,"addr:suburb":null,"compressed_air":null,"check_date:compressed_air":null,"toilets:disposal":null,"male":null,"female":null,"residential":null,"landuse":null,"diplomatic":null,"building:flats":null,"public_transport":null,"bus":null,"material":null,"subway":null,"station":null,"network":null,"construction":null,"leisure":null,"microbrewery":null,"brewery":null,"bar":null,"air_conditioning":null,"guest_house":null,"roof:colour":null,"building:material":null,"payment:notes":null,"payment:coins":null,"internet_access:fee":null,"building:colour":null,"brand:wikipedia":null,"surface":null,"supervised":null,"fee":null,"access":null,"takeaway":null,"outdoor_seating":null,"loc_name":null,"diet:vegetarian":null,"diet:vegan":null,"golf":null,"location":null,"addr:country":null,"email":null,"short_name":null,"official_name":null,"government":null,"man_made":"storage_tank","content":"water","operator:type":null,"healthcare":null,"contact:phone":null,"addr:state":null,"addr:full":null,"toilets:access":null,"toilets":null,"payment:cash":null,"changing_table":null,"roof:shape":null,"building:use":null,"sport":null,"building:levels:underground":null,"addr:subdistrict":null,"addr:place":null,"addr:district":null,"addr:housename":null,"religion":null,"check_date":null,"branch":null,"brand:wikidata":null,"brand":null,"name:en":null,"opening_hours":null,"fast_food":null,"drive_through":null,"cuisine":null,"parking":null,"not:brand:wikidata":null,"wikipedia":null,"wikidata":null,"office":null,"level":null,"name:ml":null,"name:fa":null,"description":null,"layer":null,"addr:housenumber":null,"height":null,"shop":null,"nohousenumber":null,"website":null,"phone":null,"addr:postcode":null,"amenity":null,"addr:street":null,"addr:city":null,"tourism":null,"smoking":null,"rooms":null,"operator":null,"internet_access:ssid":null,"internet_access":null,"name:te":null,"alt_name":null,"wheelchair":null,"type":null,"name":null,"building:levels":null},"geometry":{"type":"MultiPolygon","coordinates":[[[[222299.885915845137788,1931134.0],[222299.087598218466155,1931133.133049316704273],[222297.686261929629836,1931132.487762122415006],[222296.122764805622865,1931132.420573787763715],[222294.66310479369713,1931132.949991306522861],[222293.518624782445841,1931133.984524127561599],[222293.511340285156621,1931134.0],[222299.885915845137788,1931134.0]]]]}},
{"type":"Feature","properties":{"fid":1844,"full_id":"w356178150","osm_id":"356178150","osm_type":"way","building":"yes","community_centre":null,"levels":null,"diet:lactose_free":null,"diet:dairy":null,"diet:non-vegetarian":null,"image":null,"substation":null,"power":null,"building:apartments":null,"toilets:position":null,"toilets:handwashing":null,"lit":null,"fitness_centre":null,"atm":null,"grades":null,"shelter_type":null,"addr:suburb":null,"compressed_air":null,"check_date:compressed_air":null,"toilets:disposal":null,"male":null,"female":null,"residential":null,"landuse":null,"diplomatic":null,"building:flats":null,"public_transport":null,"bus":null,"material":null,"subway":null,"station":null,"network":null,"construction":null,"leisure":null,"microbrewery":null,"brewery":null,"bar":null,"air_conditioning":null,"guest_house":null,"roof:colour":null,"building:material":null,"payment:notes":null,"payment:coins":null,"internet_access:fee":null,"building:colour":null,"brand:wikipedia":null,"surface":null,"supervised":null,"fee":null,"access":null,"takeaway":null,"outdoor_seating":null,"loc_name":null,"diet:vegetarian":null,"diet:vegan":null,"golf":null,"location":null,"addr:country":null,"email":null,"short_name":null,"official_name":null,"government":null,"man_made":null,"content":null,"operator:type":null,"healthcare":null,"contact:phone":null,"addr:state":null,"addr:full":null,"toilets:access":null,"toilets":null,"payment:cash":null,"changing_table":null,"roof:shape":null,"building:use":null,"sport":null,"building:levels:underground":null,"addr:subdistrict":null,"addr:place":null,"addr:district":null,"addr:housename":null,"religion":null,"check_date":null,"branch":null,"brand:wikidata":null,"brand":null,"name:en":null,"opening_hours":null,"fast_food":null,"drive_through":null,"cuisine":null,"parking":null,"not:brand:wikidata":null,"wikipedia":null,"wikidata":null,"office":null,"level":null,"name:ml":null,"name:fa":null,"description":null,"layer":null,"addr:housenumber":null,"height":null,"shop":null,"nohousenumber":null,"website":null,"phone":null,"addr:postcode":null,"amenity":null,"addr:street":null,"addr:city":null,"tourism":null,"smoking":null,"rooms":null,"operator":null,"internet_access:ssid":null,"internet_access":null,"name:te":null,"alt_name":null,"wheelchair":null,"type":null,"name":null,"building:levels":null},"geometry":{"type":"MultiPolygon","coordinates":[[[[222240.415781867282931,1930911.470184930833057],[222240.882480784552172,1930920.711073599290103],[222247.850895110401325,1930920.360935532487929],[222248.59487674862612,1930935.102096075657755],[222259.514890071121044,1930934.553880880586803],[222259.296645018039271,1930930.259930366417393],[222264.57597856328357,1930929.988299014279619],[222264.794222485099453,1930934.282249429030344],[222275.576072791649494,1930933.735934809083119],[222274.365579336881638,1930909.764961232664064],[222240.415781867282931,1930911.470184930833057]]]]}},
{"type":"Feature","properties":{"fid":1845,"full_id":"w356178154","osm_id":"356178154","osm_type":"way","building":"yes","community_centre":null,"levels":null,"diet:lactose_free":null,"diet:dairy":null,"diet:non-vegetarian":null,"image":null,"substation":null,"power":null,"building:apartments":null,"toilets:position":null,"toilets:handwashing":null,"lit":null,"fitness_centre":null,"atm":null,"grades":null,"shelter_type":null,"addr:suburb":null,"compressed_air":null,"check_date:compressed_air":null,"toilets:disposal":null,"male":null,"female":null,"residential":null,"landuse":null,"diplomatic":null,"building:flats":null,"public_transport":null,"bus":null,"material":null,"subway":null,"station":null,"network":null,"construction":null,"leisure":null,"microbrewery":null,"brewery":null,"bar":null,"air_conditioning":null,"guest_house":null,"roof:colour":null,"building:material":null,"payment:notes":null,"payment:coins":null,"internet_access:fee":null,"building:colour":null,"brand:wikipedia":null,"surface":null,"supervised":null,"fee":null,"access":null,"takeaway":null,"outdoor_seating":null,"loc_name":null,"diet:vegetarian":null,"diet:vegan":null,"golf":null,"location":null,"addr:country":null,"email":null,"short_name":null,"official_name":null,"government":null,"man_made":null,"content":null,"operator:type":null,"healthcare":null,"contact:phone":null,"addr:state":null,"addr:full":null,"toilets:access":null,"toilets":null,"payment:cash":null,"changing_table":null,"roof:shape":null,"building:use":null,"sport":null,"building:levels:underground":null,"addr:subdistrict":null,"addr:place":null,"addr:district":null,"addr:housename":null,"religion":null,"check_date":null,"branch":null,"brand:wikidata":null,"brand":null,"name:en":null,"opening_hours":null,"fast_food":null,"drive_through":null,"cuisine":null,"parking":null,"not:brand:wikidata":null,"wikipedia":null,"wikidata":null,"office":null,"level":null,"name:ml":null,"name:fa":null,"description":null,"layer":null,"addr:housenumber":null,"height":null,"shop":null,"nohousenumber":null,"website":null,"phone":null,"addr:postcode":null,"amenity":null,"addr:street":null,"addr:city":null,"tourism":null,"smoking":null,"rooms":null,"operator":null,"internet_access:ssid":null,"internet_access":null,"name:te":null,"alt_name":null,"wheelchair":null,"type":null,"name":null,"building:levels":null},"geometry":{"type":"MultiPolygon","coordinates":[[[[222273.054227804183029,1930972.36538955848664],[222271.884569859539624,1930948.272035533329472],[222255.472223433840554,1930949.061571125173941],[222255.813549178070389,1930956.133557335240766],[222259.340337294212077,1930955.963443866465241],[222259.69774807698559,1930963.433894778136164],[222261.333682769909501,1930963.356120809912682],[222261.601399391016457,1930968.934045820729807],[222263.949097821954638,1930968.82437658472918],[222264.14153861545492,1930972.786442891461775],[222273.054227804183029,1930972.36538955848664]]]]}},
{"type":"Feature","properties":{"fid":1846,"full_id":"w356178162","osm_id":"356178162","osm_type":"way","building":"yes","community_centre":null,"levels":null,"diet:lactose_free":null,"diet:dairy":null,"diet:non-vegetarian":null,"image":null,"substation":null,"power":null,"building:apartments":null,"toilets:position":null,"toilets:handwashing":null,"lit":null,"fitness_centre":null,"atm":null,"grades":null,"shelter_type":null,"addr:suburb":null,"compressed_air":null,"check_date:compressed_air":null,"toilets:disposal":null,"male":null,"female":null,"residential":null,"landuse":null,"diplomatic":null,"building:flats":null,"public_transport":null,"bus":null,"material":null,"subway":null,"station":null,"network":null,"construction":null,"leisure":null,"microbrewery":null,"brewery":null,"bar":null,"air_conditioning":null,"guest_house":null,"roof:colour":null,"building:material":null,"payment:notes":null,"payment:coins":null,"internet_access:fee":null,"building:colour":null,"brand:wikipedia":null,"surface":null,"supervised":null,"fee":null,"access":null,"takeaway":null,"outdoor_seating":null,"loc_name":null,"diet:vegetarian":null,"diet:vegan":null,"golf":null,"location":null,"addr:country":null,"email":null,"short_name":null,"official_name":null,"government":null,"man_made":null,"content":null,"operator:type":null,"healthcare":null,"contact:phone":null,"addr:state":null,"addr:full":null,"toilets:access":null,"toilets":null,"payment:cash":null,"changing_table":null,"roof:shape":null,"building:use":null,"sport":null,"building:levels:underground":null,"addr:subdistrict":null,"addr:place":null,"addr:district":null,"addr:housename":null,"religion":null,"check_date":null,"branch":null,"brand:wikidata":null,"brand":null,"name:en":null,"opening_hours":null,"fast_food":null,"drive_through":null,"cuisine":null,"parking":null,"not:brand:wikidata":null,"wikipedia":null,"wikidata":null,"office":null,"level":null,"name:ml":null,"name:fa":null,"description":null,"layer":null,"addr:housenumber":null,"height":null,"shop":null,"nohousenumber":null,"website":null,"phone":null,"addr:postcode":null,"amenity":null,"addr:street":null,"addr:city":null,"tourism":null,"smoking":null,"rooms":null,"operator":null,"internet_access:ssid":null,"internet_access":null,"name:te":null,"alt_name":null,"wheelchair":null,"type":null,"name":null,"building:levels":null},"geometry":{"type":"MultiPolygon","coordinates":[[[[222398.271388182940427,1930996.255647000158206],[222413.832678287639283,1930996.197716152528301],[222413.774925264762715,1930981.103864052332938],[222398.213623585004825,1930981.161793334176764],[222398.271388182940427,1930996.255647000158206]]]]}},
{"type":"Feature","properties":{"fid":1847,"full_id":"w356178165","osm_id":"356178165","osm_type":"way","building":"yes","community_centre":null,"levels":null,"diet:lactose_free":null,"diet:dairy":null,"diet:non-vegetarian":null,"image":null,"substation":null,"power":null,"building:apartments":null,"toilets:position":null,"toilets:handwashing":null,"lit":null,"fitness_centre":null,"atm":null,"grades":null,"shelter_type":null,"addr:suburb":null,"compressed_air":null,"check_date:compressed_air":null,"toilets:disposal":null,"male":null,"female":null,"residential":null,"landuse":null,"diplomatic":null,"building:flats":null,"public_transport":null,"bus":null,"material":null,"subway":null,"station":null,"network":null,"construction":null,"leisure":null,"microbrewery":null,"brewery":null,"bar":null,"air_conditioning":null,"guest_house":null,"roof:colour":null,"building:material":null,"payment:notes":null,"payment:coins":null,"internet_access:fee":null,"building:colour":null,"brand:wikipedia":null,"surface":null,"supervised":null,"fee":null,"access":null,"takeaway":null,"outdoor_seating":null,"loc_name":null,"diet:vegetarian":null,"diet:vegan":null,"golf":null,"location":null,"addr:country":null,"email":null,"short_name":null,"official_name":null,"government":null,"man_made":null,"content":null,"operator:type":null,"healthcare":null,"contact:phone":null,"addr:state":null,"addr:full":null,"toilets:access":null,"toilets":null,"payment:cash":null,"changing_table":null,"roof:shape":null,"building:use":null,"sport":null,"building:levels:underground":null,"addr:subdistrict":null,"addr:place":null,"addr:district":null,"addr:housename":null,"religion":null,"check_date":null,"branch":null,"brand:wikidata":null,"brand":null,"name:en":null,"opening_hours":null,"fast_food":null,"drive_through":null,"cuisine":null,"parking":null,"not:brand:wikidata":null,"wikipedia":null,"wikidata":null,"office":null,"level":null,"name:ml":null,"name:fa":null,"description":null,"layer":null,"addr:housenumber":null,"height":null,"shop":null,"nohousenumber":null,"website":null,"phone":null,"addr:postcode":null,"amenity":null,"addr:street":null,"addr:city":null,"tourism":null,"smoking":null,"rooms":null,"operator":null,"internet_access:ssid":null,"internet_access":null,"name:te":null,"alt_name":null,"wheelchair":null,"type":null,"name":null,"building:levels":null},"geometry":{"type":"MultiPolygon","coordinates":[[[[222295.838838761847001,1930929.239088432164863],[222306.971865214640275,1930928.721206738147885],[222305.938395696459338,1930906.807685509091243],[222294.805508675635792,1930907.336638596607372],[222295.838838761847001,1930929.239088432164863]]]]}},
{"type":"Feature","properties":{"fid":1848,"full_id":"w356178167","osm_id":"356178167","osm_type":"way","building":"yes","community_centre":null,"levels":null,"diet:lactose_free":null,"diet:dairy":null,"diet:non-vegetarian":null,"image":null,"substation":null,"power":null,"building:apartments":null,"toilets:position":null,"toilets:handwashing":null,"lit":null,"fitness_centre":null,"atm":null,"grades":null,"shelter_type":null,"addr:suburb":null,"compressed_air":null,"check_date:compressed_air":null,"toilets:disposal":null,"male":null,"female":null,"residential":null,"landuse":null,"diplomatic":null,"building:flats":null,"public_transport":null,"bus":null,"material":null,"subway":null,"station":null,"network":null,"construction":null,"leisure":null,"microbrewery":null,"brewery":null,"bar":null,"air_conditioning":null,"guest_house":null,"roof:colour":null,"building:material":null,"payment:notes":null,"payment:coins":null,"internet_access:fee":null,"building:colour":null,"brand:wikipedia":null,"surface":null,"supervised":null,"fee":null,"access":null,"takeaway":null,"outdoor_seating":null,"loc_name":null,"diet:vegetarian":null,"diet:vegan":null,"golf":null,"location":null,"addr:country":null,"email":null,"short_name":null,"official_name":null,"government":null,"man_made":null,"content":null,"operator:type":null,"healthcare":null,"contact:phone":null,"addr:state":null,"addr:full":null,"toilets:access":null,"toilets":null,"payment:cash":null,"changing_table":null,"roof:shape":null,"building:use":null,"sport":null,"building:levels:underground":null,"addr:subdistrict":null,"addr:place":null,"addr:district":null,"addr:housename":null,"religion":null,"check_date":null,"branch":null,"brand:wikidata":null,"brand":null,"name:en":null,"opening_hours":null,"fast_food":null,"drive_through":null,"cuisine":null,"parking":null,"not:brand:wikidata":null,"wikipedia":null,"wikidata":null,"office":null,"level":null,"name:ml":null,"name:fa":null,"description":null,"layer":null,"addr:housenumber":null,"height":null,"shop":null,"nohousenumber":null,"website":null,"phone":null,"addr:postcode":null,"amenity":null,"addr:street":null,"addr:city":null,"tourism":null,"smoking":null,"rooms":null,"operator":null,"internet_access:ssid":null,"internet_access":null,"name:te":null,"alt_name":null,"wheelchair":null,"type":null,"name":null,"building:levels":null},"geometry":{"type":"MultiPolygon","coordinates":[[[[222371.391497243777849,1931006.568528125761077],[222381.606219446868636,1931006.528382954187691],[222381.572878335718997,1930997.879595870384946],[222371.35815178003395,1930997.919740452896804],[222371.391497243777849,1931006.568528125761077]]]]}},
{"type":"Feature","properties":{"fid":1849,"full_id":"w356178171","osm_id":"356178171","osm_type":"way","building":"yes","community_centre":null,"levels":null,"diet:lactose_free":null,"diet:dairy":null,"diet:non-vegetarian":null,"image":null,"substation":null,"power":null,"building:apartments":null,"toilets:position":null,"toilets:handwashing":null,"lit":null,"fitness_centre":null,"atm":null,"grades":null,"shelter_type":null,"addr:suburb":null,"compressed_air":null,"check_date:compressed_air":null,"toilets:disposal":null,"male":null,"female":null,"residential":null,"landuse":null,"diplomatic":null,"building:flats":null,"public_transport":null,"bus":null,"material":null,"subway":null,"station":null,"network":null,"construction":null,"leisure":null,"microbrewery":null,"brewery":null,"bar":null,"air_conditioning":null,"guest_house":null,"roof:colour":null,"building:material":null,"payment:notes":null,"payment:coins":null,"internet_access:fee":null,"building:colour":null,"brand:wikipedia":null,"surface":null,"supervised":null,"fee":null,"access":null,"takeaway":null,"outdoor_seating":null,"loc_name":null,"diet:vegetarian":null,"diet:vegan":null,"golf":null,"location":null,"addr:country":null,"email":null,"short_name":null,"official_name":null,"government":null,"man_made":null,"content":null,"operator:type":null,"healthcare":null,"contact:phone":null,"addr:state":null,"addr:full":null,"toilets:access":null,"toilets":null,"payment:cash":null,"changing_table":null,"roof:shape":null,"building:use":null,"sport":null,"building:levels:underground":null,"addr:subdistrict":null,"addr:place":null,"addr:district":null,"addr:housename":null,"religion":null,"check_date":null,"branch":null,"brand:wikidata":null,"brand":null,"name:en":null,"opening_hours":null,"fast_food":null,"drive_through":null,"cuisine":null,"parking":null,"not:brand:wikidata":null,"wikipedia":null,"wikidata":null,"office":null,"level":null,"name:ml":null,"name:fa":null,"description":null,"layer":null,"addr:housenumber":null,"height":null,"shop":null,"nohousenumber":null,"website":null,"phone":null,"addr:postcode":null,"amenity":null,"addr:street":null,"addr:city":null,"tourism":null,"smoking":null,"rooms":null,"operator":null,"internet_access:ssid":null,"internet_access":null,"name:te":null,"alt_name":null,"wheelchair":null,"type":null,"name":null,"building:levels":null},"geometry":{"type":"MultiPolygon","coordinates":[[[[222375.994713255553506,1930714.579740034416318],[222386.608025678084232,1930701.709810802247375],[222380.480663223250303,1930696.721510220784694],[222369.867351056775078,1930709.59144277498126],[222375.994713255553506,1930714.579740034416318]]]]}},
{"type":"Feature","properties":{"fid":1851,"full_id":"w356178174","osm_id":"356178174","osm_type":"way","building":"yes","community_centre":null,"levels":null,"diet:lactose_free":null,"diet:dairy":null,"diet:non-vegetarian":null,"image":null,"substation":null,"power":null,"building:apartments":null,"toilets:position":null,"toilets:handwashing":null,"lit":null,"fitness_centre":null,"atm":null,"grades":null,"shelter_type":null,"addr:suburb":null,"compressed_air":null,"check_date:compressed_air":null,"toilets:disposal":null,"male":null,"female":null,"residential":null,"landuse":null,"diplomatic":null,"building:flats":null,"public_transport":null,"bus":null,"material":null,"subway":null,"station":null,"network":null,"construction":null,"leisure":null,"microbrewery":null,"brewery":null,"bar":null,"air_conditioning":null,"guest_house":null,"roof:colour":null,"building:material":null,"payment:notes":null,"payment:coins":null,"internet_access:fee":null,"building:colour":null,"brand:wikipedia":null,"surface":null,"supervised":null,"fee":null,"access":null,"takeaway":null,"outdoor_seating":null,"loc_name":null,"diet:vegetarian":null,"diet:vegan":null,"golf":null,"location":null,"addr:country":null,"email":null,"short_name":null,"official_name":null,"government":null,"man_made":null,"content":null,"operator:type":null,"healthcare":null,"contact:phone":null,"addr:state":null,"addr:full":null,"toilets:access":null,"toilets":null,"payment:cash":null,"changing_table":null,"roof:shape":null,"building:use":null,"sport":null,"building:levels:underground":null,"addr:subdistrict":null,"addr:place":null,"addr:district":null,"addr:housename":null,"religion":null,"check_date":null,"branch":null,"brand:wikidata":null,"brand":null,"name:en":null,"opening_hours":null,"fast_food":null,"drive_through":null,"cuisine":null,"parking":null,"not:brand:wikidata":null,"wikipedia":null,"wikidata":null,"office":null,"level":null,"name:ml":null,"name:fa":null,"description":null,"layer":null,"addr:housenumber":null,"height":null,"shop":null,"nohousenumber":null,"website":null,"phone":null,"addr:postcode":null,"amenity":null,"addr:street":null,"addr:city":null,"tourism":null,"smoking":null,"rooms":null,"operator":null,"internet_access:ssid":null,"internet_access":null,"name:te":null,"alt_name":null,"wheelchair":null,"type":null,"name":null,"building:levels":null},"geometry":{"type":"MultiPolygon","coordinates":[[[[222378.977537727158051,1931061.438887416617945],[222405.963225129642524,1931061.191345034632832],[222405.802421693864744,1931044.005807037698105],[222378.816711397317704,1931044.253346452256665],[222378.977537727158051,1931061.438887416617945]]]]}},
{"type":"Feature","properties":{"fid":1855,"full_id":"w356178185","osm_id":"356178185","osm_type":"way","building":"yes","community_centre":null,"levels":null,"diet:lactose_free":null,"diet:dairy":null,"diet:non-vegetarian":null,"image":null,"substation":null,"power":null,"building:apartments":null,"toilets:position":null,"toilets:handwashing":null,"lit":null,"fitness_centre":null,"atm":null,"grades":null,"shelter_type":null,"addr:suburb":null,"compressed_air":null,"check_date:compressed_air":null,"toilets:disposal":null,"male":null,"female":null,"residential":null,"landuse":null,"diplomatic":null,"building:flats":null,"public_transport":null,"bus":null,"material":null,"subway":null,"station":null,"network":null,"construction":null,"leisure":null,"microbrewery":null,"brewery":null,"bar":null,"air_conditioning":null,"guest_house":null,"roof:colour":null,"building:material":null,"payment:notes":null,"payment:coins":null,"internet_access:fee":null,"building:colour":null,"brand:wikipedia":null,"surface":null,"supervised":null,"fee":null,"access":null,"takeaway":null,"outdoor_seating":null,"loc_name":null,"diet:vegetarian":null,"diet:vegan":null,"golf":null,"location":null,"addr:country":null,"email":null,"short_name":null,"official_name":null,"government":null,"man_made":null,"content":null,"operator:type":null,"healthcare":null,"contact:phone":null,"addr:state":null,"addr:full":null,"toilets:access":null,"toilets":null,"payment:cash":null,"changing_table":null,"roof:shape":null,"building:use":null,"sport":null,"building:levels:underground":null,"addr:subdistrict":null,"addr:place":null,"addr:district":null,"addr:housename":null,"religion":null,"check_date":null,"branch":null,"brand:wikidata":null,"brand":null,"name:en":null,"opening_hours":null,"fast_food":null,"drive_through":null,"cuisine":null,"parking":null,"not:brand:wikidata":null,"wikipedia":null,"wikidata":null,"office":null,"level":null,"name:ml":null,"name:fa":null,"description":null,"layer":null,"addr:housenumber":null,"height":null,"shop":null,"nohousenumber":null,"website":null,"phone":null,"addr:postcode":null,"amenity":null,"addr:street":null,"addr:city":null,"tourism":null,"smoking":null,"rooms":null,"operator":null,"internet_access:ssid":null,"internet_access":null,"name:te":null,"alt_name":null,"wheelchair":null,"type":null,"name":null,"building:levels":null},"geometry":{"type":"MultiPolygon","coordinates":[[[[222277.697637218865566,1930967.572962635196745],[222301.418151865655091,1930966.406519883545116],[222300.359457920596469,1930944.980624418240041],[222276.638917923846748,1930946.147064909338951],[222277.697637218865566,1930967.572962635196745]]]]}},
{"type":"Feature","properties":{"fid":1857,"full_id":"w356178190","osm_id":"356178190","osm_type":"way","building":"yes","community_centre":null,"levels":null,"diet:lactose_free":null,"diet:dairy":null,"diet:non-vegetarian":null,"image":null,"substation":null,"power":null,"building:apartments":null,"toilets:position":null,"toilets:handwashing":null,"lit":null,"fitness_centre":null,"atm":null,"grades":null,"shelter_type":null,"addr:suburb":null,"compressed_air":null,"check_date:compressed_air":null,"toilets:disposal":null,"male":null,"female":null,"residential":null,"landuse":null,"diplomatic":null,"building:flats":null,"public_transport":null,"bus":null,"material":null,"subway":null,"station":null,"network":null,"construction":null,"leisure":null,"microbrewery":null,"brewery":null,"bar":null,"air_conditioning":null,"guest_house":null,"roof:colour":null,"building:material":null,"payment:notes":null,"payment:coins":null,"internet_access:fee":null,"building:colour":null,"brand:wikipedia":null,"surface":null,"supervised":null,"fee":null,"access":null,"takeaway":null,"outdoor_seating":null,"loc_name":null,"diet:vegetarian":null,"diet:vegan":null,"golf":null,"location":null,"addr:country":null,"email":null,"short_name":null,"official_name":null,"government":null,"man_made":null,"content":null,"operator:type":null,"healthcare":null,"contact:phone":null,"addr:state":null,"addr:full":null,"toilets:access":null,"toilets":null,"payment:cash":null,"changing_table":null,"roof:shape":null,"building:use":null,"sport":null,"building:levels:underground":null,"addr:subdistrict":null,"addr:place":null,"addr:district":null,"addr:housename":null,"religion":null,"check_date":null,"branch":null,"brand:wikidata":null,"brand":null,"name:en":null,"opening_hours":null,"fast_food":null,"drive_through":null,"cuisine":null,"parking":null,"not:brand:wikidata":null,"wikipedia":null,"wikidata":null,"office":null,"level":null,"name:ml":null,"name:fa":null,"description":null,"layer":null,"addr:housenumber":null,"height":null,"shop":null,"nohousenumber":null,"website":null,"phone":null,"addr:postcode":null,"amenity":null,"addr:street":null,"addr:city":null,"tourism":null,"smoking":null,"rooms":null,"operator":null,"internet_access:ssid":null,"internet_access":null,"name:te":null,"alt_name":null,"wheelchair":null,"type":null,"name":null,"building:levels":null},"geometry":{"type":"MultiPolygon","coordinates":[[[[222328.137490747903939,1931115.182093275943771],[222345.938853633764666,1931116.477750460151583],[222346.745288092060946,1931105.50287654879503],[222328.944067457225174,1931104.218289845390245],[222328.137490747903939,1931115.182093275943771]]]]}},
{"type":"Feature","properties":{"fid":1861,"full_id":"w356178199","osm_id":"356178199","osm_type":"way","building":"yes","community_centre":null,"levels":null,"diet:lactose_free":null,"diet:dairy":null,"diet:non-vegetarian":null,"image":null,"substation":null,"power":null,"building:apartments":null,"toilets:position":null,"toilets:handwashing":null,"lit":null,"fitness_centre":null,"atm":null,"grades":null,"shelter_type":null,"addr:suburb":null,"compressed_air":null,"check_date:compressed_air":null,"toilets:disposal":null,"male":null,"female":null,"residential":null,"landuse":null,"diplomatic":null,"building:flats":null,"public_transport":null,"bus":null,"material":null,"subway":null,"station":null,"network":null,"construction":null,"leisure":null,"microbrewery":null,"brewery":null,"bar":null,"air_conditioning":null,"guest_house":null,"roof:colour":null,"building:material":null,"payment:notes":null,"payment:coins":null,"internet_access:fee":null,"building:colour":null,"brand:wikipedia":null,"surface":null,"supervised":null,"fee":null,"access":null,"takeaway":null,"outdoor_seating":null,"loc_name":null,"diet:vegetarian":null,"diet:vegan":null,"golf":null,"location":null,"addr:country":null,"email":null,"short_name":null,"official_name":null,"government":null,"man_made":null,"content":null,"operator:type":null,"healthcare":null,"contact:phone":null,"addr:state":null,"addr:full":null,"toilets:access":null,"toilets":null,"payment:cash":null,"changing_table":null,"roof:shape":null,"building:use":null,"sport":null,"building:levels:underground":null,"addr:subdistrict":null,"addr:place":null,"addr:district":null,"addr:housename":null,"religion":null,"check_date":null,"branch":null,"brand:wikidata":null,"brand":null,"name:en":null,"opening_hours":null,"fast_food":null,"drive_through":null,"cuisine":null,"parking":null,"not:brand:wikidata":null,"wikipedia":null,"wikidata":null,"office":null,"level":null,"name:ml":null,"name:fa":null,"description":null,"layer":null,"addr:housenumber":null,"height":null,"shop":null,"nohousenumber":null,"website":null,"phone":null,"addr:postcode":null,"amenity":null,"addr:street":null,"addr:city":null,"tourism":null,"smoking":null,"rooms":null,"operator":null,"internet_access:ssid":null,"internet_access":null,"name:te":null,"alt_name":null,"wheelchair":null,"type":null,"name":null,"building:levels":null},"geometry":{"type":"MultiPolygon","coordinates":[[[[222316.368679776845966,1930903.874098774977028],[222327.014351313526276,1930903.473647904582322],[222326.157792000914924,1930881.280843082815409],[222315.51210871222429,1930881.681292778579518],[222316.368679776845966,1930903.874098774977028]]]]}},
{"type":"Feature","properties":{"fid":1869,"full_id":"w356178223","osm_id":"356178223","osm_type":"way","building":"yes","community_centre":null,"levels":null,"diet:lactose_free":null,"diet:dairy":null,"diet:non-vegetarian":null,"image":null,"substation":null,"power":null,"building:apartments":null,"toilets:position":null,"toilets:handwashing":null,"lit":null,"fitness_centre":null,"atm":null,"grades":null,"shelter_type":null,"addr:suburb":null,"compressed_air":null,"check_date:compressed_air":null,"toilets:disposal":null,"male":null,"female":null,"residential":null,"landuse":null,"diplomatic":null,"building:flats":null,"public_transport":null,"bus":null,"material":null,"subway":null,"station":null,"network":null,"construction":null,"leisure":null,"microbrewery":null,"brewery":null,"bar":null,"air_conditioning":null,"guest_house":null,"roof:colour":null,"building:material":null,"payment:notes":null,"payment:coins":null,"internet_access:fee":null,"building:colour":null,"brand:wikipedia":null,"surface":null,"supervised":null,"fee":null,"access":null,"takeaway":null,"outdoor_seating":null,"loc_name":null,"diet:vegetarian":null,"diet:vegan":null,"golf":null,"location":null,"addr:country":null,"email":null,"short_name":null,"official_name":null,"government":null,"man_made":null,"content":null,"operator:type":null,"healthcare":null,"contact:phone":null,"addr:state":null,"addr:full":null,"toilets:access":null,"toilets":null,"payment:cash":null,"changing_table":null,"roof:shape":null,"building:use":null,"sport":null,"building:levels:underground":null,"addr:subdistrict":null,"addr:place":null,"addr:district":null,"addr:housename":null,"religion":null,"check_date":null,"branch":null,"brand:wikidata":null,"brand":null,"name:en":null,"opening_hours":null,"fast_food":null,"drive_through":null,"cuisine":null,"parking":null,"not:brand:wikidata":null,"wikipedia":null,"wikidata":null,"office":null,"level":null,"name:ml":null,"name:fa":null,"description":null,"layer":null,"addr:housenumber":null,"height":null,"shop":null,"nohousenumber":null,"website":null,"phone":null,"addr:postcode":null,"amenity":null,"addr:street":null,"addr:city":null,"tourism":null,"smoking":null,"rooms":null,"operator":null,"internet_access:ssid":null,"internet_access":null,"name:te":null,"alt_name":null,"wheelchair":null,"type":null,"name":null,"building:levels":null},"geometry":{"type":"MultiPolygon","coordinates":[[[[222424.197542138805147,1930962.854301372775808],[222424.282659073767718,1930970.627485744887963],[222441.649338085320778,1930970.445201195543632],[222441.564227815659251,1930962.672017676522955],[222424.197542138805147,1930962.854301372775808]]]]}},
{"type":"Feature","properties":{"fid":1870,"full_id":"w356178225","osm_id":"356178225","osm_type":"way","building":"yes","community_centre":null,"levels":null,"diet:lactose_free":null,"diet:dairy":null,"diet:non-vegetarian":null,"image":null,"substation":null,"power":null,"building:apartments":null,"toilets:position":null,"toilets:handwashing":null,"lit":null,"fitness_centre":null,"atm":null,"grades":null,"shelter_type":null,"addr:suburb":null,"compressed_air":null,"check_date:compressed_air":null,"toilets:disposal":null,"male":null,"female":null,"residential":null,"landuse":null,"diplomatic":null,"building:flats":null,"public_transport":null,"bus":null,"material":null,"subway":null,"station":null,"network":null,"construction":null,"leisure":null,"microbrewery":null,"brewery":null,"bar":null,"air_conditioning":null,"guest_house":null,"roof:colour":null,"building:material":null,"payment:notes":null,"payment:coins":null,"internet_access:fee":null,"building:colour":null,"brand:wikipedia":null,"surface":null,"supervised":null,"fee":null,"access":null,"takeaway":null,"outdoor_seating":null,"loc_name":null,"diet:vegetarian":null,"diet:vegan":null,"golf":null,"location":null,"addr:country":null,"email":null,"short_name":null,"official_name":null,"government":null,"man_made":null,"content":null,"operator:type":null,"healthcare":null,"contact:phone":null,"addr:state":null,"addr:full":null,"toilets:access":null,"toilets":null,"payment:cash":null,"changing_table":null,"roof:shape":null,"building:use":null,"sport":null,"building:levels:underground":null,"addr:subdistrict":null,"addr:place":null,"addr:district":null,"addr:housename":null,"religion":null,"check_date":null,"branch":null,"brand:wikidata":null,"brand":null,"name:en":null,"opening_hours":null,"fast_food":null,"drive_through":null,"cuisine":null,"parking":null,"not:brand:wikidata":null,"wikipedia":null,"wikidata":null,"office":null,"level":null,"name:ml":null,"name:fa":null,"description":null,"layer":null,"addr:housenumber":null,"height":null,"shop":null,"nohousenumber":null,"website":null,"phone":null,"addr:postcode":null,"amenity":null,"addr:street":null,"addr:city":null,"tourism":null,"smoking":null,"rooms":null,"operator":null,"internet_access:ssid":null,"internet_access":null,"name:te":null,"alt_name":null,"wheelchair":null,"type":null,"name":null,"building:levels":null},"geometry":{"type":"MultiPolygon","coordinates":[[[[222372.361116914311424,1931016.832462857244536],[222390.515889743168373,1931016.761161459377035],[222390.487572212994564,1931007.702546829590574],[222372.322163436445408,1931007.773992598289624],[222372.361116914311424,1931016.832462857244536]]]]}},
{"type":"Feature","properties":{"fid":1873,"full_id":"w356178239","osm_id":"356178239","osm_type":"way","building":"yes","community_centre":null,"levels":null,"diet:lactose_free":null,"diet:dairy":null,"diet:non-vegetarian":null,"image":null,"substation":null,"power":null,"building:apartments":null,"toilets:position":null,"toilets:handwashing":null,"lit":null,"fitness_centre":null,"atm":null,"grades":null,"shelter_type":null,"addr:suburb":null,"compressed_air":null,"check_date:compressed_air":null,"toilets:disposal":null,"male":null,"female":null,"residential":null,"landuse":null,"diplomatic":null,"building:flats":null,"public_transport":null,"bus":null,"material":null,"subway":null,"station":null,"network":null,"construction":null,"leisure":null,"microbrewery":null,"brewery":null,"bar":null,"air_conditioning":null,"guest_house":null,"roof:colour":null,"building:material":null,"payment:notes":null,"payment:coins":null,"internet_access:fee":null,"building:colour":null,"brand:wikipedia":null,"surface":null,"supervised":null,"fee":null,"access":null,"takeaway":null,"outdoor_seating":null,"loc_name":null,"diet:vegetarian":null,"diet:vegan":null,"golf":null,"location":null,"addr:country":null,"email":null,"short_name":null,"official_name":null,"government":null,"man_made":null,"content":null,"operator:type":null,"healthcare":null,"contact:phone":null,"addr:state":null,"addr:full":null,"toilets:access":null,"toilets":null,"payment:cash":null,"changing_table":null,"roof:shape":null,"building:use":null,"sport":null,"building:levels:underground":null,"addr:subdistrict":null,"addr:place":null,"addr:district":null,"addr:housename":null,"religion":null,"check_date":null,"branch":null,"brand:wikidata":null,"brand":null,"name:en":null,"opening_hours":null,"fast_food":null,"drive_through":null,"cuisine":null,"parking":null,"not:brand:wikidata":null,"wikipedia":null,"wikidata":null,"office":null,"level":null,"name:ml":null,"name:fa":null,"description":null,"layer":null,"addr:housenumber":null,"height":null,"shop":null,"nohousenumber":null,"website":null,"phone":null,"addr:postcode":null,"amenity":null,"addr:street":null,"addr:city":null,"tourism":null,"smoking":null,"rooms":null,"operator":null,"internet_access:ssid":null,"internet_access":null,"name:te":null,"alt_name":null,"wheelchair":null,"type":null,"name":null,"building:levels":null},"geometry":{"type":"MultiPolygon","coordinates":[[[[222333.226441904495005,1931090.914462782908231],[222331.894584467168897,1931100.002778167603537],[222357.520542013458908,1931103.705254612490535],[222358.841782339615747,1931094.617087927646935],[222333.226441904495005,1931090.914462782908231]]]]}},
{"type":"Feature","properties":{"fid":1875,"full_id":"w356178245","osm_id":"356178245","osm_type":"way","building":"yes","community_centre":null,"levels":null,"diet:lactose_free":null,"diet:dairy":null,"diet:non-vegetarian":null,"image":null,"substation":null,"power":null,"building:apartments":null,"toilets:position":null,"toilets:handwashing":null,"lit":null,"fitness_centre":null,"atm":null,"grades":null,"shelter_type":null,"addr:suburb":null,"compressed_air":null,"check_date:compressed_air":null,"toilets:disposal":null,"male":null,"female":null,"residential":null,"landuse":null,"diplomatic":null,"building:flats":null,"public_transport":null,"bus":null,"material":null,"subway":null,"station":null,"network":null,"construction":null,"leisure":null,"microbrewery":null,"brewery":null,"bar":null,"air_conditioning":null,"guest_house":null,"roof:colour":null,"building:material":null,"payment:notes":null,"payment:coins":null,"internet_access:fee":null,"building:colour":null,"brand:wikipedia":null,"surface":null,"supervised":null,"fee":null,"access":null,"takeaway":null,"outdoor_seating":null,"loc_name":null,"diet:vegetarian":null,"diet:vegan":null,"golf":null,"location":null,"addr:country":null,"email":null,"short_name":null,"official_name":null,"government":null,"man_made":null,"content":null,"operator:type":null,"healthcare":null,"contact:phone":null,"addr:state":null,"addr:full":null,"toilets:access":null,"toilets":null,"payment:cash":null,"changing_table":null,"roof:shape":null,"building:use":null,"sport":null,"building:levels:underground":null,"addr:subdistrict":null,"addr:place":null,"addr:district":null,"addr:housename":null,"religion":null,"check_date":null,"branch":null,"brand:wikidata":null,"brand":null,"name:en":null,"opening_hours":null,"fast_food":null,"drive_through":null,"cuisine":null,"parking":null,"not:brand:wikidata":null,"wikipedia":null,"wikidata":null,"office":null,"level":null,"name:ml":null,"name:fa":null,"description":null,"layer":null,"addr:housenumber":null,"height":null,"shop":null,"nohousenumber":null,"website":null,"phone":null,"addr:postcode":null,"amenity":null,"addr:street":null,"addr:city":null,"tourism":null,"smoking":null,"rooms":null,"operator":null,"internet_access:ssid":null,"internet_access":null,"name:te":null,"alt_name":null,"wheelchair":null,"type":null,"name":null,"building:levels":"4"},"geometry":{"type":"MultiPolygon","coordinates":[[[[222299.414178201404866,1930804.501433086581528],[222299.920693681575358,1930817.429608495905995],[222323.198494686163031,1930816.523994389921427],[222322.691994179971516,1930803.595820469316095],[222299.414178201404866,1930804.501433086581528]]]]}},
{"type":"Feature","properties":{"fid":1877,"full_id":"w356178250","osm_id":"356178250","osm_type":"way","building":"yes","community_centre":null,"levels":null,"diet:lactose_free":null,"diet:dairy":null,"diet:non-vegetarian":null,"image":null,"substation":null,"power":null,"building:apartments":null,"toilets:position":null,"toilets:handwashing":null,"lit":null,"fitness_centre":null,"atm":null,"grades":null,"shelter_type":null,"addr:suburb":null,"compressed_air":null,"check_date:compressed_air":null,"toilets:disposal":null,"male":null,"female":null,"residential":null,"landuse":null,"diplomatic":null,"building:flats":null,"public_transport":null,"bus":null,"material":null,"subway":null,"station":null,"network":null,"construction":null,"leisure":null,"microbrewery":null,"brewery":null,"bar":null,"air_conditioning":null,"guest_house":null,"roof:colour":null,"building:material":null,"payment:notes":null,"payment:coins":null,"internet_access:fee":null,"building:colour":null,"brand:wikipedia":null,"surface":null,"supervised":null,"fee":null,"access":null,"takeaway":null,"outdoor_seating":null,"loc_name":null,"diet:vegetarian":null,"diet:vegan":null,"golf":null,"location":null,"addr:country":null,"email":null,"short_name":null,"official_name":null,"government":null,"man_made":null,"content":null,"operator:type":null,"healthcare":null,"contact:phone":null,"addr:state":null,"addr:full":null,"toilets:access":null,"toilets":null,"payment:cash":null,"changing_table":null,"roof:shape":null,"building:use":null,"sport":null,"building:levels:underground":null,"addr:subdistrict":null,"addr:place":null,"addr:district":null,"addr:housename":null,"religion":null,"check_date":null,"branch":null,"brand:wikidata":null,"brand":null,"name:en":null,"opening_hours":null,"fast_food":null,"drive_through":null,"cuisine":null,"parking":null,"not:brand:wikidata":null,"wikipedia":null,"wikidata":null,"office":null,"level":null,"name:ml":null,"name:fa":null,"description":null,"layer":null,"addr:housenumber":null,"height":null,"shop":null,"nohousenumber":null,"website":null,"phone":null,"addr:postcode":null,"amenity":null,"addr:street":null,"addr:city":null,"tourism":null,"smoking":null,"rooms":null,"operator":null,"internet_access:ssid":null,"internet_access":null,"name:te":null,"alt_name":null,"wheelchair":null,"type":null,"name":null,"building:levels":"4"},"geometry":{"type":"MultiPolygon","coordinates":[[[[222395.313846532430034,1930741.31516094179824],[222381.134906489984132,1930758.508670989889652],[222392.637152390845586,1930767.875390568980947],[222406.816093076835386,1930750.681888851104304],[222395.313846532430034,1930741.31516094179824]]]]}},
{"type":"Feature","properties":{"fid":1880,"full_id":"w356178269","osm_id":"356178269","osm_type":"way","building":"yes","community_centre":null,"levels":null,"diet:lactose_free":null,"diet:dairy":null,"diet:non-vegetarian":null,"image":null,"substation":null,"power":null,"building:apartments":null,"toilets:position":null,"toilets:handwashing":null,"lit":null,"fitness_centre":null,"atm":null,"grades":null,"shelter_type":null,"addr:suburb":null,"compressed_air":null,"check_date:compressed_air":null,"toilets:disposal":null,"male":null,"female":null,"residential":null,"landuse":null,"diplomatic":null,"building:flats":null,"public_transport":null,"bus":null,"material":null,"subway":null,"station":null,"network":null,"construction":null,"leisure":null,"microbrewery":null,"brewery":null,"bar":null,"air_conditioning":null,"guest_house":null,"roof:colour":null,"building:material":null,"payment:notes":null,"payment:coins":null,"internet_access:fee":null,"building:colour":null,"brand:wikipedia":null,"surface":null,"supervised":null,"fee":null,"access":null,"takeaway":null,"outdoor_seating":null,"loc_name":null,"diet:vegetarian":null,"diet:vegan":null,"golf":null,"location":null,"addr:country":null,"email":null,"short_name":null,"official_name":null,"government":null,"man_made":null,"content":null,"operator:type":null,"healthcare":null,"contact:phone":null,"addr:state":null,"addr:full":null,"toilets:access":null,"toilets":null,"payment:cash":null,"changing_table":null,"roof:shape":null,"building:use":null,"sport":null,"building:levels:underground":null,"addr:subdistrict":null,"addr:place":null,"addr:district":null,"addr:housename":null,"religion":null,"check_date":null,"branch":null,"brand:wikidata":null,"brand":null,"name:en":null,"opening_hours":null,"fast_food":null,"drive_through":null,"cuisine":null,"parking":null,"not:brand:wikidata":null,"wikipedia":null,"wikidata":null,"office":null,"level":null,"name:ml":null,"name:fa":null,"description":null,"layer":null,"addr:housenumber":null,"height":null,"shop":null,"nohousenumber":null,"website":null,"phone":null,"addr:postcode":null,"amenity":null,"addr:street":null,"addr:city":null,"tourism":null,"smoking":null,"rooms":null,"operator":null,"internet_access:ssid":null,"internet_access":null,"name:te":null,"alt_name":null,"wheelchair":null,"type":null,"name":null,"building:levels":null},"geometry":{"type":"MultiPolygon","coordinates":[[[[222409.989855253254063,1931064.92373842629604],[222410.166530963848345,1931084.822329641086981],[222426.778691679413896,1931084.661418861243874],[222426.602183822367806,1931064.773902267450467],[222409.989855253254063,1931064.92373842629604]]]]}},
{"type":"Feature","properties":{"fid":1885,"full_id":"w356178283","osm_id":"356178283","osm_type":"way","building":"yes","community_centre":null,"levels":null,"diet:lactose_free":null,"diet:dairy":null,"diet:non-vegetarian":null,"image":null,"substation":null,"power":null,"building:apartments":null,"toilets:position":null,"toilets:handwashing":null,"lit":null,"fitness_centre":null,"atm":null,"grades":null,"shelter_type":null,"addr:suburb":null,"compressed_air":null,"check_date:compressed_air":null,"toilets:disposal":null,"male":null,"female":null,"residential":null,"landuse":null,"diplomatic":null,"building:flats":null,"public_transport":null,"bus":null,"material":null,"subway":null,"station":null,"network":null,"construction":null,"leisure":null,"microbrewery":null,"brewery":null,"bar":null,"air_conditioning":null,"guest_house":null,"roof:colour":null,"building:material":null,"payment:notes":null,"payment:coins":null,"internet_access:fee":null,"building:colour":null,"brand:wikipedia":null,"surface":null,"supervised":null,"fee":null,"access":null,"takeaway":null,"outdoor_seating":null,"loc_name":null,"diet:vegetarian":null,"diet:vegan":null,"golf":null,"location":null,"addr:country":null,"email":null,"short_name":null,"official_name":null,"government":null,"man_made":null,"content":null,"operator:type":null,"healthcare":null,"contact:phone":null,"addr:state":null,"addr:full":null,"toilets:access":null,"toilets":null,"payment:cash":null,"changing_table":null,"roof:shape":null,"building:use":null,"sport":null,"building:levels:underground":null,"addr:subdistrict":null,"addr:place":null,"addr:district":null,"addr:housename":null,"religion":null,"check_date":null,"branch":null,"brand:wikidata":null,"brand":null,"name:en":null,"opening_hours":null,"fast_food":null,"drive_through":null,"cuisine":null,"parking":null,"not:brand:wikidata":null,"wikipedia":null,"wikidata":null,"office":null,"level":null,"name:ml":null,"name:fa":null,"description":null,"layer":null,"addr:housenumber":null,"height":null,"shop":null,"nohousenumber":null,"website":null,"phone":null,"addr:postcode":null,"amenity":null,"addr:street":null,"addr:city":null,"tourism":null,"smoking":null,"rooms":null,"operator":null,"internet_access:ssid":null,"internet_access":null,"name:te":null,"alt_name":null,"wheelchair":null,"type":null,"name":null,"building:levels":null},"geometry":{"type":"MultiPolygon","coordinates":[[[[222359.970130308298394,1931095.509757128311321],[222359.870747644919902,1931106.109489104710519],[222373.701901347667444,1931106.24131776811555],[222373.801139636256266,1931095.630514359800145],[222359.970130308298394,1931095.509757128311321]]]]}},
{"type":"Feature","properties":{"fid":1886,"full_id":"w356178286","osm_id":"356178286","osm_type":"way","building":"yes","community_centre":null,"levels":null,"diet:lactose_free":null,"diet:dairy":null,"diet:non-vegetarian":null,"image":null,"substation":null,"power":null,"building:apartments":null,"toilets:position":null,"toilets:handwashing":null,"lit":null,"fitness_centre":null,"atm":null,"grades":null,"shelter_type":null,"addr:suburb":null,"compressed_air":null,"check_date:compressed_air":null,"toilets:disposal":null,"male":null,"female":null,"residential":null,"landuse":null,"diplomatic":null,"building:flats":null,"public_transport":null,"bus":null,"material":null,"subway":null,"station":null,"network":null,"construction":null,"leisure":null,"microbrewery":null,"brewery":null,"bar":null,"air_conditioning":null,"guest_house":null,"roof:colour":null,"building:material":null,"payment:notes":null,"payment:coins":null,"internet_access:fee":null,"building:colour":null,"brand:wikipedia":null,"surface":null,"supervised":null,"fee":null,"access":null,"takeaway":null,"outdoor_seating":null,"loc_name":null,"diet:vegetarian":null,"diet:vegan":null,"golf":null,"location":null,"addr:country":null,"email":null,"short_name":null,"official_name":null,"government":null,"man_made":null,"content":null,"operator:type":null,"healthcare":null,"contact:phone":null,"addr:state":null,"addr:full":null,"toilets:access":null,"toilets":null,"payment:cash":null,"changing_table":null,"roof:shape":null,"building:use":null,"sport":null,"building:levels:underground":null,"addr:subdistrict":null,"addr:place":null,"addr:district":null,"addr:housename":null,"religion":null,"check_date":null,"branch":null,"brand:wikidata":null,"brand":null,"name:en":null,"opening_hours":null,"fast_food":null,"drive_through":null,"cuisine":null,"parking":null,"not:brand:wikidata":null,"wikipedia":null,"wikidata":null,"office":null,"level":null,"name:ml":null,"name:fa":null,"description":null,"layer":null,"addr:housenumber":null,"height":null,"shop":null,"nohousenumber":null,"website":null,"phone":null,"addr:postcode":null,"amenity":null,"addr:street":null,"addr:city":null,"tourism":null,"smoking":null,"rooms":null,"operator":null,"internet_access:ssid":null,"internet_access":null,"name:te":null,"alt_name":null,"wheelchair":null,"type":null,"name":null,"building:levels":null},"geometry":{"type":"MultiPolygon","coordinates":[[[[222371.399671954277437,1930969.889419993152842],[222392.688342357520014,1930969.675560168456286],[222392.614750507462304,1930961.968663793290034],[222371.325920444680378,1930962.171450068475679],[222371.399671954277437,1930969.889419993152842]]]]}},
{"type":"Feature","properties":{"fid":1888,"full_id":"w356178294","osm_id":"356178294","osm_type":"way","building":"yes","community_centre":null,"levels":null,"diet:lactose_free":null,"diet:dairy":null,"diet:non-vegetarian":null,"image":null,"substation":null,"power":null,"building:apartments":null,"toilets:position":null,"toilets:handwashing":null,"lit":null,"fitness_centre":null,"atm":null,"grades":null,"shelter_type":null,"addr:suburb":null,"compressed_air":null,"check_date:compressed_air":null,"toilets:disposal":null,"male":null,"female":null,"residential":null,"landuse":null,"diplomatic":null,"building:flats":null,"public_transport":null,"bus":null,"material":null,"subway":null,"station":null,"network":null,"construction":null,"leisure":null,"microbrewery":null,"brewery":null,"bar":null,"air_conditioning":null,"guest_house":null,"roof:colour":null,"building:material":null,"payment:notes":null,"payment:coins":null,"internet_access:fee":null,"building:colour":null,"brand:wikipedia":null,"surface":null,"supervised":null,"fee":null,"access":null,"takeaway":null,"outdoor_seating":null,"loc_name":null,"diet:vegetarian":null,"diet:vegan":null,"golf":null,"location":null,"addr:country":null,"email":null,"short_name":null,"official_name":null,"government":null,"man_made":null,"content":null,"operator:type":null,"healthcare":null,"contact:phone":null,"addr:state":null,"addr:full":null,"toilets:access":null,"toilets":null,"payment:cash":null,"changing_table":null,"roof:shape":null,"building:use":null,"sport":null,"building:levels:underground":null,"addr:subdistrict":null,"addr:place":null,"addr:district":null,"addr:housename":null,"religion":null,"check_date":null,"branch":null,"brand:wikidata":null,"brand":null,"name:en":null,"opening_hours":null,"fast_food":null,"drive_through":null,"cuisine":null,"parking":null,"not:brand:wikidata":null,"wikipedia":null,"wikidata":null,"office":null,"level":null,"name:ml":null,"name:fa":null,"description":null,"layer":null,"addr:housenumber":null,"height":null,"shop":null,"nohousenumber":null,"website":null,"phone":null,"addr:postcode":null,"amenity":null,"addr:street":null,"addr:city":null,"tourism":null,"smoking":null,"rooms":null,"operator":null,"internet_access:ssid":null,"internet_access":null,"name:te":null,"alt_name":null,"wheelchair":null,"type":null,"name":null,"building:levels":null},"geometry":{"type":"MultiPolygon","coordinates":[[[[222422.255885346909054,1931012.051972429733723],[222430.057778863585554,1931012.022722978843376],[222430.003609882609453,1930999.520273097790778],[222422.201711555942893,1930999.549521900946274],[222422.255885346909054,1931012.051972429733723]]]]}},
{"type":"Feature","properties":{"fid":1890,"full_id":"w356178303","osm_id":"356178303","osm_type":"way","building":"yes","community_centre":null,"levels":null,"diet:lactose_free":null,"diet:dairy":null,"diet:non-vegetarian":null,"image":null,"substation":null,"power":null,"building:apartments":null,"toilets:position":null,"toilets:handwashing":null,"lit":null,"fitness_centre":null,"atm":null,"grades":null,"shelter_type":null,"addr:suburb":null,"compressed_air":null,"check_date:compressed_air":null,"toilets:disposal":null,"male":null,"female":null,"residential":null,"landuse":null,"diplomatic":null,"building:flats":null,"public_transport":null,"bus":null,"material":null,"subway":null,"station":null,"network":null,"construction":null,"leisure":null,"microbrewery":null,"brewery":null,"bar":null,"air_conditioning":null,"guest_house":null,"roof:colour":null,"building:material":null,"payment:notes":null,"payment:coins":null,"internet_access:fee":null,"building:colour":null,"brand:wikipedia":null,"surface":null,"supervised":null,"fee":null,"access":null,"takeaway":null,"outdoor_seating":null,"loc_name":null,"diet:vegetarian":null,"diet:vegan":null,"golf":null,"location":null,"addr:country":null,"email":null,"short_name":null,"official_name":null,"government":null,"man_made":null,"content":null,"operator:type":null,"healthcare":null,"contact:phone":null,"addr:state":null,"addr:full":null,"toilets:access":null,"toilets":null,"payment:cash":null,"changing_table":null,"roof:shape":null,"building:use":null,"sport":null,"building:levels:underground":null,"addr:subdistrict":null,"addr:place":null,"addr:district":null,"addr:housename":null,"religion":null,"check_date":null,"branch":null,"brand:wikidata":null,"brand":null,"name:en":null,"opening_hours":null,"fast_food":null,"drive_through":null,"cuisine":null,"parking":null,"not:brand:wikidata":null,"wikipedia":null,"wikidata":null,"office":null,"level":null,"name:ml":null,"name:fa":null,"description":null,"layer":null,"addr:housenumber":null,"height":null,"shop":null,"nohousenumber":null,"website":null,"phone":null,"addr:postcode":null,"amenity":null,"addr:street":null,"addr:city":null,"tourism":null,"smoking":null,"rooms":null,"operator":null,"internet_access:ssid":null,"internet_access":null,"name:te":null,"alt_name":null,"wheelchair":null,"type":null,"name":null,"building:levels":"5"},"geometry":{"type":"MultiPolygon","coordinates":[[[[222360.49972125160275,1930725.711333536542952],[222352.134629234904423,1930735.859388110227883],[222371.387569382612128,1930751.543270146707073],[222379.752813570259605,1930741.406296297209337],[222360.49972125160275,1930725.711333536542952]]]]}},
{"type":"Feature","properties":{"fid":1891,"full_id":"w356178305","osm_id":"356178305","osm_type":"way","building":"yes","community_centre":null,"levels":null,"diet:lactose_free":null,"diet:dairy":null,"diet:non-vegetarian":null,"image":null,"substation":null,"power":null,"building:apartments":null,"toilets:position":null,"toilets:handwashing":null,"lit":null,"fitness_centre":null,"atm":null,"grades":null,"shelter_type":null,"addr:suburb":null,"compressed_air":null,"check_date:compressed_air":null,"toilets:disposal":null,"male":null,"female":null,"residential":null,"landuse":null,"diplomatic":null,"building:flats":null,"public_transport":null,"bus":null,"material":null,"subway":null,"station":null,"network":null,"construction":null,"leisure":null,"microbrewery":null,"brewery":null,"bar":null,"air_conditioning":null,"guest_house":null,"roof:colour":null,"building:material":null,"payment:notes":null,"payment:coins":null,"internet_access:fee":null,"building:colour":null,"brand:wikipedia":null,"surface":null,"supervised":null,"fee":null,"access":null,"takeaway":null,"outdoor_seating":null,"loc_name":null,"diet:vegetarian":null,"diet:vegan":null,"golf":null,"location":null,"addr:country":null,"email":null,"short_name":null,"official_name":null,"government":null,"man_made":null,"content":null,"operator:type":null,"healthcare":null,"contact:phone":null,"addr:state":null,"addr:full":null,"toilets:access":null,"toilets":null,"payment:cash":null,"changing_table":null,"roof:shape":null,"building:use":null,"sport":null,"building:levels:underground":null,"addr:subdistrict":null,"addr:place":null,"addr:district":null,"addr:housename":null,"religion":null,"check_date":null,"branch":null,"brand:wikidata":null,"brand":null,"name:en":null,"opening_hours":null,"fast_food":null,"drive_through":null,"cuisine":null,"parking":null,"not:brand:wikidata":null,"wikipedia":null,"wikidata":null,"office":null,"level":null,"name:ml":null,"name:fa":null,"description":null,"layer":null,"addr:housenumber":null,"height":null,"shop":null,"nohousenumber":null,"website":null,"phone":null,"addr:postcode":null,"amenity":null,"addr:street":null,"addr:city":null,"tourism":null,"smoking":null,"rooms":null,"operator":null,"internet_access:ssid":null,"internet_access":null,"name:te":null,"alt_name":null,"wheelchair":null,"type":null,"name":null,"building:levels":null},"geometry":{"type":"MultiPolygon","coordinates":[[[[222377.620666880742647,1931067.925013011321425],[222377.869266320078168,1931084.533475052099675],[222383.119249412848148,1931084.450538075063378],[222383.159867603913881,1931087.417968533700332],[222392.82038706674939,1931087.274662961950526],[222392.531183099607006,1931067.698772156843916],[222377.620666880742647,1931067.925013011321425]]]]}},
{"type":"Feature","properties":{"fid":1893,"full_id":"w356178309","osm_id":"356178309","osm_type":"way","building":"yes","community_centre":null,"levels":null,"diet:lactose_free":null,"diet:dairy":null,"diet:non-vegetarian":null,"image":null,"substation":null,"power":null,"building:apartments":null,"toilets:position":null,"toilets:handwashing":null,"lit":null,"fitness_centre":null,"atm":null,"grades":null,"shelter_type":null,"addr:suburb":null,"compressed_air":null,"check_date:compressed_air":null,"toilets:disposal":null,"male":null,"female":null,"residential":null,"landuse":null,"diplomatic":null,"building:flats":null,"public_transport":null,"bus":null,"material":null,"subway":null,"station":null,"network":null,"construction":null,"leisure":null,"microbrewery":null,"brewery":null,"bar":null,"air_conditioning":null,"guest_house":null,"roof:colour":null,"building:material":null,"payment:notes":null,"payment:coins":null,"internet_access:fee":null,"building:colour":null,"brand:wikipedia":null,"surface":null,"supervised":null,"fee":null,"access":null,"takeaway":null,"outdoor_seating":null,"loc_name":null,"diet:vegetarian":null,"diet:vegan":null,"golf":null,"location":null,"addr:country":null,"email":null,"short_name":null,"official_name":null,"government":null,"man_made":null,"content":null,"operator:type":null,"healthcare":null,"contact:phone":null,"addr:state":null,"addr:full":null,"toilets:access":null,"toilets":null,"payment:cash":null,"changing_table":null,"roof:shape":null,"building:use":null,"sport":null,"building:levels:underground":null,"addr:subdistrict":null,"addr:place":null,"addr:district":null,"addr:housename":null,"religion":null,"check_date":null,"branch":null,"brand:wikidata":null,"brand":null,"name:en":null,"opening_hours":null,"fast_food":null,"drive_through":null,"cuisine":null,"parking":null,"not:brand:wikidata":null,"wikipedia":null,"wikidata":null,"office":null,"level":null,"name:ml":null,"name:fa":null,"description":null,"layer":null,"addr:housenumber":null,"height":null,"shop":null,"nohousenumber":null,"website":null,"phone":null,"addr:postcode":null,"amenity":null,"addr:street":null,"addr:city":null,"tourism":null,"smoking":null,"rooms":null,"operator":null,"internet_access:ssid":null,"internet_access":null,"name:te":null,"alt_name":null,"wheelchair":null,"type":null,"name":null,"building:levels":"5"},"geometry":{"type":"MultiPolygon","coordinates":[[[[222356.060782537155319,1930788.941462115617469],[222345.939023121900391,1930801.217737563187256],[222359.150509643368423,1930811.978587435092777],[222369.272269586042967,1930799.702318818308413],[222356.060782537155319,1930788.941462115617469]]]]}},
{"type":"Feature","properties":{"fid":1895,"full_id":"w356178313","osm_id":"356178313","osm_type":"way","building":"yes","community_centre":null,"levels":null,"diet:lactose_free":null,"diet:dairy":null,"diet:non-vegetarian":null,"image":null,"substation":null,"power":null,"building:apartments":null,"toilets:position":null,"toilets:handwashing":null,"lit":null,"fitness_centre":null,"atm":null,"grades":null,"shelter_type":null,"addr:suburb":null,"compressed_air":null,"check_date:compressed_air":null,"toilets:disposal":null,"male":null,"female":null,"residential":null,"landuse":null,"diplomatic":null,"building:flats":null,"public_transport":null,"bus":null,"material":null,"subway":null,"station":null,"network":null,"construction":null,"leisure":null,"microbrewery":null,"brewery":null,"bar":null,"air_conditioning":null,"guest_house":null,"roof:colour":null,"building:material":null,"payment:notes":null,"payment:coins":null,"internet_access:fee":null,"building:colour":null,"brand:wikipedia":null,"surface":null,"supervised":null,"fee":null,"access":null,"takeaway":null,"outdoor_seating":null,"loc_name":null,"diet:vegetarian":null,"diet:vegan":null,"golf":null,"location":null,"addr:country":null,"email":null,"short_name":null,"official_name":null,"government":null,"man_made":null,"content":null,"operator:type":null,"healthcare":null,"contact:phone":null,"addr:state":null,"addr:full":null,"toilets:access":null,"toilets":null,"payment:cash":null,"changing_table":null,"roof:shape":null,"building:use":null,"sport":null,"building:levels:underground":null,"addr:subdistrict":null,"addr:place":null,"addr:district":null,"addr:housename":null,"religion":null,"check_date":null,"branch":null,"brand:wikidata":null,"brand":null,"name:en":null,"opening_hours":null,"fast_food":null,"drive_through":null,"cuisine":null,"parking":null,"not:brand:wikidata":null,"wikipedia":null,"wikidata":null,"office":null,"level":null,"name:ml":null,"name:fa":null,"description":null,"layer":null,"addr:housenumber":null,"height":null,"shop":null,"nohousenumber":null,"website":null,"phone":null,"addr:postcode":null,"amenity":null,"addr:street":null,"addr:city":null,"tourism":null,"smoking":null,"rooms":null,"operator":null,"internet_access:ssid":null,"internet_access":null,"name:te":null,"alt_name":null,"wheelchair":null,"type":null,"name":null,"building:levels":null},"geometry":{"type":"MultiPolygon","coordinates":[[[[222417.770120273926295,1930742.514005140401423],[222411.056958496395964,1930750.64600512618199],[222423.150548214383889,1930760.503004025667906],[222429.853082331421319,1930752.371153610059991],[222417.770120273926295,1930742.514005140401423]]]]}},
{"type":"Feature","properties":{"fid":1897,"full_id":"w356178318","osm_id":"356178318","osm_type":"way","building":"yes","community_centre":null,"levels":null,"diet:lactose_free":null,"diet:dairy":null,"diet:non-vegetarian":null,"image":null,"substation":null,"power":null,"building:apartments":null,"toilets:position":null,"toilets:handwashing":null,"lit":null,"fitness_centre":null,"atm":null,"grades":null,"shelter_type":null,"addr:suburb":null,"compressed_air":null,"check_date:compressed_air":null,"toilets:disposal":null,"male":null,"female":null,"residential":null,"landuse":null,"diplomatic":null,"building:flats":null,"public_transport":null,"bus":null,"material":null,"subway":null,"station":null,"network":null,"construction":null,"leisure":null,"microbrewery":null,"brewery":null,"bar":null,"air_conditioning":null,"guest_house":null,"roof:colour":null,"building:material":null,"payment:notes":null,"payment:coins":null,"internet_access:fee":null,"building:colour":null,"brand:wikipedia":null,"surface":null,"supervised":null,"fee":null,"access":null,"takeaway":null,"outdoor_seating":null,"loc_name":null,"diet:vegetarian":null,"diet:vegan":null,"golf":null,"location":null,"addr:country":null,"email":null,"short_name":null,"official_name":null,"government":null,"man_made":null,"content":null,"operator:type":null,"healthcare":null,"contact:phone":null,"addr:state":null,"addr:full":null,"toilets:access":null,"toilets":null,"payment:cash":null,"changing_table":null,"roof:shape":null,"building:use":null,"sport":null,"building:levels:underground":null,"addr:subdistrict":null,"addr:place":null,"addr:district":null,"addr:housename":null,"religion":null,"check_date":null,"branch":null,"brand:wikidata":null,"brand":null,"name:en":null,"opening_hours":null,"fast_food":null,"drive_through":null,"cuisine":null,"parking":null,"not:brand:wikidata":null,"wikipedia":null,"wikidata":null,"office":null,"level":null,"name:ml":null,"name:fa":null,"description":null,"layer":null,"addr:housenumber":null,"height":null,"shop":null,"nohousenumber":null,"website":null,"phone":null,"addr:postcode":null,"amenity":null,"addr:street":null,"addr:city":null,"tourism":null,"smoking":null,"rooms":null,"operator":null,"internet_access:ssid":null,"internet_access":null,"name:te":null,"alt_name":null,"wheelchair":null,"type":null,"name":null,"building:levels":null},"geometry":{"type":"MultiPolygon","coordinates":[[[[222339.124003058474045,1931054.276535215089098],[222365.900716393720359,1931057.398473449749872],[222367.120120453415439,1931047.082424686523154],[222340.343394218129106,1931043.960483005736023],[222339.124003058474045,1931054.276535215089098]]]]}},
{"type":"Feature","properties":{"fid":1902,"full_id":"w356178335","osm_id":"356178335","osm_type":"way","building":"yes","community_centre":null,"levels":null,"diet:lactose_free":null,"diet:dairy":null,"diet:non-vegetarian":null,"image":null,"substation":null,"power":null,"building:apartments":null,"toilets:position":null,"toilets:handwashing":null,"lit":null,"fitness_centre":null,"atm":null,"grades":null,"shelter_type":null,"addr:suburb":null,"compressed_air":null,"check_date:compressed_air":null,"toilets:disposal":null,"male":null,"female":null,"residential":null,"landuse":null,"diplomatic":null,"building:flats":null,"public_transport":null,"bus":null,"material":null,"subway":null,"station":null,"network":null,"construction":null,"leisure":null,"microbrewery":null,"brewery":null,"bar":null,"air_conditioning":null,"guest_house":null,"roof:colour":null,"building:material":null,"payment:notes":null,"payment:coins":null,"internet_access:fee":null,"building:colour":null,"brand:wikipedia":null,"surface":null,"supervised":null,"fee":null,"access":null,"takeaway":null,"outdoor_seating":null,"loc_name":null,"diet:vegetarian":null,"diet:vegan":null,"golf":null,"location":null,"addr:country":null,"email":null,"short_name":null,"official_name":null,"government":null,"man_made":null,"content":null,"operator:type":null,"healthcare":null,"contact:phone":null,"addr:state":null,"addr:full":null,"toilets:access":null,"toilets":null,"payment:cash":null,"changing_table":null,"roof:shape":null,"building:use":null,"sport":null,"building:levels:underground":null,"addr:subdistrict":null,"addr:place":null,"addr:district":null,"addr:housename":null,"religion":null,"check_date":null,"branch":null,"brand:wikidata":null,"brand":null,"name:en":null,"opening_hours":null,"fast_food":null,"drive_through":null,"cuisine":null,"parking":null,"not:brand:wikidata":null,"wikipedia":null,"wikidata":null,"office":null,"level":null,"name:ml":null,"name:fa":null,"description":null,"layer":null,"addr:housenumber":null,"height":null,"shop":null,"nohousenumber":null,"website":null,"phone":null,"addr:postcode":null,"amenity":null,"addr:street":null,"addr:city":null,"tourism":null,"smoking":null,"rooms":null,"operator":null,"internet_access:ssid":null,"internet_access":null,"name:te":null,"alt_name":null,"wheelchair":null,"type":null,"name":null,"building:levels":null},"geometry":{"type":"MultiPolygon","coordinates":[[[[222383.917560036177747,1930996.773269579745829],[222383.960751035599969,1931006.141769081586972],[222392.485493906482588,1931006.113686254946515],[222392.442155296623241,1930996.734114781720564],[222383.917560036177747,1930996.773269579745829]]]]}},
{"type":"Feature","properties":{"fid":1905,"full_id":"w356178340","osm_id":"356178340","osm_type":"way","building":"yes","community_centre":null,"levels":null,"diet:lactose_free":null,"diet:dairy":null,"diet:non-vegetarian":null,"image":null,"substation":null,"power":null,"building:apartments":null,"toilets:position":null,"toilets:handwashing":null,"lit":null,"fitness_centre":null,"atm":null,"grades":null,"shelter_type":null,"addr:suburb":null,"compressed_air":null,"check_date:compressed_air":null,"toilets:disposal":null,"male":null,"female":null,"residential":null,"landuse":null,"diplomatic":null,"building:flats":null,"public_transport":null,"bus":null,"material":null,"subway":null,"station":null,"network":null,"construction":null,"leisure":null,"microbrewery":null,"brewery":null,"bar":null,"air_conditioning":null,"guest_house":null,"roof:colour":null,"building:material":null,"payment:notes":null,"payment:coins":null,"internet_access:fee":null,"building:colour":null,"brand:wikipedia":null,"surface":null,"supervised":null,"fee":null,"access":null,"takeaway":null,"outdoor_seating":null,"loc_name":null,"diet:vegetarian":null,"diet:vegan":null,"golf":null,"location":null,"addr:country":null,"email":null,"short_name":null,"official_name":null,"government":null,"man_made":null,"content":null,"operator:type":null,"healthcare":null,"contact:phone":null,"addr:state":null,"addr:full":null,"toilets:access":null,"toilets":null,"payment:cash":null,"changing_table":null,"roof:shape":null,"building:use":null,"sport":null,"building:levels:underground":null,"addr:subdistrict":null,"addr:place":null,"addr:district":null,"addr:housename":null,"religion":null,"check_date":null,"branch":null,"brand:wikidata":null,"brand":null,"name:en":null,"opening_hours":null,"fast_food":null,"drive_through":null,"cuisine":null,"parking":null,"not:brand:wikidata":null,"wikipedia":null,"wikidata":null,"office":null,"level":null,"name:ml":null,"name:fa":null,"description":null,"layer":null,"addr:housenumber":null,"height":null,"shop":null,"nohousenumber":null,"website":null,"phone":null,"addr:postcode":null,"amenity":null,"addr:street":null,"addr:city":null,"tourism":null,"smoking":null,"rooms":null,"operator":null,"internet_access:ssid":null,"internet_access":null,"name:te":null,"alt_name":null,"wheelchair":null,"type":null,"name":null,"building:levels":null},"geometry":{"type":"MultiPolygon","coordinates":[[[[222386.200708523159847,1930779.137718880781904],[222398.778010936104693,1930789.386767513817176],[222406.463340446294751,1930780.05647765705362],[222393.886037649237551,1930769.807424086146057],[222386.200708523159847,1930779.137718880781904]]]]}},
{"type":"Feature","properties":{"fid":1909,"full_id":"w356178352","osm_id":"356178352","osm_type":"way","building":"yes","community_centre":null,"levels":null,"diet:lactose_free":null,"diet:dairy":null,"diet:non-vegetarian":null,"image":null,"substation":null,"power":null,"building:apartments":null,"toilets:position":null,"toilets:handwashing":null,"lit":null,"fitness_centre":null,"atm":null,"grades":null,"shelter_type":null,"addr:suburb":null,"compressed_air":null,"check_date:compressed_air":null,"toilets:disposal":null,"male":null,"female":null,"residential":null,"landuse":null,"diplomatic":null,"building:flats":null,"public_transport":null,"bus":null,"material":null,"subway":null,"station":null,"network":null,"construction":null,"leisure":null,"microbrewery":null,"brewery":null,"bar":null,"air_conditioning":null,"guest_house":null,"roof:colour":null,"building:material":null,"payment:notes":null,"payment:coins":null,"internet_access:fee":null,"building:colour":null,"brand:wikipedia":null,"surface":null,"supervised":null,"fee":null,"access":null,"takeaway":null,"outdoor_seating":null,"loc_name":null,"diet:vegetarian":null,"diet:vegan":null,"golf":null,"location":null,"addr:country":null,"email":null,"short_name":null,"official_name":null,"government":null,"man_made":null,"content":null,"operator:type":null,"healthcare":null,"contact:phone":null,"addr:state":null,"addr:full":null,"toilets:access":null,"toilets":null,"payment:cash":null,"changing_table":null,"roof:shape":null,"building:use":null,"sport":null,"building:levels:underground":null,"addr:subdistrict":null,"addr:place":null,"addr:district":null,"addr:housename":null,"religion":null,"check_date":null,"branch":null,"brand:wikidata":null,"brand":null,"name:en":null,"opening_hours":null,"fast_food":null,"drive_through":null,"cuisine":null,"parking":null,"not:brand:wikidata":null,"wikipedia":null,"wikidata":null,"office":null,"level":null,"name:ml":null,"name:fa":null,"description":null,"layer":null,"addr:housenumber":null,"height":null,"shop":null,"nohousenumber":null,"website":null,"phone":null,"addr:postcode":null,"amenity":null,"addr:street":null,"addr:city":null,"tourism":null,"smoking":null,"rooms":null,"operator":null,"internet_access:ssid":null,"internet_access":null,"name:te":null,"alt_name":null,"wheelchair":null,"type":null,"name":null,"building:levels":null},"geometry":{"type":"MultiPolygon","coordinates":[[[[222420.349456502881367,1930998.578159387921914],[222427.026016016374342,1930998.65290693868883],[222427.125684012135025,1930990.400987133383751],[222420.448970263823867,1930990.315166674787179],[222420.349456502881367,1930998.578159387921914]]]]}},
{"type":"Feature","properties":{"fid":1912,"full_id":"w356178361","osm_id":"356178361","osm_type":"way","building":"yes","community_centre":null,"levels":null,"diet:lactose_free":null,"diet:dairy":null,"diet:non-vegetarian":null,"image":null,"substation":null,"power":null,"building:apartments":null,"toilets:position":null,"toilets:handwashing":null,"lit":null,"fitness_centre":null,"atm":null,"grades":null,"shelter_type":null,"addr:suburb":null,"compressed_air":null,"check_date:compressed_air":null,"toilets:disposal":null,"male":null,"female":null,"residential":null,"landuse":null,"diplomatic":null,"building:flats":null,"public_transport":null,"bus":null,"material":null,"subway":null,"station":null,"network":null,"construction":null,"leisure":null,"microbrewery":null,"brewery":null,"bar":null,"air_conditioning":null,"guest_house":null,"roof:colour":null,"building:material":null,"payment:notes":null,"payment:coins":null,"internet_access:fee":null,"building:colour":null,"brand:wikipedia":null,"surface":null,"supervised":null,"fee":null,"access":null,"takeaway":null,"outdoor_seating":null,"loc_name":null,"diet:vegetarian":null,"diet:vegan":null,"golf":null,"location":null,"addr:country":null,"email":null,"short_name":null,"official_name":null,"government":null,"man_made":null,"content":null,"operator:type":null,"healthcare":null,"contact:phone":null,"addr:state":null,"addr:full":null,"toilets:access":null,"toilets":null,"payment:cash":null,"changing_table":null,"roof:shape":null,"building:use":null,"sport":null,"building:levels:underground":null,"addr:subdistrict":null,"addr:place":null,"addr:district":null,"addr:housename":null,"religion":null,"check_date":null,"branch":null,"brand:wikidata":null,"brand":null,"name:en":null,"opening_hours":null,"fast_food":null,"drive_through":null,"cuisine":null,"parking":null,"not:brand:wikidata":null,"wikipedia":null,"wikidata":null,"office":null,"level":null,"name:ml":null,"name:fa":null,"description":null,"layer":null,"addr:housenumber":null,"height":null,"shop":null,"nohousenumber":null,"website":null,"phone":null,"addr:postcode":null,"amenity":null,"addr:street":null,"addr:city":null,"tourism":null,"smoking":null,"rooms":null,"operator":null,"internet_access:ssid":null,"internet_access":null,"name:te":null,"alt_name":null,"wheelchair":null,"type":null,"name":null,"building:levels":"4"},"geometry":{"type":"MultiPolygon","coordinates":[[[[222379.176967998733744,1930717.194086759584025],[222372.19202795624733,1930725.662057051202282],[222383.103088224539533,1930734.549584134249017],[222390.077552102447953,1930726.09283567708917],[222379.176967998733744,1930717.194086759584025]]]]}},
{"type":"Feature","properties":{"fid":1913,"full_id":"w356178363","osm_id":"356178363","osm_type":"way","building":"yes","community_centre":null,"levels":null,"diet:lactose_free":null,"diet:dairy":null,"diet:non-vegetarian":null,"image":null,"substation":null,"power":null,"building:apartments":null,"toilets:position":null,"toilets:handwashing":null,"lit":null,"fitness_centre":null,"atm":null,"grades":null,"shelter_type":null,"addr:suburb":null,"compressed_air":null,"check_date:compressed_air":null,"toilets:disposal":null,"male":null,"female":null,"residential":null,"landuse":null,"diplomatic":null,"building:flats":null,"public_transport":null,"bus":null,"material":null,"subway":null,"station":null,"network":null,"construction":null,"leisure":null,"microbrewery":null,"brewery":null,"bar":null,"air_conditioning":null,"guest_house":null,"roof:colour":null,"building:material":null,"payment:notes":null,"payment:coins":null,"internet_access:fee":null,"building:colour":null,"brand:wikipedia":null,"surface":null,"supervised":null,"fee":null,"access":null,"takeaway":null,"outdoor_seating":null,"loc_name":null,"diet:vegetarian":null,"diet:vegan":null,"golf":null,"location":null,"addr:country":null,"email":null,"short_name":null,"official_name":null,"government":null,"man_made":null,"content":null,"operator:type":null,"healthcare":null,"contact:phone":null,"addr:state":null,"addr:full":null,"toilets:access":null,"toilets":null,"payment:cash":null,"changing_table":null,"roof:shape":null,"building:use":null,"sport":null,"building:levels:underground":null,"addr:subdistrict":null,"addr:place":null,"addr:district":null,"addr:housename":null,"religion":null,"check_date":null,"branch":null,"brand:wikidata":null,"brand":null,"name:en":null,"opening_hours":null,"fast_food":null,"drive_through":null,"cuisine":null,"parking":null,"not:brand:wikidata":null,"wikipedia":null,"wikidata":null,"office":null,"level":null,"name:ml":null,"name:fa":null,"description":null,"layer":null,"addr:housenumber":null,"height":null,"shop":null,"nohousenumber":null,"website":null,"phone":null,"addr:postcode":null,"amenity":null,"addr:street":null,"addr:city":null,"tourism":null,"smoking":null,"rooms":null,"operator":null,"internet_access:ssid":null,"internet_access":null,"name:te":null,"alt_name":null,"wheelchair":null,"type":null,"name":null,"building:levels":null},"geometry":{"type":"MultiPolygon","coordinates":[[[[222412.459355459432118,1931062.841143599245697],[222427.254178247181699,1931062.705108820460737],[222427.081138988898601,1931043.847480443073437],[222412.286302431253716,1931043.983513434883207],[222412.459355459432118,1931062.841143599245697]]]]}},
{"type":"Feature","properties":{"fid":1916,"full_id":"w356178372","osm_id":"356178372","osm_type":"way","building":"yes","community_centre":null,"levels":null,"diet:lactose_free":null,"diet:dairy":null,"diet:non-vegetarian":null,"image":null,"substation":null,"power":null,"building:apartments":null,"toilets:position":null,"toilets:handwashing":null,"lit":null,"fitness_centre":null,"atm":null,"grades":null,"shelter_type":null,"addr:suburb":null,"compressed_air":null,"check_date:compressed_air":null,"toilets:disposal":null,"male":null,"female":null,"residential":null,"landuse":null,"diplomatic":null,"building:flats":null,"public_transport":null,"bus":null,"material":null,"subway":null,"station":null,"network":null,"construction":null,"leisure":null,"microbrewery":null,"brewery":null,"bar":null,"air_conditioning":null,"guest_house":null,"roof:colour":null,"building:material":null,"payment:notes":null,"payment:coins":null,"internet_access:fee":null,"building:colour":null,"brand:wikipedia":null,"surface":null,"supervised":null,"fee":null,"access":null,"takeaway":null,"outdoor_seating":null,"loc_name":null,"diet:vegetarian":null,"diet:vegan":null,"golf":null,"location":null,"addr:country":null,"email":null,"short_name":null,"official_name":null,"government":null,"man_made":null,"content":null,"operator:type":null,"healthcare":null,"contact:phone":null,"addr:state":null,"addr:full":null,"toilets:access":null,"toilets":null,"payment:cash":null,"changing_table":null,"roof:shape":null,"building:use":null,"sport":null,"building:levels:underground":null,"addr:subdistrict":null,"addr:place":null,"addr:district":null,"addr:housename":null,"religion":null,"check_date":null,"branch":null,"brand:wikidata":null,"brand":null,"name:en":null,"opening_hours":null,"fast_food":null,"drive_through":null,"cuisine":null,"parking":null,"not:brand:wikidata":null,"wikipedia":null,"wikidata":null,"office":null,"level":null,"name:ml":null,"name:fa":null,"description":null,"layer":null,"addr:housenumber":null,"height":null,"shop":null,"nohousenumber":null,"website":null,"phone":null,"addr:postcode":null,"amenity":null,"addr:street":null,"addr:city":null,"tourism":null,"smoking":null,"rooms":null,"operator":null,"internet_access:ssid":null,"internet_access":null,"name:te":null,"alt_name":null,"wheelchair":null,"type":null,"name":null,"building:levels":"4"},"geometry":{"type":"MultiPolygon","coordinates":[[[[222352.061386871268041,1930738.274647913640365],[222336.983322784886695,1930756.565808797022328],[222354.183130755729508,1930770.583366858074442],[222369.261195861385204,1930752.292219221591949],[222352.061386871268041,1930738.274647913640365]]]]}},
{"type":"Feature","properties":{"fid":1918,"full_id":"w356178375","osm_id":"356178375","osm_type":"way","building":"yes","community_centre":null,"levels":null,"diet:lactose_free":null,"diet:dairy":null,"diet:non-vegetarian":null,"image":null,"substation":null,"power":null,"building:apartments":null,"toilets:position":null,"toilets:handwashing":null,"lit":null,"fitness_centre":null,"atm":null,"grades":null,"shelter_type":null,"addr:suburb":null,"compressed_air":null,"check_date:compressed_air":null,"toilets:disposal":null,"male":null,"female":null,"residential":null,"landuse":null,"diplomatic":null,"building:flats":null,"public_transport":null,"bus":null,"material":null,"subway":null,"station":null,"network":null,"construction":null,"leisure":null,"microbrewery":null,"brewery":null,"bar":null,"air_conditioning":null,"guest_house":null,"roof:colour":null,"building:material":null,"payment:notes":null,"payment:coins":null,"internet_access:fee":null,"building:colour":null,"brand:wikipedia":null,"surface":null,"supervised":null,"fee":null,"access":null,"takeaway":null,"outdoor_seating":null,"loc_name":null,"diet:vegetarian":null,"diet:vegan":null,"golf":null,"location":null,"addr:country":null,"email":null,"short_name":null,"official_name":null,"government":null,"man_made":null,"content":null,"operator:type":null,"healthcare":null,"contact:phone":null,"addr:state":null,"addr:full":null,"toilets:access":null,"toilets":null,"payment:cash":null,"changing_table":null,"roof:shape":null,"building:use":null,"sport":null,"building:levels:underground":null,"addr:subdistrict":null,"addr:place":null,"addr:district":null,"addr:housename":null,"religion":null,"check_date":null,"branch":null,"brand:wikidata":null,"brand":null,"name:en":null,"opening_hours":null,"fast_food":null,"drive_through":null,"cuisine":null,"parking":null,"not:brand:wikidata":null,"wikipedia":null,"wikidata":null,"office":null,"level":null,"name:ml":null,"name:fa":null,"description":null,"layer":null,"addr:housenumber":null,"height":null,"shop":null,"nohousenumber":null,"website":null,"phone":null,"addr:postcode":null,"amenity":null,"addr:street":null,"addr:city":null,"tourism":null,"smoking":null,"rooms":null,"operator":null,"internet_access:ssid":null,"internet_access":null,"name:te":null,"alt_name":null,"wheelchair":null,"type":null,"name":null,"building:levels":"4"},"geometry":{"type":"MultiPolygon","coordinates":[[[[222410.931768798211124,1930721.300107605056837],[222403.957295358588453,1930729.756847428623587],[222415.298304932948668,1930738.992892002221197],[222422.272778684215154,1930730.536156218964607],[222410.931768798211124,1930721.300107605056837]]]]}},
{"type":"Feature","properties":{"fid":1920,"full_id":"w356178379","osm_id":"356178379","osm_type":"way","building":"yes","community_centre":null,"levels":null,"diet:lactose_free":null,"diet:dairy":null,"diet:non-vegetarian":null,"image":null,"substation":null,"power":null,"building:apartments":null,"toilets:position":null,"toilets:handwashing":null,"lit":null,"fitness_centre":null,"atm":null,"grades":null,"shelter_type":null,"addr:suburb":null,"compressed_air":null,"check_date:compressed_air":null,"toilets:disposal":null,"male":null,"female":null,"residential":null,"landuse":null,"diplomatic":null,"building:flats":null,"public_transport":null,"bus":null,"material":null,"subway":null,"station":null,"network":null,"construction":null,"leisure":null,"microbrewery":null,"brewery":null,"bar":null,"air_conditioning":null,"guest_house":null,"roof:colour":null,"building:material":null,"payment:notes":null,"payment:coins":null,"internet_access:fee":null,"building:colour":null,"brand:wikipedia":null,"surface":null,"supervised":null,"fee":null,"access":null,"takeaway":null,"outdoor_seating":null,"loc_name":null,"diet:vegetarian":null,"diet:vegan":null,"golf":null,"location":null,"addr:country":null,"email":null,"short_name":null,"official_name":null,"government":null,"man_made":null,"content":null,"operator:type":null,"healthcare":null,"contact:phone":null,"addr:state":null,"addr:full":null,"toilets:access":null,"toilets":null,"payment:cash":null,"changing_table":null,"roof:shape":null,"building:use":null,"sport":null,"building:levels:underground":null,"addr:subdistrict":null,"addr:place":null,"addr:district":null,"addr:housename":null,"religion":null,"check_date":null,"branch":null,"brand:wikidata":null,"brand":null,"name:en":null,"opening_hours":null,"fast_food":null,"drive_through":null,"cuisine":null,"parking":null,"not:brand:wikidata":null,"wikipedia":null,"wikidata":null,"office":null,"level":null,"name:ml":null,"name:fa":null,"description":null,"layer":null,"addr:housenumber":null,"height":null,"shop":null,"nohousenumber":null,"website":null,"phone":null,"addr:postcode":null,"amenity":null,"addr:street":null,"addr:city":null,"tourism":null,"smoking":null,"rooms":null,"operator":null,"internet_access:ssid":null,"internet_access":null,"name:te":null,"alt_name":null,"wheelchair":null,"type":null,"name":null,"building:levels":null},"geometry":{"type":"MultiPolygon","coordinates":[[[[222409.983288236253429,1931013.183420863235369],[222418.135900663968641,1931013.149366790894419],[222418.074683971819468,1930997.025627088034526],[222409.922065065649804,1930997.059680284233764],[222409.983288236253429,1931013.183420863235369]]]]}},
{"type":"Feature","properties":{"fid":1922,"full_id":"w356178382","osm_id":"356178382","osm_type":"way","building":"yes","community_centre":null,"levels":null,"diet:lactose_free":null,"diet:dairy":null,"diet:non-vegetarian":null,"image":null,"substation":null,"power":null,"building:apartments":null,"toilets:position":null,"toilets:handwashing":null,"lit":null,"fitness_centre":null,"atm":null,"grades":null,"shelter_type":null,"addr:suburb":null,"compressed_air":null,"check_date:compressed_air":null,"toilets:disposal":null,"male":null,"female":null,"residential":null,"landuse":null,"diplomatic":null,"building:flats":null,"public_transport":null,"bus":null,"material":null,"subway":null,"station":null,"network":null,"construction":null,"leisure":null,"microbrewery":null,"brewery":null,"bar":null,"air_conditioning":null,"guest_house":null,"roof:colour":null,"building:material":null,"payment:notes":null,"payment:coins":null,"internet_access:fee":null,"building:colour":null,"brand:wikipedia":null,"surface":null,"supervised":null,"fee":null,"access":null,"takeaway":null,"outdoor_seating":null,"loc_name":null,"diet:vegetarian":null,"diet:vegan":null,"golf":null,"location":null,"addr:country":null,"email":null,"short_name":null,"official_name":null,"government":null,"man_made":null,"content":null,"operator:type":null,"healthcare":null,"contact:phone":null,"addr:state":null,"addr:full":null,"toilets:access":null,"toilets":null,"payment:cash":null,"changing_table":null,"roof:shape":null,"building:use":null,"sport":null,"building:levels:underground":null,"addr:subdistrict":null,"addr:place":null,"addr:district":null,"addr:housename":null,"religion":null,"check_date":null,"branch":null,"brand:wikidata":null,"brand":null,"name:en":null,"opening_hours":null,"fast_food":null,"drive_through":null,"cuisine":null,"parking":null,"not:brand:wikidata":null,"wikipedia":null,"wikidata":null,"office":null,"level":null,"name:ml":null,"name:fa":null,"description":null,"layer":null,"addr:housenumber":null,"height":null,"shop":null,"nohousenumber":null,"website":null,"phone":null,"addr:postcode":null,"amenity":null,"addr:street":null,"addr:city":null,"tourism":null,"smoking":null,"rooms":null,"operator":null,"internet_access:ssid":null,"internet_access":null,"name:te":null,"alt_name":null,"wheelchair":null,"type":null,"name":null,"building:levels":null},"geometry":{"type":"MultiPolygon","coordinates":[[[[222342.589992242545122,1931134.0],[222342.253975394531153,1931119.850571021670476],[222324.879967918852344,1931120.265626628883183],[222325.206043526763096,1931134.0],[222342.589992242545122,1931134.0]]]]}},
{"type":"Feature","properties":{"fid":1924,"full_id":"w356178390","osm_id":"356178390","osm_type":"way","building":"yes","community_centre":null,"levels":null,"diet:lactose_free":null,"diet:dairy":null,"diet:non-vegetarian":null,"image":null,"substation":null,"power":null,"building:apartments":null,"toilets:position":null,"toilets:handwashing":null,"lit":null,"fitness_centre":null,"atm":null,"grades":null,"shelter_type":null,"addr:suburb":null,"compressed_air":null,"check_date:compressed_air":null,"toilets:disposal":null,"male":null,"female":null,"residential":null,"landuse":null,"diplomatic":null,"building:flats":null,"public_transport":null,"bus":null,"material":null,"subway":null,"station":null,"network":null,"construction":null,"leisure":null,"microbrewery":null,"brewery":null,"bar":null,"air_conditioning":null,"guest_house":null,"roof:colour":null,"building:material":null,"payment:notes":null,"payment:coins":null,"internet_access:fee":null,"building:colour":null,"brand:wikipedia":null,"surface":null,"supervised":null,"fee":null,"access":null,"takeaway":null,"outdoor_seating":null,"loc_name":null,"diet:vegetarian":null,"diet:vegan":null,"golf":null,"location":null,"addr:country":null,"email":null,"short_name":null,"official_name":null,"government":null,"man_made":null,"content":null,"operator:type":null,"healthcare":null,"contact:phone":null,"addr:state":null,"addr:full":null,"toilets:access":null,"toilets":null,"payment:cash":null,"changing_table":null,"roof:shape":null,"building:use":null,"sport":null,"building:levels:underground":null,"addr:subdistrict":null,"addr:place":null,"addr:district":null,"addr:housename":null,"religion":null,"check_date":null,"branch":null,"brand:wikidata":null,"brand":null,"name:en":null,"opening_hours":null,"fast_food":null,"drive_through":null,"cuisine":null,"parking":null,"not:brand:wikidata":null,"wikipedia":null,"wikidata":null,"office":null,"level":null,"name:ml":null,"name:fa":null,"description":null,"layer":null,"addr:housenumber":null,"height":null,"shop":null,"nohousenumber":null,"website":null,"phone":null,"addr:postcode":null,"amenity":null,"addr:street":null,"addr:city":null,"tourism":null,"smoking":null,"rooms":null,"operator":null,"internet_access:ssid":null,"internet_access":null,"name:te":null,"alt_name":null,"wheelchair":null,"type":null,"name":null,"building:levels":null},"geometry":{"type":"MultiPolygon","coordinates":[[[[222289.473897030868102,1930931.740491553675383],[222288.660410496289842,1930909.591390197863802],[222277.84454183006892,1930909.983117470517755],[222278.668819772778079,1930932.143147031543776],[222289.473897030868102,1930931.740491553675383]]]]}},
{"type":"Feature","properties":{"fid":1929,"full_id":"w356178401","osm_id":"356178401","osm_type":"way","building":"yes","community_centre":null,"levels":null,"diet:lactose_free":null,"diet:dairy":null,"diet:non-vegetarian":null,"image":null,"substation":null,"power":null,"building:apartments":null,"toilets:position":null,"toilets:handwashing":null,"lit":null,"fitness_centre":null,"atm":null,"grades":null,"shelter_type":null,"addr:suburb":null,"compressed_air":null,"check_date:compressed_air":null,"toilets:disposal":null,"male":null,"female":null,"residential":null,"landuse":null,"diplomatic":null,"building:flats":null,"public_transport":null,"bus":null,"material":null,"subway":null,"station":null,"network":null,"construction":null,"leisure":null,"microbrewery":null,"brewery":null,"bar":null,"air_conditioning":null,"guest_house":null,"roof:colour":null,"building:material":null,"payment:notes":null,"payment:coins":null,"internet_access:fee":null,"building:colour":null,"brand:wikipedia":null,"surface":null,"supervised":null,"fee":null,"access":null,"takeaway":null,"outdoor_seating":null,"loc_name":null,"diet:vegetarian":null,"diet:vegan":null,"golf":null,"location":null,"addr:country":null,"email":null,"short_name":null,"official_name":null,"government":null,"man_made":null,"content":null,"operator:type":null,"healthcare":null,"contact:phone":null,"addr:state":null,"addr:full":null,"toilets:access":null,"toilets":null,"payment:cash":null,"changing_table":null,"roof:shape":null,"building:use":null,"sport":null,"building:levels:underground":null,"addr:subdistrict":null,"addr:place":null,"addr:district":null,"addr:housename":null,"religion":null,"check_date":null,"branch":null,"brand:wikidata":null,"brand":null,"name:en":null,"opening_hours":null,"fast_food":null,"drive_through":null,"cuisine":null,"parking":null,"not:brand:wikidata":null,"wikipedia":null,"wikidata":null,"office":null,"level":null,"name:ml":null,"name:fa":null,"description":null,"layer":null,"addr:housenumber":null,"height":null,"shop":null,"nohousenumber":null,"website":null,"phone":null,"addr:postcode":null,"amenity":null,"addr:street":null,"addr:city":null,"tourism":null,"smoking":null,"rooms":null,"operator":null,"internet_access:ssid":null,"internet_access":null,"name:te":null,"alt_name":null,"wheelchair":null,"type":null,"name":null,"building:levels":null},"geometry":{"type":"MultiPolygon","coordinates":[[[[222374.953101450519171,1930792.259977240115404],[222387.799133025167976,1930802.72683240682818],[222395.212974184658378,1930793.754638411803171],[222382.366942245163955,1930783.287778381258249],[222374.953101450519171,1930792.259977240115404]]]]}},
{"type":"Feature","properties":{"fid":1932,"full_id":"w356178431","osm_id":"356178431","osm_type":"way","building":"yes","community_centre":null,"levels":null,"diet:lactose_free":null,"diet:dairy":null,"diet:non-vegetarian":null,"image":null,"substation":null,"power":null,"building:apartments":null,"toilets:position":null,"toilets:handwashing":null,"lit":null,"fitness_centre":null,"atm":null,"grades":null,"shelter_type":null,"addr:suburb":null,"compressed_air":null,"check_date:compressed_air":null,"toilets:disposal":null,"male":null,"female":null,"residential":null,"landuse":null,"diplomatic":null,"building:flats":null,"public_transport":null,"bus":null,"material":null,"subway":null,"station":null,"network":null,"construction":null,"leisure":null,"microbrewery":null,"brewery":null,"bar":null,"air_conditioning":null,"guest_house":null,"roof:colour":null,"building:material":null,"payment:notes":null,"payment:coins":null,"internet_access:fee":null,"building:colour":null,"brand:wikipedia":null,"surface":null,"supervised":null,"fee":null,"access":null,"takeaway":null,"outdoor_seating":null,"loc_name":null,"diet:vegetarian":null,"diet:vegan":null,"golf":null,"location":null,"addr:country":null,"email":null,"short_name":null,"official_name":null,"government":null,"man_made":null,"content":null,"operator:type":null,"healthcare":null,"contact:phone":null,"addr:state":null,"addr:full":null,"toilets:access":null,"toilets":null,"payment:cash":null,"changing_table":null,"roof:shape":null,"building:use":null,"sport":null,"building:levels:underground":null,"addr:subdistrict":null,"addr:place":null,"addr:district":null,"addr:housename":null,"religion":null,"check_date":null,"branch":null,"brand:wikidata":null,"brand":null,"name:en":null,"opening_hours":null,"fast_food":null,"drive_through":null,"cuisine":null,"parking":null,"not:brand:wikidata":null,"wikipedia":null,"wikidata":null,"office":null,"level":null,"name:ml":null,"name:fa":null,"description":null,"layer":null,"addr:housenumber":null,"height":null,"shop":null,"nohousenumber":null,"website":null,"phone":null,"addr:postcode":null,"amenity":null,"addr:street":null,"addr:city":null,"tourism":null,"smoking":null,"rooms":null,"operator":null,"internet_access:ssid":null,"internet_access":null,"name:te":null,"alt_name":null,"wheelchair":null,"type":null,"name":null,"building:levels":null},"geometry":{"type":"MultiPolygon","coordinates":[[[[222259.692825803766027,1930903.29896640451625],[222271.520169536932372,1930903.026275720447302],[222271.34253061801428,1930895.486916607245803],[222275.306134590529837,1930895.388348718406633],[222275.481194760184735,1930902.739475034875795],[222284.970550065743737,1930902.509878512239084],[222284.406691380252596,1930879.183453610632569],[222259.126512086368166,1930879.795378016540781],[222259.692825803766027,1930903.29896640451625]]]]}},
{"type":"Feature","properties":{"fid":1934,"full_id":"w356182585","osm_id":"356182585","osm_type":"way","building":"yes","community_centre":null,"levels":null,"diet:lactose_free":null,"diet:dairy":null,"diet:non-vegetarian":null,"image":null,"substation":null,"power":null,"building:apartments":null,"toilets:position":null,"toilets:handwashing":null,"lit":null,"fitness_centre":null,"atm":null,"grades":null,"shelter_type":null,"addr:suburb":null,"compressed_air":null,"check_date:compressed_air":null,"toilets:disposal":null,"male":null,"female":null,"residential":null,"landuse":null,"diplomatic":null,"building:flats":null,"public_transport":null,"bus":null,"material":null,"subway":null,"station":null,"network":null,"construction":null,"leisure":null,"microbrewery":null,"brewery":null,"bar":null,"air_conditioning":null,"guest_house":null,"roof:colour":null,"building:material":null,"payment:notes":null,"payment:coins":null,"internet_access:fee":null,"building:colour":null,"brand:wikipedia":null,"surface":null,"supervised":null,"fee":null,"access":null,"takeaway":null,"outdoor_seating":null,"loc_name":null,"diet:vegetarian":null,"diet:vegan":null,"golf":null,"location":null,"addr:country":null,"email":null,"short_name":null,"official_name":null,"government":null,"man_made":null,"content":null,"operator:type":null,"healthcare":null,"contact:phone":null,"addr:state":null,"addr:full":null,"toilets:access":null,"toilets":null,"payment:cash":null,"changing_table":null,"roof:shape":null,"building:use":null,"sport":null,"building:levels:underground":null,"addr:subdistrict":null,"addr:place":null,"addr:district":null,"addr:housename":null,"religion":null,"check_date":null,"branch":null,"brand:wikidata":null,"brand":null,"name:en":null,"opening_hours":null,"fast_food":null,"drive_through":null,"cuisine":null,"parking":null,"not:brand:wikidata":null,"wikipedia":null,"wikidata":null,"office":null,"level":null,"name:ml":null,"name:fa":null,"description":null,"layer":null,"addr:housenumber":null,"height":null,"shop":null,"nohousenumber":null,"website":null,"phone":null,"addr:postcode":null,"amenity":null,"addr:street":null,"addr:city":null,"tourism":null,"smoking":null,"rooms":null,"operator":null,"internet_access:ssid":null,"internet_access":null,"name:te":null,"alt_name":null,"wheelchair":null,"type":null,"name":null,"building:levels":null},"geometry":{"type":"MultiPolygon","coordinates":[[[[222514.572735584515613,1930914.694787432206795],[222524.439676149107981,1930914.094676105305552],[222523.604462963528931,1930900.440091411583126],[222513.726887770928442,1930901.040347609203309],[222514.572735584515613,1930914.694787432206795]]]]}},
{"type":"Feature","properties":{"fid":1939,"full_id":"w356182679","osm_id":"356182679","osm_type":"way","building":"yes","community_centre":null,"levels":null,"diet:lactose_free":null,"diet:dairy":null,"diet:non-vegetarian":null,"image":null,"substation":null,"power":null,"building:apartments":null,"toilets:position":null,"toilets:handwashing":null,"lit":null,"fitness_centre":null,"atm":null,"grades":null,"shelter_type":null,"addr:suburb":null,"compressed_air":null,"check_date:compressed_air":null,"toilets:disposal":null,"male":null,"female":null,"residential":null,"landuse":null,"diplomatic":null,"building:flats":null,"public_transport":null,"bus":null,"material":null,"subway":null,"station":null,"network":null,"construction":null,"leisure":null,"microbrewery":null,"brewery":null,"bar":null,"air_conditioning":null,"guest_house":null,"roof:colour":null,"building:material":null,"payment:notes":null,"payment:coins":null,"internet_access:fee":null,"building:colour":null,"brand:wikipedia":null,"surface":null,"supervised":null,"fee":null,"access":null,"takeaway":null,"outdoor_seating":null,"loc_name":null,"diet:vegetarian":null,"diet:vegan":null,"golf":null,"location":null,"addr:country":null,"email":null,"short_name":null,"official_name":null,"government":null,"man_made":null,"content":null,"operator:type":null,"healthcare":null,"contact:phone":null,"addr:state":null,"addr:full":null,"toilets:access":null,"toilets":null,"payment:cash":null,"changing_table":null,"roof:shape":null,"building:use":null,"sport":null,"building:levels:underground":null,"addr:subdistrict":null,"addr:place":null,"addr:district":null,"addr:housename":null,"religion":null,"check_date":null,"branch":null,"brand:wikidata":null,"brand":null,"name:en":null,"opening_hours":null,"fast_food":null,"drive_through":null,"cuisine":null,"parking":null,"not:brand:wikidata":null,"wikipedia":null,"wikidata":null,"office":null,"level":null,"name:ml":null,"name:fa":null,"description":null,"layer":null,"addr:housenumber":null,"height":null,"shop":null,"nohousenumber":null,"website":null,"phone":null,"addr:postcode":null,"amenity":null,"addr:street":null,"addr:city":null,"tourism":null,"smoking":null,"rooms":null,"operator":null,"internet_access:ssid":null,"internet_access":null,"name:te":null,"alt_name":null,"wheelchair":null,"type":null,"name":null,"building:levels":null},"geometry":{"type":"MultiPolygon","coordinates":[[[[222527.932141062046867,1930947.159842164255679],[222528.234464251203462,1930936.623797429259866],[222508.636089726176579,1930936.072389651089907],[222508.333776601357386,1930946.608436085050926],[222527.932141062046867,1930947.159842164255679]]]]}},
{"type":"Feature","properties":{"fid":1940,"full_id":"w356182686","osm_id":"356182686","osm_type":"way","building":"yes","community_centre":null,"levels":null,"diet:lactose_free":null,"diet:dairy":null,"diet:non-vegetarian":null,"image":null,"substation":null,"power":null,"building:apartments":null,"toilets:position":null,"toilets:handwashing":null,"lit":null,"fitness_centre":null,"atm":null,"grades":null,"shelter_type":null,"addr:suburb":null,"compressed_air":null,"check_date:compressed_air":null,"toilets:disposal":null,"male":null,"female":null,"residential":null,"landuse":null,"diplomatic":null,"building:flats":null,"public_transport":null,"bus":null,"material":null,"subway":null,"station":null,"network":null,"construction":null,"leisure":null,"microbrewery":null,"brewery":null,"bar":null,"air_conditioning":null,"guest_house":null,"roof:colour":null,"building:material":null,"payment:notes":null,"payment:coins":null,"internet_access:fee":null,"building:colour":null,"brand:wikipedia":null,"surface":null,"supervised":null,"fee":null,"access":null,"takeaway":null,"outdoor_seating":null,"loc_name":null,"diet:vegetarian":null,"diet:vegan":null,"golf":null,"location":null,"addr:country":null,"email":null,"short_name":null,"official_name":null,"government":null,"man_made":null,"content":null,"operator:type":null,"healthcare":null,"contact:phone":null,"addr:state":null,"addr:full":null,"toilets:access":null,"toilets":null,"payment:cash":null,"changing_table":null,"roof:shape":null,"building:use":null,"sport":null,"building:levels:underground":null,"addr:subdistrict":null,"addr:place":null,"addr:district":null,"addr:housename":null,"religion":null,"check_date":null,"branch":null,"brand:wikidata":null,"brand":null,"name:en":null,"opening_hours":null,"fast_food":null,"drive_through":null,"cuisine":null,"parking":null,"not:brand:wikidata":null,"wikipedia":null,"wikidata":null,"office":null,"level":null,"name:ml":null,"name:fa":null,"description":null,"layer":null,"addr:housenumber":null,"height":null,"shop":null,"nohousenumber":null,"website":null,"phone":null,"addr:postcode":null,"amenity":null,"addr:street":null,"addr:city":null,"tourism":null,"smoking":null,"rooms":null,"operator":null,"internet_access:ssid":null,"internet_access":null,"name:te":null,"alt_name":null,"wheelchair":null,"type":null,"name":null,"building:levels":null},"geometry":{"type":"MultiPolygon","coordinates":[[[[222593.37468886753777,1930951.425448871450499],[222603.742588029475883,1930956.366874947445467],[222609.903558422811329,1930943.61332554765977],[222599.53565524838632,1930938.671895686071366],[222593.37468886753777,1930951.425448871450499]]]]}},
{"type":"Feature","properties":{"fid":1945,"full_id":"w356182745","osm_id":"356182745","osm_type":"way","building":"yes","community_centre":null,"levels":null,"diet:lactose_free":null,"diet:dairy":null,"diet:non-vegetarian":null,"image":null,"substation":null,"power":null,"building:apartments":null,"toilets:position":null,"toilets:handwashing":null,"lit":null,"fitness_centre":null,"atm":null,"grades":null,"shelter_type":null,"addr:suburb":null,"compressed_air":null,"check_date:compressed_air":null,"toilets:disposal":null,"male":null,"female":null,"residential":null,"landuse":null,"diplomatic":null,"building:flats":null,"public_transport":null,"bus":null,"material":null,"subway":null,"station":null,"network":null,"construction":null,"leisure":null,"microbrewery":null,"brewery":null,"bar":null,"air_conditioning":null,"guest_house":null,"roof:colour":null,"building:material":null,"payment:notes":null,"payment:coins":null,"internet_access:fee":null,"building:colour":null,"brand:wikipedia":null,"surface":null,"supervised":null,"fee":null,"access":null,"takeaway":null,"outdoor_seating":null,"loc_name":null,"diet:vegetarian":null,"diet:vegan":null,"golf":null,"location":null,"addr:country":null,"email":null,"short_name":null,"official_name":null,"government":null,"man_made":null,"content":null,"operator:type":null,"healthcare":null,"contact:phone":null,"addr:state":null,"addr:full":null,"toilets:access":null,"toilets":null,"payment:cash":null,"changing_table":null,"roof:shape":null,"building:use":null,"sport":null,"building:levels:underground":null,"addr:subdistrict":null,"addr:place":null,"addr:district":null,"addr:housename":null,"religion":null,"check_date":null,"branch":null,"brand:wikidata":null,"brand":null,"name:en":null,"opening_hours":null,"fast_food":null,"drive_through":null,"cuisine":null,"parking":null,"not:brand:wikidata":null,"wikipedia":null,"wikidata":null,"office":null,"level":null,"name:ml":null,"name:fa":null,"description":null,"layer":null,"addr:housenumber":null,"height":null,"shop":null,"nohousenumber":null,"website":null,"phone":null,"addr:postcode":null,"amenity":null,"addr:street":null,"addr:city":null,"tourism":null,"smoking":null,"rooms":null,"operator":null,"internet_access:ssid":null,"internet_access":null,"name:te":null,"alt_name":null,"wheelchair":null,"type":null,"name":null,"building:levels":null},"geometry":{"type":"MultiPolygon","coordinates":[[[[222615.630696720385458,1930854.827819260535762],[222630.398165261431132,1930862.787827954627573],[222639.731026948255021,1930845.671847958350554],[222624.963703187881038,1930837.722903861897066],[222615.630696720385458,1930854.827819260535762]]]]}},
{"type":"Feature","properties":{"fid":1948,"full_id":"w356182775","osm_id":"356182775","osm_type":"way","building":"yes","community_centre":null,"levels":null,"diet:lactose_free":null,"diet:dairy":null,"diet:non-vegetarian":null,"image":null,"substation":null,"power":null,"building:apartments":null,"toilets:position":null,"toilets:handwashing":null,"lit":null,"fitness_centre":null,"atm":null,"grades":null,"shelter_type":null,"addr:suburb":null,"compressed_air":null,"check_date:compressed_air":null,"toilets:disposal":null,"male":null,"female":null,"residential":null,"landuse":null,"diplomatic":null,"building:flats":null,"public_transport":null,"bus":null,"material":null,"subway":null,"station":null,"network":null,"construction":null,"leisure":null,"microbrewery":null,"brewery":null,"bar":null,"air_conditioning":null,"guest_house":null,"roof:colour":null,"building:material":null,"payment:notes":null,"payment:coins":null,"internet_access:fee":null,"building:colour":null,"brand:wikipedia":null,"surface":null,"supervised":null,"fee":null,"access":null,"takeaway":null,"outdoor_seating":null,"loc_name":null,"diet:vegetarian":null,"diet:vegan":null,"golf":null,"location":null,"addr:country":null,"email":null,"short_name":null,"official_name":null,"government":null,"man_made":null,"content":null,"operator:type":null,"healthcare":null,"contact:phone":null,"addr:state":null,"addr:full":null,"toilets:access":null,"toilets":null,"payment:cash":null,"changing_table":null,"roof:shape":null,"building:use":null,"sport":null,"building:levels:underground":null,"addr:subdistrict":null,"addr:place":null,"addr:district":null,"addr:housename":null,"religion":null,"check_date":null,"branch":null,"brand:wikidata":null,"brand":null,"name:en":null,"opening_hours":null,"fast_food":null,"drive_through":null,"cuisine":null,"parking":null,"not:brand:wikidata":null,"wikipedia":null,"wikidata":null,"office":null,"level":null,"name:ml":null,"name:fa":null,"description":null,"layer":null,"addr:housenumber":null,"height":null,"shop":null,"nohousenumber":null,"website":null,"phone":null,"addr:postcode":null,"amenity":null,"addr:street":null,"addr:city":null,"tourism":null,"smoking":null,"rooms":null,"operator":null,"internet_access:ssid":null,"internet_access":null,"name:te":null,"alt_name":null,"wheelchair":null,"type":null,"name":null,"building:levels":null},"geometry":{"type":"MultiPolygon","coordinates":[[[[222606.403598506585695,1930874.23480079928413],[222618.301131585496478,1930880.650385910877958],[222627.530419558170252,1930863.735155507689342],[222615.632881205412559,1930857.319564114557579],[222606.403598506585695,1930874.23480079928413]]]]}},
{"type":"Feature","properties":{"fid":1949,"full_id":"w356182791","osm_id":"356182791","osm_type":"way","building":"yes","community_centre":null,"levels":null,"diet:lactose_free":null,"diet:dairy":null,"diet:non-vegetarian":null,"image":null,"substation":null,"power":null,"building:apartments":null,"toilets:position":null,"toilets:handwashing":null,"lit":null,"fitness_centre":null,"atm":null,"grades":null,"shelter_type":null,"addr:suburb":null,"compressed_air":null,"check_date:compressed_air":null,"toilets:disposal":null,"male":null,"female":null,"residential":null,"landuse":null,"diplomatic":null,"building:flats":null,"public_transport":null,"bus":null,"material":null,"subway":null,"station":null,"network":null,"construction":null,"leisure":null,"microbrewery":null,"brewery":null,"bar":null,"air_conditioning":null,"guest_house":null,"roof:colour":null,"building:material":null,"payment:notes":null,"payment:coins":null,"internet_access:fee":null,"building:colour":null,"brand:wikipedia":null,"surface":null,"supervised":null,"fee":null,"access":null,"takeaway":null,"outdoor_seating":null,"loc_name":null,"diet:vegetarian":null,"diet:vegan":null,"golf":null,"location":null,"addr:country":null,"email":null,"short_name":null,"official_name":null,"government":null,"man_made":null,"content":null,"operator:type":null,"healthcare":null,"contact:phone":null,"addr:state":null,"addr:full":null,"toilets:access":null,"toilets":null,"payment:cash":null,"changing_table":null,"roof:shape":null,"building:use":null,"sport":null,"building:levels:underground":null,"addr:subdistrict":null,"addr:place":null,"addr:district":null,"addr:housename":null,"religion":null,"check_date":null,"branch":null,"brand:wikidata":null,"brand":null,"name:en":null,"opening_hours":null,"fast_food":null,"drive_through":null,"cuisine":null,"parking":null,"not:brand:wikidata":null,"wikipedia":null,"wikidata":null,"office":null,"level":null,"name:ml":null,"name:fa":null,"description":null,"layer":null,"addr:housenumber":"197","height":null,"shop":null,"nohousenumber":null,"website":null,"phone":null,"addr:postcode":"500081","amenity":null,"addr:street":"Jai Hind Gandhi Road","addr:city":"Hyderabad","tourism":null,"smoking":null,"rooms":null,"operator":null,"internet_access:ssid":null,"internet_access":null,"name:te":null,"alt_name":null,"wheelchair":null,"type":null,"name":"venkateshwara nilayam","building:levels":"2"},"geometry":{"type":"MultiPolygon","coordinates":[[[[222648.218594054982532,1931114.999669306213036],[222655.98885458346922,1931114.993082174798474],[222655.978111469477881,1931101.770211851457134],[222648.20784588198876,1931101.776798283914104],[222648.218594054982532,1931114.999669306213036]]]]}},
{"type":"Feature","properties":{"fid":1951,"full_id":"w356182810","osm_id":"356182810","osm_type":"way","building":"yes","community_centre":null,"levels":null,"diet:lactose_free":null,"diet:dairy":null,"diet:non-vegetarian":null,"image":null,"substation":null,"power":null,"building:apartments":null,"toilets:position":null,"toilets:handwashing":null,"lit":null,"fitness_centre":null,"atm":null,"grades":null,"shelter_type":null,"addr:suburb":null,"compressed_air":null,"check_date:compressed_air":null,"toilets:disposal":null,"male":null,"female":null,"residential":null,"landuse":null,"diplomatic":null,"building:flats":null,"public_transport":null,"bus":null,"material":null,"subway":null,"station":null,"network":null,"construction":null,"leisure":null,"microbrewery":null,"brewery":null,"bar":null,"air_conditioning":null,"guest_house":null,"roof:colour":null,"building:material":null,"payment:notes":null,"payment:coins":null,"internet_access:fee":null,"building:colour":null,"brand:wikipedia":null,"surface":null,"supervised":null,"fee":null,"access":null,"takeaway":null,"outdoor_seating":null,"loc_name":null,"diet:vegetarian":null,"diet:vegan":null,"golf":null,"location":null,"addr:country":null,"email":null,"short_name":null,"official_name":null,"government":null,"man_made":null,"content":null,"operator:type":null,"healthcare":null,"contact:phone":null,"addr:state":null,"addr:full":null,"toilets:access":null,"toilets":null,"payment:cash":null,"changing_table":null,"roof:shape":null,"building:use":null,"sport":null,"building:levels:underground":null,"addr:subdistrict":null,"addr:place":null,"addr:district":null,"addr:housename":null,"religion":null,"check_date":null,"branch":null,"brand:wikidata":null,"brand":null,"name:en":null,"opening_hours":null,"fast_food":null,"drive_through":null,"cuisine":null,"parking":null,"not:brand:wikidata":null,"wikipedia":null,"wikidata":null,"office":null,"level":null,"name:ml":null,"name:fa":null,"description":null,"layer":null,"addr:housenumber":null,"height":null,"shop":null,"nohousenumber":null,"website":null,"phone":null,"addr:postcode":null,"amenity":null,"addr:street":null,"addr:city":null,"tourism":null,"smoking":null,"rooms":null,"operator":null,"internet_access:ssid":null,"internet_access":null,"name:te":null,"alt_name":null,"wheelchair":null,"type":null,"name":null,"building:levels":null},"geometry":{"type":"MultiPolygon","coordinates":[[[[222501.886327953718137,1930916.662423930130899],[222512.539276939467527,1930916.018329672981054],[222511.649577474046964,1930901.489599101711065],[222500.996620750287548,1930902.13369276188314],[222501.886327953718137,1930916.662423930130899]]]]}},
{"type":"Feature","properties":{"fid":1953,"full_id":"w356182830","osm_id":"356182830","osm_type":"way","building":"yes","community_centre":null,"levels":null,"diet:lactose_free":null,"diet:dairy":null,"diet:non-vegetarian":null,"image":null,"substation":null,"power":null,"building:apartments":null,"toilets:position":null,"toilets:handwashing":null,"lit":null,"fitness_centre":null,"atm":null,"grades":null,"shelter_type":null,"addr:suburb":null,"compressed_air":null,"check_date:compressed_air":null,"toilets:disposal":null,"male":null,"female":null,"residential":null,"landuse":null,"diplomatic":null,"building:flats":null,"public_transport":null,"bus":null,"material":null,"subway":null,"station":null,"network":null,"construction":null,"leisure":null,"microbrewery":null,"brewery":null,"bar":null,"air_conditioning":null,"guest_house":null,"roof:colour":null,"building:material":null,"payment:notes":null,"payment:coins":null,"internet_access:fee":null,"building:colour":null,"brand:wikipedia":null,"surface":null,"supervised":null,"fee":null,"access":null,"takeaway":null,"outdoor_seating":null,"loc_name":null,"diet:vegetarian":null,"diet:vegan":null,"golf":null,"location":null,"addr:country":null,"email":null,"short_name":null,"official_name":null,"government":null,"man_made":null,"content":null,"operator:type":null,"healthcare":null,"contact:phone":null,"addr:state":null,"addr:full":null,"toilets:access":null,"toilets":null,"payment:cash":null,"changing_table":null,"roof:shape":null,"building:use":null,"sport":null,"building:levels:underground":null,"addr:subdistrict":null,"addr:place":null,"addr:district":null,"addr:housename":null,"religion":null,"check_date":null,"branch":null,"brand:wikidata":null,"brand":null,"name:en":null,"opening_hours":null,"fast_food":null,"drive_through":null,"cuisine":null,"parking":null,"not:brand:wikidata":null,"wikipedia":null,"wikidata":null,"office":null,"level":null,"name:ml":null,"name:fa":null,"description":null,"layer":null,"addr:housenumber":null,"height":null,"shop":null,"nohousenumber":null,"website":null,"phone":null,"addr:postcode":null,"amenity":null,"addr:street":null,"addr:city":null,"tourism":null,"smoking":null,"rooms":null,"operator":null,"internet_access:ssid":null,"internet_access":null,"name:te":null,"alt_name":null,"wheelchair":null,"type":null,"name":null,"building:levels":null},"geometry":{"type":"MultiPolygon","coordinates":[[[[222652.907271825883072,1930847.651223589433357],[222661.086519278935157,1930851.116470831213519],[222667.102470407669898,1930837.080285459058359],[222658.923219098709524,1930833.615035195369273],[222652.907271825883072,1930847.651223589433357]]]]}},
{"type":"Feature","properties":{"fid":1954,"full_id":"w356182858","osm_id":"356182858","osm_type":"way","building":"yes","community_centre":null,"levels":null,"diet:lactose_free":null,"diet:dairy":null,"diet:non-vegetarian":null,"image":null,"substation":null,"power":null,"building:apartments":null,"toilets:position":null,"toilets:handwashing":null,"lit":null,"fitness_centre":null,"atm":null,"grades":null,"shelter_type":null,"addr:suburb":null,"compressed_air":null,"check_date:compressed_air":null,"toilets:disposal":null,"male":null,"female":null,"residential":null,"landuse":null,"diplomatic":null,"building:flats":null,"public_transport":null,"bus":null,"material":null,"subway":null,"station":null,"network":null,"construction":null,"leisure":null,"microbrewery":null,"brewery":null,"bar":null,"air_conditioning":null,"guest_house":null,"roof:colour":null,"building:material":null,"payment:notes":null,"payment:coins":null,"internet_access:fee":null,"building:colour":null,"brand:wikipedia":null,"surface":null,"supervised":null,"fee":null,"access":null,"takeaway":null,"outdoor_seating":null,"loc_name":null,"diet:vegetarian":null,"diet:vegan":null,"golf":null,"location":null,"addr:country":null,"email":null,"short_name":null,"official_name":null,"government":null,"man_made":null,"content":null,"operator:type":null,"healthcare":null,"contact:phone":null,"addr:state":null,"addr:full":null,"toilets:access":null,"toilets":null,"payment:cash":null,"changing_table":null,"roof:shape":null,"building:use":null,"sport":null,"building:levels:underground":null,"addr:subdistrict":null,"addr:place":null,"addr:district":null,"addr:housename":null,"religion":null,"check_date":null,"branch":null,"brand:wikidata":null,"brand":null,"name:en":null,"opening_hours":null,"fast_food":null,"drive_through":null,"cuisine":null,"parking":null,"not:brand:wikidata":null,"wikipedia":null,"wikidata":null,"office":null,"level":null,"name:ml":null,"name:fa":null,"description":null,"layer":null,"addr:housenumber":null,"height":null,"shop":null,"nohousenumber":null,"website":null,"phone":null,"addr:postcode":null,"amenity":null,"addr:street":null,"addr:city":null,"tourism":null,"smoking":null,"rooms":null,"operator":null,"internet_access:ssid":null,"internet_access":null,"name:te":null,"alt_name":null,"wheelchair":null,"type":null,"name":null,"building:levels":null},"geometry":{"type":"MultiPolygon","coordinates":[[[[222613.934831908962224,1930898.71732117747888],[222627.10027518653078,1930904.572916916804388],[222633.558011384389829,1930890.198437080485746],[222620.392713398963679,1930884.353908677352592],[222613.934831908962224,1930898.71732117747888]]]]}},
{"type":"Feature","properties":{"fid":1956,"full_id":"w356182890","osm_id":"356182890","osm_type":"way","building":"yes","community_centre":null,"levels":null,"diet:lactose_free":null,"diet:dairy":null,"diet:non-vegetarian":null,"image":null,"substation":null,"power":null,"building:apartments":null,"toilets:position":null,"toilets:handwashing":null,"lit":null,"fitness_centre":null,"atm":null,"grades":null,"shelter_type":null,"addr:suburb":null,"compressed_air":null,"check_date:compressed_air":null,"toilets:disposal":null,"male":null,"female":null,"residential":null,"landuse":null,"diplomatic":null,"building:flats":null,"public_transport":null,"bus":null,"material":null,"subway":null,"station":null,"network":null,"construction":null,"leisure":null,"microbrewery":null,"brewery":null,"bar":null,"air_conditioning":null,"guest_house":null,"roof:colour":null,"building:material":null,"payment:notes":null,"payment:coins":null,"internet_access:fee":null,"building:colour":null,"brand:wikipedia":null,"surface":null,"supervised":null,"fee":null,"access":null,"takeaway":null,"outdoor_seating":null,"loc_name":null,"diet:vegetarian":null,"diet:vegan":null,"golf":null,"location":null,"addr:country":null,"email":null,"short_name":null,"official_name":null,"government":null,"man_made":null,"content":null,"operator:type":null,"healthcare":null,"contact:phone":null,"addr:state":null,"addr:full":null,"toilets:access":null,"toilets":null,"payment:cash":null,"changing_table":null,"roof:shape":null,"building:use":null,"sport":null,"building:levels:underground":null,"addr:subdistrict":null,"addr:place":null,"addr:district":null,"addr:housename":null,"religion":null,"check_date":null,"branch":null,"brand:wikidata":null,"brand":null,"name:en":null,"opening_hours":null,"fast_food":null,"drive_through":null,"cuisine":null,"parking":null,"not:brand:wikidata":null,"wikipedia":null,"wikidata":null,"office":null,"level":null,"name:ml":null,"name:fa":null,"description":null,"layer":null,"addr:housenumber":null,"height":null,"shop":null,"nohousenumber":null,"website":null,"phone":null,"addr:postcode":null,"amenity":null,"addr:street":null,"addr:city":null,"tourism":null,"smoking":null,"rooms":null,"operator":null,"internet_access:ssid":null,"internet_access":null,"name:te":null,"alt_name":null,"wheelchair":null,"type":null,"name":null,"building:levels":null},"geometry":{"type":"MultiPolygon","coordinates":[[[[222562.737025743408594,1930969.120805626036599],[222590.587131668813527,1930982.328365669120103],[222595.909943360020407,1930971.247456260723993],[222583.081590395770036,1930965.165783896110952],[222580.4566261456348,1930970.650369136361405],[222578.306041478586849,1930969.62770061311312],[222580.828058584302198,1930964.38816336216405],[222567.946253486035857,1930958.285081190755591],[222562.737025743408594,1930969.120805626036599]]]]}},
{"type":"Feature","properties":{"fid":1959,"full_id":"w356182917","osm_id":"356182917","osm_type":"way","building":"yes","community_centre":null,"levels":null,"diet:lactose_free":null,"diet:dairy":null,"diet:non-vegetarian":null,"image":null,"substation":null,"power":null,"building:apartments":null,"toilets:position":null,"toilets:handwashing":null,"lit":null,"fitness_centre":null,"atm":null,"grades":null,"shelter_type":null,"addr:suburb":null,"compressed_air":null,"check_date:compressed_air":null,"toilets:disposal":null,"male":null,"female":null,"residential":null,"landuse":null,"diplomatic":null,"building:flats":null,"public_transport":null,"bus":null,"material":null,"subway":null,"station":null,"network":null,"construction":null,"leisure":null,"microbrewery":null,"brewery":null,"bar":null,"air_conditioning":null,"guest_house":null,"roof:colour":null,"building:material":null,"payment:notes":null,"payment:coins":null,"internet_access:fee":null,"building:colour":null,"brand:wikipedia":null,"surface":null,"supervised":null,"fee":null,"access":null,"takeaway":null,"outdoor_seating":null,"loc_name":null,"diet:vegetarian":null,"diet:vegan":null,"golf":null,"location":null,"addr:country":null,"email":null,"short_name":null,"official_name":null,"government":null,"man_made":null,"content":null,"operator:type":null,"healthcare":null,"contact:phone":null,"addr:state":null,"addr:full":null,"toilets:access":null,"toilets":null,"payment:cash":null,"changing_table":null,"roof:shape":null,"building:use":null,"sport":null,"building:levels:underground":null,"addr:subdistrict":null,"addr:place":null,"addr:district":null,"addr:housename":null,"religion":null,"check_date":null,"branch":null,"brand:wikidata":null,"brand":null,"name:en":null,"opening_hours":null,"fast_food":null,"drive_through":null,"cuisine":null,"parking":null,"not:brand:wikidata":null,"wikipedia":null,"wikidata":null,"office":null,"level":null,"name:ml":null,"name:fa":null,"description":null,"layer":null,"addr:housenumber":null,"height":null,"shop":null,"nohousenumber":null,"website":null,"phone":null,"addr:postcode":null,"amenity":null,"addr:street":null,"addr:city":null,"tourism":null,"smoking":null,"rooms":null,"operator":null,"internet_access:ssid":null,"internet_access":null,"name:te":null,"alt_name":null,"wheelchair":null,"type":null,"name":null,"building:levels":null},"geometry":{"type":"MultiPolygon","coordinates":[[[[222637.766756138007622,1930812.408602722221985],[222627.552305334131233,1930831.131371465278789],[222643.069339149573352,1930839.490899879252538],[222653.283797568990849,1930820.768140204250813],[222637.766756138007622,1930812.408602722221985]]]]}},
{"type":"Feature","properties":{"fid":1963,"full_id":"w356182948","osm_id":"356182948","osm_type":"way","building":"yes","community_centre":null,"levels":null,"diet:lactose_free":null,"diet:dairy":null,"diet:non-vegetarian":null,"image":null,"substation":null,"power":null,"building:apartments":null,"toilets:position":null,"toilets:handwashing":null,"lit":null,"fitness_centre":null,"atm":null,"grades":null,"shelter_type":null,"addr:suburb":null,"compressed_air":null,"check_date:compressed_air":null,"toilets:disposal":null,"male":null,"female":null,"residential":null,"landuse":null,"diplomatic":null,"building:flats":null,"public_transport":null,"bus":null,"material":null,"subway":null,"station":null,"network":null,"construction":null,"leisure":null,"microbrewery":null,"brewery":null,"bar":null,"air_conditioning":null,"guest_house":null,"roof:colour":null,"building:material":null,"payment:notes":null,"payment:coins":null,"internet_access:fee":null,"building:colour":null,"brand:wikipedia":null,"surface":null,"supervised":null,"fee":null,"access":null,"takeaway":null,"outdoor_seating":null,"loc_name":null,"diet:vegetarian":null,"diet:vegan":null,"golf":null,"location":null,"addr:country":null,"email":null,"short_name":null,"official_name":null,"government":null,"man_made":null,"content":null,"operator:type":null,"healthcare":null,"contact:phone":null,"addr:state":null,"addr:full":null,"toilets:access":null,"toilets":null,"payment:cash":null,"changing_table":null,"roof:shape":null,"building:use":null,"sport":null,"building:levels:underground":null,"addr:subdistrict":null,"addr:place":null,"addr:district":null,"addr:housename":null,"religion":null,"check_date":null,"branch":null,"brand:wikidata":null,"brand":null,"name:en":null,"opening_hours":null,"fast_food":null,"drive_through":null,"cuisine":null,"parking":null,"not:brand:wikidata":null,"wikipedia":null,"wikidata":null,"office":null,"level":null,"name:ml":null,"name:fa":null,"description":null,"layer":null,"addr:housenumber":null,"height":null,"shop":null,"nohousenumber":null,"website":null,"phone":null,"addr:postcode":null,"amenity":null,"addr:street":null,"addr:city":null,"tourism":null,"smoking":null,"rooms":null,"operator":null,"internet_access:ssid":null,"internet_access":null,"name:te":null,"alt_name":null,"wheelchair":null,"type":null,"name":null,"building:levels":null},"geometry":{"type":"MultiPolygon","coordinates":[[[[222620.684533875086345,1930880.041916505200788],[222632.903165833675303,1930886.619236319558695],[222641.68651414453052,1930870.518553814152256],[222629.47835351631511,1930863.930010047508404],[222620.684533875086345,1930880.041916505200788]]]]}},
{"type":"Feature","properties":{"fid":1966,"full_id":"w356182975","osm_id":"356182975","osm_type":"way","building":"yes","community_centre":null,"levels":null,"diet:lactose_free":null,"diet:dairy":null,"diet:non-vegetarian":null,"image":null,"substation":null,"power":null,"building:apartments":null,"toilets:position":null,"toilets:handwashing":null,"lit":null,"fitness_centre":null,"atm":null,"grades":null,"shelter_type":null,"addr:suburb":null,"compressed_air":null,"check_date:compressed_air":null,"toilets:disposal":null,"male":null,"female":null,"residential":null,"landuse":null,"diplomatic":null,"building:flats":null,"public_transport":null,"bus":null,"material":null,"subway":null,"station":null,"network":null,"construction":null,"leisure":null,"microbrewery":null,"brewery":null,"bar":null,"air_conditioning":null,"guest_house":null,"roof:colour":null,"building:material":null,"payment:notes":null,"payment:coins":null,"internet_access:fee":null,"building:colour":null,"brand:wikipedia":null,"surface":null,"supervised":null,"fee":null,"access":null,"takeaway":null,"outdoor_seating":null,"loc_name":null,"diet:vegetarian":null,"diet:vegan":null,"golf":null,"location":null,"addr:country":null,"email":null,"short_name":null,"official_name":null,"government":null,"man_made":null,"content":null,"operator:type":null,"healthcare":null,"contact:phone":null,"addr:state":null,"addr:full":null,"toilets:access":null,"toilets":null,"payment:cash":null,"changing_table":null,"roof:shape":null,"building:use":null,"sport":null,"building:levels:underground":null,"addr:subdistrict":null,"addr:place":null,"addr:district":null,"addr:housename":null,"religion":null,"check_date":null,"branch":null,"brand:wikidata":null,"brand":null,"name:en":null,"opening_hours":null,"fast_food":null,"drive_through":null,"cuisine":null,"parking":null,"not:brand:wikidata":null,"wikipedia":null,"wikidata":null,"office":null,"level":null,"name:ml":null,"name:fa":null,"description":null,"layer":null,"addr:housenumber":null,"height":null,"shop":null,"nohousenumber":null,"website":null,"phone":null,"addr:postcode":null,"amenity":null,"addr:street":null,"addr:city":null,"tourism":null,"smoking":null,"rooms":null,"operator":null,"internet_access:ssid":null,"internet_access":null,"name:te":null,"alt_name":null,"wheelchair":null,"type":null,"name":null,"building:levels":null},"geometry":{"type":"MultiPolygon","coordinates":[[[[222517.116824412310962,1930931.27182878414169],[222535.032388548774179,1930930.805256281979382],[222534.666953977197409,1930916.524070424726233],[222516.751225678424817,1930916.979569002054632],[222517.116824412310962,1930931.27182878414169]]]]}},
{"type":"Feature","properties":{"fid":1968,"full_id":"w356192930","osm_id":"356192930","osm_type":"way","building":"yes","community_centre":null,"levels":null,"diet:lactose_free":null,"diet:dairy":null,"diet:non-vegetarian":null,"image":null,"substation":null,"power":null,"building:apartments":null,"toilets:position":null,"toilets:handwashing":null,"lit":null,"fitness_centre":null,"atm":null,"grades":null,"shelter_type":null,"addr:suburb":null,"compressed_air":null,"check_date:compressed_air":null,"toilets:disposal":null,"male":null,"female":null,"residential":null,"landuse":null,"diplomatic":null,"building:flats":null,"public_transport":null,"bus":null,"material":null,"subway":null,"station":null,"network":null,"construction":null,"leisure":null,"microbrewery":null,"brewery":null,"bar":null,"air_conditioning":null,"guest_house":null,"roof:colour":null,"building:material":null,"payment:notes":null,"payment:coins":null,"internet_access:fee":null,"building:colour":null,"brand:wikipedia":null,"surface":null,"supervised":null,"fee":null,"access":null,"takeaway":null,"outdoor_seating":null,"loc_name":null,"diet:vegetarian":null,"diet:vegan":null,"golf":null,"location":null,"addr:country":null,"email":null,"short_name":null,"official_name":null,"government":null,"man_made":null,"content":null,"operator:type":null,"healthcare":null,"contact:phone":null,"addr:state":null,"addr:full":null,"toilets:access":null,"toilets":null,"payment:cash":null,"changing_table":null,"roof:shape":null,"building:use":null,"sport":null,"building:levels:underground":null,"addr:subdistrict":null,"addr:place":null,"addr:district":null,"addr:housename":null,"religion":null,"check_date":null,"branch":null,"brand:wikidata":null,"brand":null,"name:en":null,"opening_hours":null,"fast_food":null,"drive_through":null,"cuisine":null,"parking":null,"not:brand:wikidata":null,"wikipedia":null,"wikidata":null,"office":null,"level":null,"name:ml":null,"name:fa":null,"description":null,"layer":null,"addr:housenumber":null,"height":null,"shop":null,"nohousenumber":null,"website":null,"phone":null,"addr:postcode":null,"amenity":null,"addr:street":null,"addr:city":null,"tourism":null,"smoking":null,"rooms":null,"operator":null,"internet_access:ssid":null,"internet_access":null,"name:te":null,"alt_name":null,"wheelchair":null,"type":null,"name":null,"building:levels":null},"geometry":{"type":"MultiPolygon","coordinates":[[[[222580.858510513964575,1930853.919032532954589],[222597.143089933379088,1930860.883709524292499],[222602.23337360372534,1930849.119366080267355],[222585.959415713732596,1930842.154538661707193],[222580.858510513964575,1930853.919032532954589]]]]}},
{"type":"Feature","properties":{"fid":1969,"full_id":"w356192936","osm_id":"356192936","osm_type":"way","building":"yes","community_centre":null,"levels":null,"diet:lactose_free":null,"diet:dairy":null,"diet:non-vegetarian":null,"image":null,"substation":null,"power":null,"building:apartments":null,"toilets:position":null,"toilets:handwashing":null,"lit":null,"fitness_centre":null,"atm":null,"grades":null,"shelter_type":null,"addr:suburb":null,"compressed_air":null,"check_date:compressed_air":null,"toilets:disposal":null,"male":null,"female":null,"residential":null,"landuse":null,"diplomatic":null,"building:flats":null,"public_transport":null,"bus":null,"material":null,"subway":null,"station":null,"network":null,"construction":null,"leisure":null,"microbrewery":null,"brewery":null,"bar":null,"air_conditioning":null,"guest_house":null,"roof:colour":null,"building:material":null,"payment:notes":null,"payment:coins":null,"internet_access:fee":null,"building:colour":null,"brand:wikipedia":null,"surface":null,"supervised":null,"fee":null,"access":null,"takeaway":null,"outdoor_seating":null,"loc_name":null,"diet:vegetarian":null,"diet:vegan":null,"golf":null,"location":null,"addr:country":null,"email":null,"short_name":null,"official_name":null,"government":null,"man_made":null,"content":null,"operator:type":null,"healthcare":null,"contact:phone":null,"addr:state":null,"addr:full":null,"toilets:access":null,"toilets":null,"payment:cash":null,"changing_table":null,"roof:shape":null,"building:use":null,"sport":null,"building:levels:underground":null,"addr:subdistrict":null,"addr:place":null,"addr:district":null,"addr:housename":null,"religion":null,"check_date":null,"branch":null,"brand:wikidata":null,"brand":null,"name:en":null,"opening_hours":null,"fast_food":null,"drive_through":null,"cuisine":null,"parking":null,"not:brand:wikidata":null,"wikipedia":null,"wikidata":null,"office":null,"level":null,"name:ml":null,"name:fa":null,"description":null,"layer":null,"addr:housenumber":null,"height":null,"shop":null,"nohousenumber":null,"website":null,"phone":null,"addr:postcode":null,"amenity":null,"addr:street":null,"addr:city":null,"tourism":null,"smoking":null,"rooms":null,"operator":null,"internet_access:ssid":null,"internet_access":null,"name:te":null,"alt_name":null,"wheelchair":null,"type":null,"name":null,"building:levels":null},"geometry":{"type":"MultiPolygon","coordinates":[[[[222566.543041996192187,1930814.501128709642217],[222570.170662286051083,1930801.494281966704875],[222558.46547356544761,1930798.265558201353997],[222554.837859527440742,1930811.272407959681004],[222566.543041996192187,1930814.501128709642217]]]]}},
{"type":"Feature","properties":{"fid":1970,"full_id":"w356192954","osm_id":"356192954","osm_type":"way","building":"yes","community_centre":null,"levels":null,"diet:lactose_free":null,"diet:dairy":null,"diet:non-vegetarian":null,"image":null,"substation":null,"power":null,"building:apartments":null,"toilets:position":null,"toilets:handwashing":null,"lit":null,"fitness_centre":null,"atm":null,"grades":null,"shelter_type":null,"addr:suburb":null,"compressed_air":null,"check_date:compressed_air":null,"toilets:disposal":null,"male":null,"female":null,"residential":null,"landuse":null,"diplomatic":null,"building:flats":null,"public_transport":null,"bus":null,"material":null,"subway":null,"station":null,"network":null,"construction":null,"leisure":null,"microbrewery":null,"brewery":null,"bar":null,"air_conditioning":null,"guest_house":null,"roof:colour":null,"building:material":null,"payment:notes":null,"payment:coins":null,"internet_access:fee":null,"building:colour":null,"brand:wikipedia":null,"surface":null,"supervised":null,"fee":null,"access":null,"takeaway":null,"outdoor_seating":null,"loc_name":null,"diet:vegetarian":null,"diet:vegan":null,"golf":null,"location":null,"addr:country":null,"email":null,"short_name":null,"official_name":null,"government":null,"man_made":null,"content":null,"operator:type":null,"healthcare":null,"contact:phone":null,"addr:state":null,"addr:full":null,"toilets:access":null,"toilets":null,"payment:cash":null,"changing_table":null,"roof:shape":null,"building:use":null,"sport":null,"building:levels:underground":null,"addr:subdistrict":null,"addr:place":null,"addr:district":null,"addr:housename":null,"religion":null,"check_date":null,"branch":null,"brand:wikidata":null,"brand":null,"name:en":null,"opening_hours":null,"fast_food":null,"drive_through":null,"cuisine":null,"parking":null,"not:brand:wikidata":null,"wikipedia":null,"wikidata":null,"office":null,"level":null,"name:ml":null,"name:fa":null,"description":null,"layer":null,"addr:housenumber":null,"height":null,"shop":null,"nohousenumber":null,"website":null,"phone":null,"addr:postcode":null,"amenity":null,"addr:street":null,"addr:city":null,"tourism":null,"smoking":null,"rooms":null,"operator":null,"internet_access:ssid":null,"internet_access":null,"name:te":null,"alt_name":null,"wheelchair":null,"type":null,"name":null,"building:levels":null},"geometry":{"type":"MultiPolygon","coordinates":[[[[222574.759401010407601,1930864.202115736436099],[222583.613766029884573,1930869.618296016007662],[222586.739981395017821,1930862.698240766534582],[222578.011428894591518,1930858.708956049056724],[222574.759401010407601,1930864.202115736436099]]]]}},
{"type":"Feature","properties":{"fid":1971,"full_id":"w356192972","osm_id":"356192972","osm_type":"way","building":"yes","community_centre":null,"levels":null,"diet:lactose_free":null,"diet:dairy":null,"diet:non-vegetarian":null,"image":null,"substation":null,"power":null,"building:apartments":null,"toilets:position":null,"toilets:handwashing":null,"lit":null,"fitness_centre":null,"atm":null,"grades":null,"shelter_type":null,"addr:suburb":null,"compressed_air":null,"check_date:compressed_air":null,"toilets:disposal":null,"male":null,"female":null,"residential":null,"landuse":null,"diplomatic":null,"building:flats":null,"public_transport":null,"bus":null,"material":null,"subway":null,"station":null,"network":null,"construction":null,"leisure":null,"microbrewery":null,"brewery":null,"bar":null,"air_conditioning":null,"guest_house":null,"roof:colour":null,"building:material":null,"payment:notes":null,"payment:coins":null,"internet_access:fee":null,"building:colour":null,"brand:wikipedia":null,"surface":null,"supervised":null,"fee":null,"access":null,"takeaway":null,"outdoor_seating":null,"loc_name":null,"diet:vegetarian":null,"diet:vegan":null,"golf":null,"location":null,"addr:country":null,"email":null,"short_name":null,"official_name":null,"government":null,"man_made":null,"content":null,"operator:type":null,"healthcare":null,"contact:phone":null,"addr:state":null,"addr:full":null,"toilets:access":null,"toilets":null,"payment:cash":null,"changing_table":null,"roof:shape":null,"building:use":null,"sport":null,"building:levels:underground":null,"addr:subdistrict":null,"addr:place":null,"addr:district":null,"addr:housename":null,"religion":null,"check_date":null,"branch":null,"brand:wikidata":null,"brand":null,"name:en":null,"opening_hours":null,"fast_food":null,"drive_through":null,"cuisine":null,"parking":null,"not:brand:wikidata":null,"wikipedia":null,"wikidata":null,"office":null,"level":null,"name:ml":null,"name:fa":null,"description":null,"layer":null,"addr:housenumber":null,"height":null,"shop":null,"nohousenumber":null,"website":null,"phone":null,"addr:postcode":null,"amenity":null,"addr:street":null,"addr:city":null,"tourism":null,"smoking":null,"rooms":null,"operator":null,"internet_access:ssid":null,"internet_access":null,"name:te":null,"alt_name":null,"wheelchair":null,"type":null,"name":null,"building:levels":null},"geometry":{"type":"MultiPolygon","coordinates":[[[[222501.727328858920373,1930864.636296514188871],[222513.865789124858566,1930863.794691681629047],[222513.164671905513387,1930853.726430658483878],[222501.026205519563518,1930854.568035069387406],[222501.727328858920373,1930864.636296514188871]]]]}},
{"type":"Feature","properties":{"fid":1972,"full_id":"w356192978","osm_id":"356192978","osm_type":"way","building":"yes","community_centre":null,"levels":null,"diet:lactose_free":null,"diet:dairy":null,"diet:non-vegetarian":null,"image":null,"substation":null,"power":null,"building:apartments":null,"toilets:position":null,"toilets:handwashing":null,"lit":null,"fitness_centre":null,"atm":null,"grades":null,"shelter_type":null,"addr:suburb":null,"compressed_air":null,"check_date:compressed_air":null,"toilets:disposal":null,"male":null,"female":null,"residential":null,"landuse":null,"diplomatic":null,"building:flats":null,"public_transport":null,"bus":null,"material":null,"subway":null,"station":null,"network":null,"construction":null,"leisure":null,"microbrewery":null,"brewery":null,"bar":null,"air_conditioning":null,"guest_house":null,"roof:colour":null,"building:material":null,"payment:notes":null,"payment:coins":null,"internet_access:fee":null,"building:colour":null,"brand:wikipedia":null,"surface":null,"supervised":null,"fee":null,"access":null,"takeaway":null,"outdoor_seating":null,"loc_name":null,"diet:vegetarian":null,"diet:vegan":null,"golf":null,"location":null,"addr:country":null,"email":null,"short_name":null,"official_name":null,"government":null,"man_made":null,"content":null,"operator:type":null,"healthcare":null,"contact:phone":null,"addr:state":null,"addr:full":null,"toilets:access":null,"toilets":null,"payment:cash":null,"changing_table":null,"roof:shape":null,"building:use":null,"sport":null,"building:levels:underground":null,"addr:subdistrict":null,"addr:place":null,"addr:district":null,"addr:housename":null,"religion":null,"check_date":null,"branch":null,"brand:wikidata":null,"brand":null,"name:en":null,"opening_hours":null,"fast_food":null,"drive_through":null,"cuisine":null,"parking":null,"not:brand:wikidata":null,"wikipedia":null,"wikidata":null,"office":null,"level":null,"name:ml":null,"name:fa":null,"description":null,"layer":null,"addr:housenumber":null,"height":null,"shop":null,"nohousenumber":null,"website":null,"phone":null,"addr:postcode":null,"amenity":null,"addr:street":null,"addr:city":null,"tourism":null,"smoking":null,"rooms":null,"operator":null,"internet_access:ssid":null,"internet_access":null,"name:te":null,"alt_name":null,"wheelchair":null,"type":null,"name":null,"building:levels":null},"geometry":{"type":"MultiPolygon","coordinates":[[[[222475.976740782905836,1930867.380699907429516],[222486.215531631140038,1930866.764411280397326],[222485.899133991566487,1930861.50832151947543],[222475.660188960435335,1930862.113537442870438],[222475.976740782905836,1930867.380699907429516]]]]}},
{"type":"Feature","properties":{"fid":1973,"full_id":"w356193015","osm_id":"356193015","osm_type":"way","building":"yes","community_centre":null,"levels":null,"diet:lactose_free":null,"diet:dairy":null,"diet:non-vegetarian":null,"image":null,"substation":null,"power":null,"building:apartments":null,"toilets:position":null,"toilets:handwashing":null,"lit":null,"fitness_centre":null,"atm":null,"grades":null,"shelter_type":null,"addr:suburb":null,"compressed_air":null,"check_date:compressed_air":null,"toilets:disposal":null,"male":null,"female":null,"residential":null,"landuse":null,"diplomatic":null,"building:flats":null,"public_transport":null,"bus":null,"material":null,"subway":null,"station":null,"network":null,"construction":null,"leisure":null,"microbrewery":null,"brewery":null,"bar":null,"air_conditioning":null,"guest_house":null,"roof:colour":null,"building:material":null,"payment:notes":null,"payment:coins":null,"internet_access:fee":null,"building:colour":null,"brand:wikipedia":null,"surface":null,"supervised":null,"fee":null,"access":null,"takeaway":null,"outdoor_seating":null,"loc_name":null,"diet:vegetarian":null,"diet:vegan":null,"golf":null,"location":null,"addr:country":null,"email":null,"short_name":null,"official_name":null,"government":null,"man_made":null,"content":null,"operator:type":null,"healthcare":null,"contact:phone":null,"addr:state":null,"addr:full":null,"toilets:access":null,"toilets":null,"payment:cash":null,"changing_table":null,"roof:shape":null,"building:use":null,"sport":null,"building:levels:underground":null,"addr:subdistrict":null,"addr:place":null,"addr:district":null,"addr:housename":null,"religion":null,"check_date":null,"branch":null,"brand:wikidata":null,"brand":null,"name:en":null,"opening_hours":null,"fast_food":null,"drive_through":null,"cuisine":null,"parking":null,"not:brand:wikidata":null,"wikipedia":null,"wikidata":null,"office":null,"level":null,"name:ml":null,"name:fa":null,"description":null,"layer":null,"addr:housenumber":null,"height":null,"shop":null,"nohousenumber":null,"website":null,"phone":null,"addr:postcode":null,"amenity":null,"addr:street":null,"addr:city":null,"tourism":null,"smoking":null,"rooms":null,"operator":null,"internet_access:ssid":null,"internet_access":null,"name:te":null,"alt_name":null,"wheelchair":null,"type":null,"name":null,"building:levels":null},"geometry":{"type":"MultiPolygon","coordinates":[[[[222577.617697459063493,1930791.835090301232412],[222575.364166034851223,1930777.845521159935743],[222551.498830934346188,1930781.64933411963284],[222553.462146890873555,1930793.84879398625344],[222561.809679376659915,1930792.516421660780907],[222562.448733963188715,1930796.494522235356271],[222567.688487531151623,1930795.658714373363182],[222567.329037146177143,1930793.470868061296642],[222577.617697459063493,1930791.835090301232412]]]]}},
{"type":"Feature","properties":{"fid":1974,"full_id":"w356193031","osm_id":"356193031","osm_type":"way","building":"yes","community_centre":null,"levels":null,"diet:lactose_free":null,"diet:dairy":null,"diet:non-vegetarian":null,"image":null,"substation":null,"power":null,"building:apartments":null,"toilets:position":null,"toilets:handwashing":null,"lit":null,"fitness_centre":null,"atm":null,"grades":null,"shelter_type":null,"addr:suburb":null,"compressed_air":null,"check_date:compressed_air":null,"toilets:disposal":null,"male":null,"female":null,"residential":null,"landuse":null,"diplomatic":null,"building:flats":null,"public_transport":null,"bus":null,"material":null,"subway":null,"station":null,"network":null,"construction":null,"leisure":null,"microbrewery":null,"brewery":null,"bar":null,"air_conditioning":null,"guest_house":null,"roof:colour":null,"building:material":null,"payment:notes":null,"payment:coins":null,"internet_access:fee":null,"building:colour":null,"brand:wikipedia":null,"surface":null,"supervised":null,"fee":null,"access":null,"takeaway":null,"outdoor_seating":null,"loc_name":null,"diet:vegetarian":null,"diet:vegan":null,"golf":null,"location":null,"addr:country":null,"email":null,"short_name":null,"official_name":null,"government":null,"man_made":null,"content":null,"operator:type":null,"healthcare":null,"contact:phone":null,"addr:state":null,"addr:full":null,"toilets:access":null,"toilets":null,"payment:cash":null,"changing_table":null,"roof:shape":null,"building:use":null,"sport":null,"building:levels:underground":null,"addr:subdistrict":null,"addr:place":null,"addr:district":null,"addr:housename":null,"religion":null,"check_date":null,"branch":null,"brand:wikidata":null,"brand":null,"name:en":null,"opening_hours":null,"fast_food":null,"drive_through":null,"cuisine":null,"parking":null,"not:brand:wikidata":null,"wikipedia":null,"wikidata":null,"office":null,"level":null,"name:ml":null,"name:fa":null,"description":null,"layer":null,"addr:housenumber":null,"height":null,"shop":null,"nohousenumber":null,"website":null,"phone":null,"addr:postcode":null,"amenity":null,"addr:street":null,"addr:city":null,"tourism":null,"smoking":null,"rooms":null,"operator":null,"internet_access:ssid":null,"internet_access":null,"name:te":null,"alt_name":null,"wheelchair":null,"type":null,"name":null,"building:levels":null},"geometry":{"type":"MultiPolygon","coordinates":[[[[222545.497105973772705,1930874.436563759576529],[222553.441777924250346,1930873.962434345623478],[222552.642711559019517,1930860.617444994859397],[222544.698034310364164,1930861.091573992511258],[222545.497105973772705,1930874.436563759576529]]]]}},
{"type":"Feature","properties":{"fid":1975,"full_id":"w356193044","osm_id":"356193044","osm_type":"way","building":"yes","community_centre":null,"levels":null,"diet:lactose_free":null,"diet:dairy":null,"diet:non-vegetarian":null,"image":null,"substation":null,"power":null,"building:apartments":null,"toilets:position":null,"toilets:handwashing":null,"lit":null,"fitness_centre":null,"atm":null,"grades":null,"shelter_type":null,"addr:suburb":null,"compressed_air":null,"check_date:compressed_air":null,"toilets:disposal":null,"male":null,"female":null,"residential":null,"landuse":null,"diplomatic":null,"building:flats":null,"public_transport":null,"bus":null,"material":null,"subway":null,"station":null,"network":null,"construction":null,"leisure":null,"microbrewery":null,"brewery":null,"bar":null,"air_conditioning":null,"guest_house":null,"roof:colour":null,"building:material":null,"payment:notes":null,"payment:coins":null,"internet_access:fee":null,"building:colour":null,"brand:wikipedia":null,"surface":null,"supervised":null,"fee":null,"access":null,"takeaway":null,"outdoor_seating":null,"loc_name":null,"diet:vegetarian":null,"diet:vegan":null,"golf":null,"location":null,"addr:country":null,"email":null,"short_name":null,"official_name":null,"government":null,"man_made":null,"content":null,"operator:type":null,"healthcare":null,"contact:phone":null,"addr:state":null,"addr:full":null,"toilets:access":null,"toilets":null,"payment:cash":null,"changing_table":null,"roof:shape":null,"building:use":null,"sport":null,"building:levels:underground":null,"addr:subdistrict":null,"addr:place":null,"addr:district":null,"addr:housename":null,"religion":null,"check_date":null,"branch":null,"brand:wikidata":null,"brand":null,"name:en":null,"opening_hours":null,"fast_food":null,"drive_through":null,"cuisine":null,"parking":null,"not:brand:wikidata":null,"wikipedia":null,"wikidata":null,"office":null,"level":null,"name:ml":null,"name:fa":null,"description":null,"layer":null,"addr:housenumber":null,"height":null,"shop":null,"nohousenumber":null,"website":null,"phone":null,"addr:postcode":null,"amenity":null,"addr:street":null,"addr:city":null,"tourism":null,"smoking":null,"rooms":null,"operator":null,"internet_access:ssid":null,"internet_access":null,"name:te":null,"alt_name":null,"wheelchair":null,"type":null,"name":null,"building:levels":null},"geometry":{"type":"MultiPolygon","coordinates":[[[[222505.874304707627743,1930889.597003691829741],[222517.577308902400546,1930888.783505172934383],[222516.097979142970871,1930867.673476336756721],[222504.394962576101534,1930868.486974008614197],[222505.874304707627743,1930889.597003691829741]]]]}},
{"type":"Feature","properties":{"fid":1976,"full_id":"w356193048","osm_id":"356193048","osm_type":"way","building":"yes","community_centre":null,"levels":null,"diet:lactose_free":null,"diet:dairy":null,"diet:non-vegetarian":null,"image":null,"substation":null,"power":null,"building:apartments":null,"toilets:position":null,"toilets:handwashing":null,"lit":null,"fitness_centre":null,"atm":null,"grades":null,"shelter_type":null,"addr:suburb":null,"compressed_air":null,"check_date:compressed_air":null,"toilets:disposal":null,"male":null,"female":null,"residential":null,"landuse":null,"diplomatic":null,"building:flats":null,"public_transport":null,"bus":null,"material":null,"subway":null,"station":null,"network":null,"construction":null,"leisure":null,"microbrewery":null,"brewery":null,"bar":null,"air_conditioning":null,"guest_house":null,"roof:colour":null,"building:material":null,"payment:notes":null,"payment:coins":null,"internet_access:fee":null,"building:colour":null,"brand:wikipedia":null,"surface":null,"supervised":null,"fee":null,"access":null,"takeaway":null,"outdoor_seating":null,"loc_name":null,"diet:vegetarian":null,"diet:vegan":null,"golf":null,"location":null,"addr:country":null,"email":null,"short_name":null,"official_name":null,"government":null,"man_made":null,"content":null,"operator:type":null,"healthcare":null,"contact:phone":null,"addr:state":null,"addr:full":null,"toilets:access":null,"toilets":null,"payment:cash":null,"changing_table":null,"roof:shape":null,"building:use":null,"sport":null,"building:levels:underground":null,"addr:subdistrict":null,"addr:place":null,"addr:district":null,"addr:housename":null,"religion":null,"check_date":null,"branch":null,"brand:wikidata":null,"brand":null,"name:en":null,"opening_hours":null,"fast_food":null,"drive_through":null,"cuisine":null,"parking":null,"not:brand:wikidata":null,"wikipedia":null,"wikidata":null,"office":null,"level":null,"name:ml":null,"name:fa":null,"description":null,"layer":null,"addr:housenumber":null,"height":null,"shop":null,"nohousenumber":null,"website":null,"phone":null,"addr:postcode":null,"amenity":null,"addr:street":null,"addr:city":null,"tourism":null,"smoking":null,"rooms":null,"operator":null,"internet_access:ssid":null,"internet_access":null,"name:te":null,"alt_name":null,"wheelchair":null,"type":null,"name":null,"building:levels":null},"geometry":{"type":"MultiPolygon","coordinates":[[[[222542.473523315740749,1930836.79119266429916],[222552.850489592179656,1930836.173050241312012],[222551.984504254709464,1930821.821191540686414],[222541.607530535373371,1930822.439333381596953],[222542.473523315740749,1930836.79119266429916]]]]}},
{"type":"Feature","properties":{"fid":1977,"full_id":"w356193081","osm_id":"356193081","osm_type":"way","building":"yes","community_centre":null,"levels":null,"diet:lactose_free":null,"diet:dairy":null,"diet:non-vegetarian":null,"image":null,"substation":null,"power":null,"building:apartments":null,"toilets:position":null,"toilets:handwashing":null,"lit":null,"fitness_centre":null,"atm":null,"grades":null,"shelter_type":null,"addr:suburb":null,"compressed_air":null,"check_date:compressed_air":null,"toilets:disposal":null,"male":null,"female":null,"residential":null,"landuse":null,"diplomatic":null,"building:flats":null,"public_transport":null,"bus":null,"material":null,"subway":null,"station":null,"network":null,"construction":null,"leisure":null,"microbrewery":null,"brewery":null,"bar":null,"air_conditioning":null,"guest_house":null,"roof:colour":null,"building:material":null,"payment:notes":null,"payment:coins":null,"internet_access:fee":null,"building:colour":null,"brand:wikipedia":null,"surface":null,"supervised":null,"fee":null,"access":null,"takeaway":null,"outdoor_seating":null,"loc_name":null,"diet:vegetarian":null,"diet:vegan":null,"golf":null,"location":null,"addr:country":null,"email":null,"short_name":null,"official_name":null,"government":null,"man_made":null,"content":null,"operator:type":null,"healthcare":null,"contact:phone":null,"addr:state":null,"addr:full":null,"toilets:access":null,"toilets":null,"payment:cash":null,"changing_table":null,"roof:shape":null,"building:use":null,"sport":null,"building:levels:underground":null,"addr:subdistrict":null,"addr:place":null,"addr:district":null,"addr:housename":null,"religion":null,"check_date":null,"branch":null,"brand:wikidata":null,"brand":null,"name:en":null,"opening_hours":null,"fast_food":null,"drive_through":null,"cuisine":null,"parking":null,"not:brand:wikidata":null,"wikipedia":null,"wikidata":null,"office":null,"level":null,"name:ml":null,"name:fa":null,"description":null,"layer":null,"addr:housenumber":null,"height":null,"shop":null,"nohousenumber":null,"website":null,"phone":null,"addr:postcode":null,"amenity":null,"addr:street":null,"addr:city":null,"tourism":null,"smoking":null,"rooms":null,"operator":null,"internet_access:ssid":null,"internet_access":null,"name:te":null,"alt_name":null,"wheelchair":null,"type":null,"name":null,"building:levels":null},"geometry":{"type":"MultiPolygon","coordinates":[[[[222519.089002114371397,1930797.25371768977493],[222536.374178974831011,1930795.765853546792641],[222535.517897743964568,1930786.009803840192035],[222518.232712415861897,1930787.497667552670464],[222519.089002114371397,1930797.25371768977493]]]]}},
{"type":"Feature","properties":{"fid":1978,"full_id":"w356193094","osm_id":"356193094","osm_type":"way","building":"yes","community_centre":null,"levels":null,"diet:lactose_free":null,"diet:dairy":null,"diet:non-vegetarian":null,"image":null,"substation":null,"power":null,"building:apartments":null,"toilets:position":null,"toilets:handwashing":null,"lit":null,"fitness_centre":null,"atm":null,"grades":null,"shelter_type":null,"addr:suburb":null,"compressed_air":null,"check_date:compressed_air":null,"toilets:disposal":null,"male":null,"female":null,"residential":null,"landuse":null,"diplomatic":null,"building:flats":null,"public_transport":null,"bus":null,"material":null,"subway":null,"station":null,"network":null,"construction":null,"leisure":null,"microbrewery":null,"brewery":null,"bar":null,"air_conditioning":null,"guest_house":null,"roof:colour":null,"building:material":null,"payment:notes":null,"payment:coins":null,"internet_access:fee":null,"building:colour":null,"brand:wikipedia":null,"surface":null,"supervised":null,"fee":null,"access":null,"takeaway":null,"outdoor_seating":null,"loc_name":null,"diet:vegetarian":null,"diet:vegan":null,"golf":null,"location":null,"addr:country":null,"email":null,"short_name":null,"official_name":null,"government":null,"man_made":null,"content":null,"operator:type":null,"healthcare":null,"contact:phone":null,"addr:state":null,"addr:full":null,"toilets:access":null,"toilets":null,"payment:cash":null,"changing_table":null,"roof:shape":null,"building:use":null,"sport":null,"building:levels:underground":null,"addr:subdistrict":null,"addr:place":null,"addr:district":null,"addr:housename":null,"religion":null,"check_date":null,"branch":null,"brand:wikidata":null,"brand":null,"name:en":null,"opening_hours":null,"fast_food":null,"drive_through":null,"cuisine":null,"parking":null,"not:brand:wikidata":null,"wikipedia":null,"wikidata":null,"office":null,"level":null,"name:ml":null,"name:fa":null,"description":null,"layer":null,"addr:housenumber":null,"height":null,"shop":null,"nohousenumber":null,"website":null,"phone":null,"addr:postcode":null,"amenity":null,"addr:street":null,"addr:city":null,"tourism":null,"smoking":null,"rooms":null,"operator":null,"internet_access:ssid":null,"internet_access":null,"name:te":null,"alt_name":null,"wheelchair":null,"type":null,"name":null,"building:levels":null},"geometry":{"type":"MultiPolygon","coordinates":[[[[222598.271064782631584,1930822.107338956091553],[222615.250079391640611,1930830.103544562822208],[222619.765782052534632,1930820.628423834219575],[222602.786762503907084,1930812.632213666569442],[222598.271064782631584,1930822.107338956091553]]]]}},
{"type":"Feature","properties":{"fid":1979,"full_id":"w356193098","osm_id":"356193098","osm_type":"way","building":"yes","community_centre":null,"levels":null,"diet:lactose_free":null,"diet:dairy":null,"diet:non-vegetarian":null,"image":null,"substation":null,"power":null,"building:apartments":null,"toilets:position":null,"toilets:handwashing":null,"lit":null,"fitness_centre":null,"atm":null,"grades":null,"shelter_type":null,"addr:suburb":null,"compressed_air":null,"check_date:compressed_air":null,"toilets:disposal":null,"male":null,"female":null,"residential":null,"landuse":null,"diplomatic":null,"building:flats":null,"public_transport":null,"bus":null,"material":null,"subway":null,"station":null,"network":null,"construction":null,"leisure":null,"microbrewery":null,"brewery":null,"bar":null,"air_conditioning":null,"guest_house":null,"roof:colour":null,"building:material":null,"payment:notes":null,"payment:coins":null,"internet_access:fee":null,"building:colour":null,"brand:wikipedia":null,"surface":null,"supervised":null,"fee":null,"access":null,"takeaway":null,"outdoor_seating":null,"loc_name":null,"diet:vegetarian":null,"diet:vegan":null,"golf":null,"location":null,"addr:country":null,"email":null,"short_name":null,"official_name":null,"government":null,"man_made":null,"content":null,"operator:type":null,"healthcare":null,"contact:phone":null,"addr:state":null,"addr:full":null,"toilets:access":null,"toilets":null,"payment:cash":null,"changing_table":null,"roof:shape":null,"building:use":null,"sport":null,"building:levels:underground":null,"addr:subdistrict":null,"addr:place":null,"addr:district":null,"addr:housename":null,"religion":null,"check_date":null,"branch":null,"brand:wikidata":null,"brand":null,"name:en":null,"opening_hours":null,"fast_food":null,"drive_through":null,"cuisine":null,"parking":null,"not:brand:wikidata":null,"wikipedia":null,"wikidata":null,"office":null,"level":null,"name:ml":null,"name:fa":null,"description":null,"layer":null,"addr:housenumber":null,"height":null,"shop":null,"nohousenumber":null,"website":null,"phone":null,"addr:postcode":null,"amenity":null,"addr:street":null,"addr:city":null,"tourism":null,"smoking":null,"rooms":null,"operator":null,"internet_access:ssid":null,"internet_access":null,"name:te":null,"alt_name":null,"wheelchair":null,"type":null,"name":null,"building:levels":null},"geometry":{"type":"MultiPolygon","coordinates":[[[[222592.408503087528516,1930831.8113019161392],[222610.348719475616235,1930840.137668599374592],[222614.160342311835848,1930832.034344233106822],[222596.220121400081553,1930823.707973464857787],[222592.408503087528516,1930831.8113019161392]]]]}},
{"type":"Feature","properties":{"fid":1980,"full_id":"w356193112","osm_id":"356193112","osm_type":"way","building":"yes","community_centre":null,"levels":null,"diet:lactose_free":null,"diet:dairy":null,"diet:non-vegetarian":null,"image":null,"substation":null,"power":null,"building:apartments":null,"toilets:position":null,"toilets:handwashing":null,"lit":null,"fitness_centre":null,"atm":null,"grades":null,"shelter_type":null,"addr:suburb":null,"compressed_air":null,"check_date:compressed_air":null,"toilets:disposal":null,"male":null,"female":null,"residential":null,"landuse":null,"diplomatic":null,"building:flats":null,"public_transport":null,"bus":null,"material":null,"subway":null,"station":null,"network":null,"construction":null,"leisure":null,"microbrewery":null,"brewery":null,"bar":null,"air_conditioning":null,"guest_house":null,"roof:colour":null,"building:material":null,"payment:notes":null,"payment:coins":null,"internet_access:fee":null,"building:colour":null,"brand:wikipedia":null,"surface":null,"supervised":null,"fee":null,"access":null,"takeaway":null,"outdoor_seating":null,"loc_name":null,"diet:vegetarian":null,"diet:vegan":null,"golf":null,"location":null,"addr:country":null,"email":null,"short_name":null,"official_name":null,"government":null,"man_made":null,"content":null,"operator:type":null,"healthcare":null,"contact:phone":null,"addr:state":null,"addr:full":null,"toilets:access":null,"toilets":null,"payment:cash":null,"changing_table":null,"roof:shape":null,"building:use":null,"sport":null,"building:levels:underground":null,"addr:subdistrict":null,"addr:place":null,"addr:district":null,"addr:housename":null,"religion":null,"check_date":null,"branch":null,"brand:wikidata":null,"brand":null,"name:en":null,"opening_hours":null,"fast_food":null,"drive_through":null,"cuisine":null,"parking":null,"not:brand:wikidata":null,"wikipedia":null,"wikidata":null,"office":null,"level":null,"name:ml":null,"name:fa":null,"description":null,"layer":null,"addr:housenumber":null,"height":null,"shop":null,"nohousenumber":null,"website":null,"phone":null,"addr:postcode":null,"amenity":null,"addr:street":null,"addr:city":null,"tourism":null,"smoking":null,"rooms":null,"operator":null,"internet_access:ssid":null,"internet_access":null,"name:te":null,"alt_name":null,"wheelchair":null,"type":null,"name":null,"building:levels":null},"geometry":{"type":"MultiPolygon","coordinates":[[[[222519.500070013571531,1930850.616408854722977],[222533.533335890213493,1930849.970388463465497],[222532.317154228047002,1930824.006104168947786],[222518.294649585266598,1930824.663050002418458],[222519.500070013571531,1930850.616408854722977]]]]}},
{"type":"Feature","properties":{"fid":1981,"full_id":"w356193134","osm_id":"356193134","osm_type":"way","building":"yes","community_centre":null,"levels":null,"diet:lactose_free":null,"diet:dairy":null,"diet:non-vegetarian":null,"image":null,"substation":null,"power":null,"building:apartments":null,"toilets:position":null,"toilets:handwashing":null,"lit":null,"fitness_centre":null,"atm":null,"grades":null,"shelter_type":null,"addr:suburb":null,"compressed_air":null,"check_date:compressed_air":null,"toilets:disposal":null,"male":null,"female":null,"residential":null,"landuse":null,"diplomatic":null,"building:flats":null,"public_transport":null,"bus":null,"material":null,"subway":null,"station":null,"network":null,"construction":null,"leisure":null,"microbrewery":null,"brewery":null,"bar":null,"air_conditioning":null,"guest_house":null,"roof:colour":null,"building:material":null,"payment:notes":null,"payment:coins":null,"internet_access:fee":null,"building:colour":null,"brand:wikipedia":null,"surface":null,"supervised":null,"fee":null,"access":null,"takeaway":null,"outdoor_seating":null,"loc_name":null,"diet:vegetarian":null,"diet:vegan":null,"golf":null,"location":null,"addr:country":null,"email":null,"short_name":null,"official_name":null,"government":null,"man_made":null,"content":null,"operator:type":null,"healthcare":null,"contact:phone":null,"addr:state":null,"addr:full":null,"toilets:access":null,"toilets":null,"payment:cash":null,"changing_table":null,"roof:shape":null,"building:use":null,"sport":null,"building:levels:underground":null,"addr:subdistrict":null,"addr:place":null,"addr:district":null,"addr:housename":null,"religion":null,"check_date":null,"branch":null,"brand:wikidata":null,"brand":null,"name:en":null,"opening_hours":null,"fast_food":null,"drive_through":null,"cuisine":null,"parking":null,"not:brand:wikidata":null,"wikipedia":null,"wikidata":null,"office":null,"level":null,"name:ml":null,"name:fa":null,"description":null,"layer":null,"addr:housenumber":null,"height":null,"shop":null,"nohousenumber":null,"website":null,"phone":null,"addr:postcode":null,"amenity":null,"addr:street":null,"addr:city":null,"tourism":null,"smoking":null,"rooms":null,"operator":null,"internet_access:ssid":null,"internet_access":null,"name:te":null,"alt_name":null,"wheelchair":null,"type":null,"name":null,"building:levels":null},"geometry":{"type":"MultiPolygon","coordinates":[[[[222497.002515995525755,1930853.382730172714218],[222514.440223217126913,1930852.169617130188271],[222513.596904450270813,1930840.253849501721561],[222496.169814742810559,1930841.466816442552954],[222497.002515995525755,1930853.382730172714218]]]]}},
{"type":"Feature","properties":{"fid":1982,"full_id":"w356193154","osm_id":"356193154","osm_type":"way","building":"yes","community_centre":null,"levels":null,"diet:lactose_free":null,"diet:dairy":null,"diet:non-vegetarian":null,"image":null,"substation":null,"power":null,"building:apartments":null,"toilets:position":null,"toilets:handwashing":null,"lit":null,"fitness_centre":null,"atm":null,"grades":null,"shelter_type":null,"addr:suburb":null,"compressed_air":null,"check_date:compressed_air":null,"toilets:disposal":null,"male":null,"female":null,"residential":null,"landuse":null,"diplomatic":null,"building:flats":null,"public_transport":null,"bus":null,"material":null,"subway":null,"station":null,"network":null,"construction":null,"leisure":null,"microbrewery":null,"brewery":null,"bar":null,"air_conditioning":null,"guest_house":null,"roof:colour":null,"building:material":null,"payment:notes":null,"payment:coins":null,"internet_access:fee":null,"building:colour":null,"brand:wikipedia":null,"surface":null,"supervised":null,"fee":null,"access":null,"takeaway":null,"outdoor_seating":null,"loc_name":null,"diet:vegetarian":null,"diet:vegan":null,"golf":null,"location":null,"addr:country":null,"email":null,"short_name":null,"official_name":null,"government":null,"man_made":null,"content":null,"operator:type":null,"healthcare":null,"contact:phone":null,"addr:state":null,"addr:full":null,"toilets:access":null,"toilets":null,"payment:cash":null,"changing_table":null,"roof:shape":null,"building:use":null,"sport":null,"building:levels:underground":null,"addr:subdistrict":null,"addr:place":null,"addr:district":null,"addr:housename":null,"religion":null,"check_date":null,"branch":null,"brand:wikidata":null,"brand":null,"name:en":null,"opening_hours":null,"fast_food":null,"drive_through":null,"cuisine":null,"parking":null,"not:brand:wikidata":null,"wikipedia":null,"wikidata":null,"office":null,"level":null,"name:ml":null,"name:fa":null,"description":null,"layer":null,"addr:housenumber":null,"height":null,"shop":null,"nohousenumber":null,"website":null,"phone":null,"addr:postcode":null,"amenity":null,"addr:street":null,"addr:city":null,"tourism":null,"smoking":null,"rooms":null,"operator":null,"internet_access:ssid":null,"internet_access":null,"name:te":null,"alt_name":null,"wheelchair":null,"type":null,"name":null,"building:levels":null},"geometry":{"type":"MultiPolygon","coordinates":[[[[222550.461886681325268,1930793.657264266163111],[222548.908916237181984,1930782.703617065446451],[222540.017991213826463,1930783.943755660206079],[222541.570966570754535,1930794.89740284672007],[222550.461886681325268,1930793.657264266163111]]]]}},
{"type":"Feature","properties":{"fid":1983,"full_id":"w356193172","osm_id":"356193172","osm_type":"way","building":"yes","community_centre":null,"levels":null,"diet:lactose_free":null,"diet:dairy":null,"diet:non-vegetarian":null,"image":null,"substation":null,"power":null,"building:apartments":null,"toilets:position":null,"toilets:handwashing":null,"lit":null,"fitness_centre":null,"atm":null,"grades":null,"shelter_type":null,"addr:suburb":null,"compressed_air":null,"check_date:compressed_air":null,"toilets:disposal":null,"male":null,"female":null,"residential":null,"landuse":null,"diplomatic":null,"building:flats":null,"public_transport":null,"bus":null,"material":null,"subway":null,"station":null,"network":null,"construction":null,"leisure":null,"microbrewery":null,"brewery":null,"bar":null,"air_conditioning":null,"guest_house":null,"roof:colour":null,"building:material":null,"payment:notes":null,"payment:coins":null,"internet_access:fee":null,"building:colour":null,"brand:wikipedia":null,"surface":null,"supervised":null,"fee":null,"access":null,"takeaway":null,"outdoor_seating":null,"loc_name":null,"diet:vegetarian":null,"diet:vegan":null,"golf":null,"location":null,"addr:country":null,"email":null,"short_name":null,"official_name":null,"government":null,"man_made":null,"content":null,"operator:type":null,"healthcare":null,"contact:phone":null,"addr:state":null,"addr:full":null,"toilets:access":null,"toilets":null,"payment:cash":null,"changing_table":null,"roof:shape":null,"building:use":null,"sport":null,"building:levels:underground":null,"addr:subdistrict":null,"addr:place":null,"addr:district":null,"addr:housename":null,"religion":null,"check_date":null,"branch":null,"brand:wikidata":null,"brand":null,"name:en":null,"opening_hours":null,"fast_food":null,"drive_through":null,"cuisine":null,"parking":null,"not:brand:wikidata":null,"wikipedia":null,"wikidata":null,"office":null,"level":null,"name:ml":null,"name:fa":null,"description":null,"layer":null,"addr:housenumber":null,"height":null,"shop":null,"nohousenumber":null,"website":null,"phone":null,"addr:postcode":null,"amenity":null,"addr:street":null,"addr:city":null,"tourism":null,"smoking":null,"rooms":null,"operator":null,"internet_access:ssid":null,"internet_access":null,"name:te":null,"alt_name":null,"wheelchair":null,"type":null,"name":null,"building:levels":null},"geometry":{"type":"MultiPolygon","coordinates":[[[[222580.394805542833637,1930803.691183994757012],[222599.684618478873745,1930812.763232555706054],[222605.192286597564816,1930801.203601218527183],[222599.532557091733906,1930798.534508713055402],[222601.722993138770107,1930793.919688524678349],[222597.903531899384689,1930792.122469456633553],[222596.425831042986829,1930795.221403740346432],[222593.515801157860551,1930793.854730957653373],[222594.993350314209238,1930790.744723932584748],[222588.114005380193703,1930787.505361194256693],[222580.394805542833637,1930803.691183994757012]]]]}},
{"type":"Feature","properties":{"fid":4152,"full_id":"w356540980","osm_id":"356540980","osm_type":"way","building":"yes","community_centre":null,"levels":null,"diet:lactose_free":null,"diet:dairy":null,"diet:non-vegetarian":null,"image":null,"substation":null,"power":null,"building:apartments":null,"toilets:position":null,"toilets:handwashing":null,"lit":null,"fitness_centre":null,"atm":null,"grades":null,"shelter_type":null,"addr:suburb":null,"compressed_air":null,"check_date:compressed_air":null,"toilets:disposal":null,"male":null,"female":null,"residential":null,"landuse":null,"diplomatic":null,"building:flats":null,"public_transport":null,"bus":null,"material":null,"subway":null,"station":null,"network":null,"construction":null,"leisure":null,"microbrewery":null,"brewery":null,"bar":null,"air_conditioning":null,"guest_house":null,"roof:colour":null,"building:material":null,"payment:notes":null,"payment:coins":null,"internet_access:fee":null,"building:colour":null,"brand:wikipedia":null,"surface":null,"supervised":null,"fee":null,"access":null,"takeaway":null,"outdoor_seating":null,"loc_name":null,"diet:vegetarian":null,"diet:vegan":null,"golf":null,"location":null,"addr:country":null,"email":null,"short_name":null,"official_name":null,"government":null,"man_made":null,"content":null,"operator:type":null,"healthcare":null,"contact:phone":null,"addr:state":null,"addr:full":null,"toilets:access":null,"toilets":null,"payment:cash":null,"changing_table":null,"roof:shape":null,"building:use":null,"sport":null,"building:levels:underground":null,"addr:subdistrict":null,"addr:place":null,"addr:district":null,"addr:housename":null,"religion":null,"check_date":null,"branch":null,"brand:wikidata":null,"brand":null,"name:en":null,"opening_hours":null,"fast_food":null,"drive_through":null,"cuisine":null,"parking":null,"not:brand:wikidata":null,"wikipedia":null,"wikidata":null,"office":null,"level":null,"name:ml":null,"name:fa":null,"description":null,"layer":null,"addr:housenumber":null,"height":null,"shop":null,"nohousenumber":null,"website":null,"phone":null,"addr:postcode":null,"amenity":null,"addr:street":null,"addr:city":null,"tourism":null,"smoking":null,"rooms":null,"operator":null,"internet_access:ssid":null,"internet_access":null,"name:te":null,"alt_name":null,"wheelchair":null,"type":null,"name":null,"building:levels":null},"geometry":{"type":"MultiPolygon","coordinates":[[[[222224.0,1930991.259639560710639],[222226.605438459664583,1930989.712999399751425],[222224.0,1930985.379666180582717],[222224.0,1930991.259639560710639]]],[[[222224.0,1930983.746490357909352],[222227.884567577275448,1930981.433839072007686],[222230.038470246596262,1930985.025732032721862],[222234.857193496660329,1930982.168945208890364],[222237.750923953542951,1930987.002135558053851],[222235.410037234309129,1930988.385292439488694],[222246.581558784295339,1931006.981581897940487],[222263.557612796372268,1930996.903810384916142],[222245.870053165825084,1930967.443976574344561],[222240.798227145860437,1930970.448195629520342],[222236.860413777409121,1930963.890592454699799],[222224.0,1930971.518685049377382],[222224.0,1930976.800889221485704],[222224.842775533383247,1930978.208492666948587],[222224.0,1930978.708723432384431],[222224.0,1930983.746490357909352]]]]}},
{"type":"Feature","properties":{"fid":4249,"full_id":"w357960321","osm_id":"357960321","osm_type":"way","building":"yes","community_centre":null,"levels":null,"diet:lactose_free":null,"diet:dairy":null,"diet:non-vegetarian":null,"image":null,"substation":null,"power":null,"building:apartments":null,"toilets:position":null,"toilets:handwashing":null,"lit":null,"fitness_centre":null,"atm":null,"grades":null,"shelter_type":null,"addr:suburb":null,"compressed_air":null,"check_date:compressed_air":null,"toilets:disposal":null,"male":null,"female":null,"residential":null,"landuse":null,"diplomatic":null,"building:flats":null,"public_transport":null,"bus":null,"material":null,"subway":null,"station":null,"network":null,"construction":null,"leisure":null,"microbrewery":null,"brewery":null,"bar":null,"air_conditioning":null,"guest_house":null,"roof:colour":null,"building:material":null,"payment:notes":null,"payment:coins":null,"internet_access:fee":null,"building:colour":null,"brand:wikipedia":null,"surface":null,"supervised":null,"fee":null,"access":null,"takeaway":null,"outdoor_seating":null,"loc_name":null,"diet:vegetarian":null,"diet:vegan":null,"golf":null,"location":null,"addr:country":null,"email":null,"short_name":null,"official_name":null,"government":null,"man_made":null,"content":null,"operator:type":null,"healthcare":null,"contact:phone":null,"addr:state":null,"addr:full":null,"toilets:access":null,"toilets":null,"payment:cash":null,"changing_table":null,"roof:shape":null,"building:use":null,"sport":null,"building:levels:underground":null,"addr:subdistrict":null,"addr:place":null,"addr:district":null,"addr:housename":null,"religion":null,"check_date":null,"branch":null,"brand:wikidata":null,"brand":null,"name:en":null,"opening_hours":null,"fast_food":null,"drive_through":null,"cuisine":null,"parking":null,"not:brand:wikidata":null,"wikipedia":null,"wikidata":null,"office":null,"level":null,"name:ml":null,"name:fa":null,"description":null,"layer":null,"addr:housenumber":null,"height":null,"shop":null,"nohousenumber":null,"website":null,"phone":null,"addr:postcode":null,"amenity":null,"addr:street":null,"addr:city":null,"tourism":null,"smoking":null,"rooms":null,"operator":null,"internet_access:ssid":null,"internet_access":null,"name:te":null,"alt_name":null,"wheelchair":null,"type":null,"name":null,"building:levels":null},"geometry":{"type":"MultiPolygon","coordinates":[[[[222319.602459561021533,1931014.298765855142847],[222294.250197877699975,1931014.291482472792268],[222295.20823078189278,1931021.377172864275053],[222300.221334972768091,1931031.164913281099871],[222302.834266799094621,1931031.01839222246781],[222303.01742211706005,1931035.855477037839592],[222305.495829823776148,1931035.976588049670681],[222305.512186562060378,1931037.947639733320102],[222307.350953228364233,1931037.93353899451904],[222307.384424426942132,1931041.931004856014624],[222308.808553719485644,1931041.911506582750008],[222308.831277322780807,1931044.347603502916172],[222310.06425710656913,1931044.341796969296411],[222310.08121991797816,1931046.357138633262366],[222315.442041408910882,1931046.604905588319525],[222316.833671346947085,1931032.565432877745479],[222313.976467562897597,1931031.951150362379849],[222314.065865261480212,1931026.058249117806554],[222319.699225890974049,1931026.02542216097936],[222319.602459561021533,1931014.298765855142847]]]]}},
{"type":"Feature","properties":{"fid":4756,"full_id":"w360285464","osm_id":"360285464","osm_type":"way","building":"yes","community_centre":null,"levels":null,"diet:lactose_free":null,"diet:dairy":null,"diet:non-vegetarian":null,"image":null,"substation":null,"power":null,"building:apartments":null,"toilets:position":null,"toilets:handwashing":null,"lit":null,"fitness_centre":null,"atm":null,"grades":null,"shelter_type":null,"addr:suburb":null,"compressed_air":null,"check_date:compressed_air":null,"toilets:disposal":null,"male":null,"female":null,"residential":null,"landuse":null,"diplomatic":null,"building:flats":null,"public_transport":null,"bus":null,"material":null,"subway":null,"station":null,"network":null,"construction":null,"leisure":null,"microbrewery":null,"brewery":null,"bar":null,"air_conditioning":null,"guest_house":null,"roof:colour":null,"building:material":null,"payment:notes":null,"payment:coins":null,"internet_access:fee":null,"building:colour":null,"brand:wikipedia":null,"surface":null,"supervised":null,"fee":null,"access":null,"takeaway":null,"outdoor_seating":null,"loc_name":null,"diet:vegetarian":null,"diet:vegan":null,"golf":null,"location":null,"addr:country":null,"email":null,"short_name":null,"official_name":null,"government":null,"man_made":null,"content":null,"operator:type":null,"healthcare":null,"contact:phone":null,"addr:state":null,"addr:full":null,"toilets:access":null,"toilets":null,"payment:cash":null,"changing_table":null,"roof:shape":null,"building:use":null,"sport":null,"building:levels:underground":null,"addr:subdistrict":null,"addr:place":null,"addr:district":null,"addr:housename":null,"religion":null,"check_date":null,"branch":null,"brand:wikidata":null,"brand":null,"name:en":null,"opening_hours":null,"fast_food":null,"drive_through":null,"cuisine":null,"parking":null,"not:brand:wikidata":null,"wikipedia":null,"wikidata":null,"office":null,"level":null,"name:ml":null,"name:fa":null,"description":null,"layer":null,"addr:housenumber":null,"height":null,"shop":null,"nohousenumber":null,"website":null,"phone":null,"addr:postcode":null,"amenity":null,"addr:street":null,"addr:city":null,"tourism":null,"smoking":null,"rooms":null,"operator":null,"internet_access:ssid":null,"internet_access":null,"name:te":null,"alt_name":null,"wheelchair":null,"type":null,"name":null,"building:levels":null},"geometry":{"type":"MultiPolygon","coordinates":[[[[222299.836581679410301,1931085.358115354087204],[222306.722946554422379,1931085.230603988282382],[222306.634228085633367,1931080.303629437927157],[222299.758640946180094,1931080.442067591939121],[222299.836581679410301,1931085.358115354087204]]]]}},
{"type":"Feature","properties":{"fid":4759,"full_id":"w360285479","osm_id":"360285479","osm_type":"way","building":"yes","community_centre":null,"levels":null,"diet:lactose_free":null,"diet:dairy":null,"diet:non-vegetarian":null,"image":null,"substation":null,"power":null,"building:apartments":null,"toilets:position":null,"toilets:handwashing":null,"lit":null,"fitness_centre":null,"atm":null,"grades":null,"shelter_type":null,"addr:suburb":null,"compressed_air":null,"check_date:compressed_air":null,"toilets:disposal":null,"male":null,"female":null,"residential":null,"landuse":null,"diplomatic":null,"building:flats":null,"public_transport":null,"bus":null,"material":null,"subway":null,"station":null,"network":null,"construction":null,"leisure":null,"microbrewery":null,"brewery":null,"bar":null,"air_conditioning":null,"guest_house":null,"roof:colour":null,"building:material":null,"payment:notes":null,"payment:coins":null,"internet_access:fee":null,"building:colour":null,"brand:wikipedia":null,"surface":null,"supervised":null,"fee":null,"access":null,"takeaway":null,"outdoor_seating":null,"loc_name":null,"diet:vegetarian":null,"diet:vegan":null,"golf":null,"location":null,"addr:country":null,"email":null,"short_name":null,"official_name":null,"government":null,"man_made":null,"content":null,"operator:type":null,"healthcare":null,"contact:phone":null,"addr:state":null,"addr:full":null,"toilets:access":null,"toilets":null,"payment:cash":null,"changing_table":null,"roof:shape":null,"building:use":null,"sport":null,"building:levels:underground":null,"addr:subdistrict":null,"addr:place":null,"addr:district":null,"addr:housename":null,"religion":null,"check_date":null,"branch":null,"brand:wikidata":null,"brand":null,"name:en":null,"opening_hours":null,"fast_food":null,"drive_through":null,"cuisine":null,"parking":null,"not:brand:wikidata":null,"wikipedia":null,"wikidata":null,"office":null,"level":null,"name:ml":null,"name:fa":null,"description":null,"layer":null,"addr:housenumber":null,"height":null,"shop":null,"nohousenumber":null,"website":null,"phone":null,"addr:postcode":null,"amenity":null,"addr:street":null,"addr:city":null,"tourism":null,"smoking":null,"rooms":null,"operator":null,"internet_access:ssid":null,"internet_access":null,"name:te":null,"alt_name":null,"wheelchair":null,"type":null,"name":null,"building:levels":null},"geometry":{"type":"MultiPolygon","coordinates":[[[[222396.413946216518525,1931099.75082092336379],[222396.673351355188061,1931114.819767423439771],[222412.359053244930692,1931114.538627183996141],[222412.099811350461096,1931099.48075460572727],[222396.413946216518525,1931099.75082092336379]]]]}},
{"type":"Feature","properties":{"fid":4762,"full_id":"w360285491","osm_id":"360285491","osm_type":"way","building":"yes","community_centre":null,"levels":null,"diet:lactose_free":null,"diet:dairy":null,"diet:non-vegetarian":null,"image":null,"substation":null,"power":null,"building:apartments":null,"toilets:position":null,"toilets:handwashing":null,"lit":null,"fitness_centre":null,"atm":null,"grades":null,"shelter_type":null,"addr:suburb":null,"compressed_air":null,"check_date:compressed_air":null,"toilets:disposal":null,"male":null,"female":null,"residential":null,"landuse":null,"diplomatic":null,"building:flats":null,"public_transport":null,"bus":null,"material":null,"subway":null,"station":null,"network":null,"construction":null,"leisure":null,"microbrewery":null,"brewery":null,"bar":null,"air_conditioning":null,"guest_house":null,"roof:colour":null,"building:material":null,"payment:notes":null,"payment:coins":null,"internet_access:fee":null,"building:colour":null,"brand:wikipedia":null,"surface":null,"supervised":null,"fee":null,"access":null,"takeaway":null,"outdoor_seating":null,"loc_name":null,"diet:vegetarian":null,"diet:vegan":null,"golf":null,"location":null,"addr:country":null,"email":null,"short_name":null,"official_name":null,"government":null,"man_made":null,"content":null,"operator:type":null,"healthcare":null,"contact:phone":null,"addr:state":null,"addr:full":null,"toilets:access":null,"toilets":null,"payment:cash":null,"changing_table":null,"roof:shape":null,"building:use":null,"sport":null,"building:levels:underground":null,"addr:subdistrict":null,"addr:place":null,"addr:district":null,"addr:housename":null,"religion":null,"check_date":null,"branch":null,"brand:wikidata":null,"brand":null,"name:en":null,"opening_hours":null,"fast_food":null,"drive_through":null,"cuisine":null,"parking":null,"not:brand:wikidata":null,"wikipedia":null,"wikidata":null,"office":null,"level":null,"name:ml":null,"name:fa":null,"description":null,"layer":null,"addr:housenumber":null,"height":null,"shop":null,"nohousenumber":null,"website":null,"phone":null,"addr:postcode":null,"amenity":null,"addr:street":null,"addr:city":null,"tourism":null,"smoking":null,"rooms":null,"operator":null,"internet_access:ssid":null,"internet_access":null,"name:te":null,"alt_name":null,"wheelchair":null,"type":null,"name":null,"building:levels":null},"geometry":{"type":"MultiPolygon","coordinates":[[[[222301.289669816964306,1930799.403600085061044],[222305.821657553955447,1930802.774677920388058],[222309.914301696582697,1930797.347480469150469],[222305.371685756603256,1930793.976547156227753],[222301.289669816964306,1930799.403600085061044]]]]}},
{"type":"Feature","properties":{"fid":4814,"full_id":"w360651319","osm_id":"360651319","osm_type":"way","building":"yes","community_centre":null,"levels":null,"diet:lactose_free":null,"diet:dairy":null,"diet:non-vegetarian":null,"image":null,"substation":null,"power":null,"building:apartments":null,"toilets:position":null,"toilets:handwashing":null,"lit":null,"fitness_centre":null,"atm":null,"grades":null,"shelter_type":null,"addr:suburb":null,"compressed_air":null,"check_date:compressed_air":null,"toilets:disposal":null,"male":null,"female":null,"residential":null,"landuse":null,"diplomatic":null,"building:flats":null,"public_transport":null,"bus":null,"material":null,"subway":null,"station":null,"network":null,"construction":null,"leisure":null,"microbrewery":null,"brewery":null,"bar":null,"air_conditioning":null,"guest_house":null,"roof:colour":null,"building:material":null,"payment:notes":null,"payment:coins":null,"internet_access:fee":null,"building:colour":null,"brand:wikipedia":null,"surface":null,"supervised":null,"fee":null,"access":null,"takeaway":null,"outdoor_seating":null,"loc_name":null,"diet:vegetarian":null,"diet:vegan":null,"golf":null,"location":null,"addr:country":null,"email":null,"short_name":null,"official_name":null,"government":null,"man_made":null,"content":null,"operator:type":null,"healthcare":null,"contact:phone":null,"addr:state":null,"addr:full":null,"toilets:access":null,"toilets":null,"payment:cash":null,"changing_table":null,"roof:shape":null,"building:use":null,"sport":null,"building:levels:underground":null,"addr:subdistrict":null,"addr:place":null,"addr:district":null,"addr:housename":null,"religion":null,"check_date":null,"branch":null,"brand:wikidata":null,"brand":null,"name:en":null,"opening_hours":null,"fast_food":null,"drive_through":null,"cuisine":null,"parking":null,"not:brand:wikidata":null,"wikipedia":null,"wikidata":null,"office":null,"level":null,"name:ml":null,"name:fa":null,"description":null,"layer":null,"addr:housenumber":null,"height":null,"shop":null,"nohousenumber":null,"website":null,"phone":null,"addr:postcode":null,"amenity":null,"addr:street":null,"addr:city":null,"tourism":null,"smoking":null,"rooms":null,"operator":null,"internet_access:ssid":null,"internet_access":null,"name:te":null,"alt_name":null,"wheelchair":null,"type":null,"name":null,"building:levels":null},"geometry":{"type":"MultiPolygon","coordinates":[[[[222498.288746138394345,1930957.499265281716362],[222506.516528085805476,1930957.519594455836341],[222506.543829662725329,1930948.637420210521668],[222498.305416257411707,1930948.617235928308219],[222498.288746138394345,1930957.499265281716362]]]]}},
{"type":"Feature","properties":{"fid":8898,"full_id":"w417153528","osm_id":"417153528","osm_type":"way","building":"yes","community_centre":null,"levels":null,"diet:lactose_free":null,"diet:dairy":null,"diet:non-vegetarian":null,"image":null,"substation":null,"power":null,"building:apartments":null,"toilets:position":null,"toilets:handwashing":null,"lit":null,"fitness_centre":null,"atm":null,"grades":null,"shelter_type":null,"addr:suburb":null,"compressed_air":null,"check_date:compressed_air":null,"toilets:disposal":null,"male":null,"female":null,"residential":null,"landuse":null,"diplomatic":null,"building:flats":null,"public_transport":null,"bus":null,"material":null,"subway":null,"station":null,"network":null,"construction":null,"leisure":null,"microbrewery":null,"brewery":null,"bar":null,"air_conditioning":null,"guest_house":null,"roof:colour":null,"building:material":null,"payment:notes":null,"payment:coins":null,"internet_access:fee":null,"building:colour":null,"brand:wikipedia":null,"surface":null,"supervised":null,"fee":null,"access":null,"takeaway":null,"outdoor_seating":null,"loc_name":null,"diet:vegetarian":null,"diet:vegan":null,"golf":null,"location":null,"addr:country":null,"email":null,"short_name":null,"official_name":null,"government":null,"man_made":null,"content":null,"operator:type":null,"healthcare":null,"contact:phone":null,"addr:state":null,"addr:full":null,"toilets:access":null,"toilets":null,"payment:cash":null,"changing_table":null,"roof:shape":null,"building:use":null,"sport":null,"building:levels:underground":null,"addr:subdistrict":null,"addr:place":null,"addr:district":null,"addr:housename":null,"religion":null,"check_date":null,"branch":null,"brand:wikidata":null,"brand":null,"name:en":null,"opening_hours":null,"fast_food":null,"drive_through":null,"cuisine":null,"parking":null,"not:brand:wikidata":null,"wikipedia":null,"wikidata":null,"office":null,"level":null,"name:ml":null,"name:fa":null,"description":null,"layer":null,"addr:housenumber":null,"height":null,"shop":null,"nohousenumber":null,"website":null,"phone":null,"addr:postcode":null,"amenity":null,"addr:street":null,"addr:city":null,"tourism":null,"smoking":null,"rooms":null,"operator":null,"internet_access:ssid":null,"internet_access":null,"name:te":null,"alt_name":null,"wheelchair":null,"type":null,"name":null,"building:levels":null},"geometry":{"type":"MultiPolygon","coordinates":[[[[222496.725621978344861,1930959.790936914971098],[222496.451053867640439,1930966.915639001177624],[222503.948842742887791,1930967.189594412455335],[222504.223564932937734,1930960.075965284835547],[222496.725621978344861,1930959.790936914971098]]]]}},
{"type":"Feature","properties":{"fid":8899,"full_id":"w417153529","osm_id":"417153529","osm_type":"way","building":"yes","community_centre":null,"levels":null,"diet:lactose_free":null,"diet:dairy":null,"diet:non-vegetarian":null,"image":null,"substation":null,"power":null,"building:apartments":null,"toilets:position":null,"toilets:handwashing":null,"lit":null,"fitness_centre":null,"atm":null,"grades":null,"shelter_type":null,"addr:suburb":null,"compressed_air":null,"check_date:compressed_air":null,"toilets:disposal":null,"male":null,"female":null,"residential":null,"landuse":null,"diplomatic":null,"building:flats":null,"public_transport":null,"bus":null,"material":null,"subway":null,"station":null,"network":null,"construction":null,"leisure":null,"microbrewery":null,"brewery":null,"bar":null,"air_conditioning":null,"guest_house":null,"roof:colour":null,"building:material":null,"payment:notes":null,"payment:coins":null,"internet_access:fee":null,"building:colour":null,"brand:wikipedia":null,"surface":null,"supervised":null,"fee":null,"access":null,"takeaway":null,"outdoor_seating":null,"loc_name":null,"diet:vegetarian":null,"diet:vegan":null,"golf":null,"location":null,"addr:country":null,"email":null,"short_name":null,"official_name":null,"government":null,"man_made":null,"content":null,"operator:type":null,"healthcare":null,"contact:phone":null,"addr:state":null,"addr:full":null,"toilets:access":null,"toilets":null,"payment:cash":null,"changing_table":null,"roof:shape":null,"building:use":null,"sport":null,"building:levels:underground":null,"addr:subdistrict":null,"addr:place":null,"addr:district":null,"addr:housename":null,"religion":null,"check_date":null,"branch":null,"brand:wikidata":null,"brand":null,"name:en":null,"opening_hours":null,"fast_food":null,"drive_through":null,"cuisine":null,"parking":null,"not:brand:wikidata":null,"wikipedia":null,"wikidata":null,"office":null,"level":null,"name:ml":null,"name:fa":null,"description":null,"layer":null,"addr:housenumber":null,"height":null,"shop":null,"nohousenumber":null,"website":null,"phone":null,"addr:postcode":null,"amenity":null,"addr:street":null,"addr:city":null,"tourism":null,"smoking":null,"rooms":null,"operator":null,"internet_access:ssid":null,"internet_access":null,"name:te":null,"alt_name":null,"wheelchair":null,"type":null,"name":null,"building:levels":null},"geometry":{"type":"MultiPolygon","coordinates":[[[[222524.25086420372827,1930814.813810291932896],[222536.361861817713361,1930814.293761525070295],[222535.787792516930494,1930801.078588711796328],[222523.676786930125672,1930801.598636721726507],[222524.25086420372827,1930814.813810291932896]]]]}},
{"type":"Feature","properties":{"fid":8900,"full_id":"w417153531","osm_id":"417153531","osm_type":"way","building":"yes","community_centre":null,"levels":null,"diet:lactose_free":null,"diet:dairy":null,"diet:non-vegetarian":null,"image":null,"substation":null,"power":null,"building:apartments":null,"toilets:position":null,"toilets:handwashing":null,"lit":null,"fitness_centre":null,"atm":null,"grades":null,"shelter_type":null,"addr:suburb":null,"compressed_air":null,"check_date:compressed_air":null,"toilets:disposal":null,"male":null,"female":null,"residential":null,"landuse":null,"diplomatic":null,"building:flats":null,"public_transport":null,"bus":null,"material":null,"subway":null,"station":null,"network":null,"construction":null,"leisure":null,"microbrewery":null,"brewery":null,"bar":null,"air_conditioning":null,"guest_house":null,"roof:colour":null,"building:material":null,"payment:notes":null,"payment:coins":null,"internet_access:fee":null,"building:colour":null,"brand:wikipedia":null,"surface":null,"supervised":null,"fee":null,"access":null,"takeaway":null,"outdoor_seating":null,"loc_name":null,"diet:vegetarian":null,"diet:vegan":null,"golf":null,"location":null,"addr:country":null,"email":null,"short_name":null,"official_name":null,"government":null,"man_made":null,"content":null,"operator:type":null,"healthcare":null,"contact:phone":null,"addr:state":null,"addr:full":null,"toilets:access":null,"toilets":null,"payment:cash":null,"changing_table":null,"roof:shape":null,"building:use":null,"sport":null,"building:levels:underground":null,"addr:subdistrict":null,"addr:place":null,"addr:district":null,"addr:housename":null,"religion":null,"check_date":null,"branch":null,"brand:wikidata":null,"brand":null,"name:en":null,"opening_hours":null,"fast_food":null,"drive_through":null,"cuisine":null,"parking":null,"not:brand:wikidata":null,"wikipedia":null,"wikidata":null,"office":null,"level":null,"name:ml":null,"name:fa":null,"description":null,"layer":null,"addr:housenumber":null,"height":null,"shop":null,"nohousenumber":null,"website":null,"phone":null,"addr:postcode":null,"amenity":null,"addr:street":null,"addr:city":null,"tourism":null,"smoking":null,"rooms":null,"operator":null,"internet_access:ssid":null,"internet_access":null,"name:te":null,"alt_name":null,"wheelchair":null,"type":null,"name":null,"building:levels":null},"geometry":{"type":"MultiPolygon","coordinates":[[[[222450.380044096207712,1931027.415136703057215],[222463.349781255994458,1931027.514523966237903],[222463.469682121882215,1931012.971974396612495],[222450.499784184561577,1931012.86151327053085],[222450.380044096207712,1931027.415136703057215]]]]}},
{"type":"Feature","properties":{"fid":8905,"full_id":"w417153539","osm_id":"417153539","osm_type":"way","building":"yes","community_centre":null,"levels":null,"diet:lactose_free":null,"diet:dairy":null,"diet:non-vegetarian":null,"image":null,"substation":null,"power":null,"building:apartments":null,"toilets:position":null,"toilets:handwashing":null,"lit":null,"fitness_centre":null,"atm":null,"grades":null,"shelter_type":null,"addr:suburb":null,"compressed_air":null,"check_date:compressed_air":null,"toilets:disposal":null,"male":null,"female":null,"residential":null,"landuse":null,"diplomatic":null,"building:flats":null,"public_transport":null,"bus":null,"material":null,"subway":null,"station":null,"network":null,"construction":null,"leisure":null,"microbrewery":null,"brewery":null,"bar":null,"air_conditioning":null,"guest_house":null,"roof:colour":null,"building:material":null,"payment:notes":null,"payment:coins":null,"internet_access:fee":null,"building:colour":null,"brand:wikipedia":null,"surface":null,"supervised":null,"fee":null,"access":null,"takeaway":null,"outdoor_seating":null,"loc_name":null,"diet:vegetarian":null,"diet:vegan":null,"golf":null,"location":null,"addr:country":null,"email":null,"short_name":null,"official_name":null,"government":null,"man_made":null,"content":null,"operator:type":null,"healthcare":null,"contact:phone":null,"addr:state":null,"addr:full":null,"toilets:access":null,"toilets":null,"payment:cash":null,"changing_table":null,"roof:shape":null,"building:use":null,"sport":null,"building:levels:underground":null,"addr:subdistrict":null,"addr:place":null,"addr:district":null,"addr:housename":null,"religion":null,"check_date":null,"branch":null,"brand:wikidata":null,"brand":null,"name:en":null,"opening_hours":null,"fast_food":null,"drive_through":null,"cuisine":null,"parking":null,"not:brand:wikidata":null,"wikipedia":null,"wikidata":null,"office":null,"level":null,"name:ml":null,"name:fa":null,"description":null,"layer":null,"addr:housenumber":null,"height":null,"shop":null,"nohousenumber":null,"website":null,"phone":null,"addr:postcode":null,"amenity":null,"addr:street":null,"addr:city":null,"tourism":null,"smoking":null,"rooms":null,"operator":null,"internet_access:ssid":null,"internet_access":null,"name:te":null,"alt_name":null,"wheelchair":null,"type":null,"name":null,"building:levels":null},"geometry":{"type":"MultiPolygon","coordinates":[[[[222543.415045477915555,1930876.093003552174196],[222542.398744132136926,1930888.831575365271419],[222547.942843550292309,1930889.265169973252341],[222548.959148264024407,1930876.52659891359508],[222543.415045477915555,1930876.093003552174196]]]]}},
{"type":"Feature","properties":{"fid":8913,"full_id":"w417153550","osm_id":"417153550","osm_type":"way","building":"yes","community_centre":null,"levels":null,"diet:lactose_free":null,"diet:dairy":null,"diet:non-vegetarian":null,"image":null,"substation":null,"power":null,"building:apartments":null,"toilets:position":null,"toilets:handwashing":null,"lit":null,"fitness_centre":null,"atm":null,"grades":null,"shelter_type":null,"addr:suburb":null,"compressed_air":null,"check_date:compressed_air":null,"toilets:disposal":null,"male":null,"female":null,"residential":null,"landuse":null,"diplomatic":null,"building:flats":null,"public_transport":null,"bus":null,"material":null,"subway":null,"station":null,"network":null,"construction":null,"leisure":null,"microbrewery":null,"brewery":null,"bar":null,"air_conditioning":null,"guest_house":null,"roof:colour":null,"building:material":null,"payment:notes":null,"payment:coins":null,"internet_access:fee":null,"building:colour":null,"brand:wikipedia":null,"surface":null,"supervised":null,"fee":null,"access":null,"takeaway":null,"outdoor_seating":null,"loc_name":null,"diet:vegetarian":null,"diet:vegan":null,"golf":null,"location":null,"addr:country":null,"email":null,"short_name":null,"official_name":null,"government":null,"man_made":null,"content":null,"operator:type":null,"healthcare":null,"contact:phone":null,"addr:state":null,"addr:full":null,"toilets:access":null,"toilets":null,"payment:cash":null,"changing_table":null,"roof:shape":null,"building:use":null,"sport":null,"building:levels:underground":null,"addr:subdistrict":null,"addr:place":null,"addr:district":null,"addr:housename":null,"religion":null,"check_date":null,"branch":null,"brand:wikidata":null,"brand":null,"name:en":null,"opening_hours":null,"fast_food":null,"drive_through":null,"cuisine":null,"parking":null,"not:brand:wikidata":null,"wikipedia":null,"wikidata":null,"office":null,"level":null,"name:ml":null,"name:fa":null,"description":null,"layer":null,"addr:housenumber":null,"height":null,"shop":null,"nohousenumber":null,"website":null,"phone":null,"addr:postcode":null,"amenity":null,"addr:street":null,"addr:city":null,"tourism":null,"smoking":null,"rooms":null,"operator":null,"internet_access:ssid":null,"internet_access":null,"name:te":null,"alt_name":null,"wheelchair":null,"type":null,"name":null,"building:levels":null},"geometry":{"type":"MultiPolygon","coordinates":[[[[222363.472179966047406,1930907.936005295952782],[222411.496063975966536,1930904.687279330799356],[222407.775638203835115,1930850.317748309345916],[222359.751623474934604,1930853.566465109353885],[222363.472179966047406,1930907.936005295952782]]]]}},
{"type":"Feature","properties":{"fid":8931,"full_id":"w417153580","osm_id":"417153580","osm_type":"way","building":"yes","community_centre":null,"levels":null,"diet:lactose_free":null,"diet:dairy":null,"diet:non-vegetarian":null,"image":null,"substation":null,"power":null,"building:apartments":null,"toilets:position":null,"toilets:handwashing":null,"lit":null,"fitness_centre":null,"atm":null,"grades":null,"shelter_type":null,"addr:suburb":null,"compressed_air":null,"check_date:compressed_air":null,"toilets:disposal":null,"male":null,"female":null,"residential":null,"landuse":null,"diplomatic":null,"building:flats":null,"public_transport":null,"bus":null,"material":null,"subway":null,"station":null,"network":null,"construction":null,"leisure":null,"microbrewery":null,"brewery":null,"bar":null,"air_conditioning":null,"guest_house":null,"roof:colour":null,"building:material":null,"payment:notes":null,"payment:coins":null,"internet_access:fee":null,"building:colour":null,"brand:wikipedia":null,"surface":null,"supervised":null,"fee":null,"access":null,"takeaway":null,"outdoor_seating":null,"loc_name":null,"diet:vegetarian":null,"diet:vegan":null,"golf":null,"location":null,"addr:country":null,"email":null,"short_name":null,"official_name":null,"government":null,"man_made":null,"content":null,"operator:type":null,"healthcare":null,"contact:phone":null,"addr:state":null,"addr:full":null,"toilets:access":null,"toilets":null,"payment:cash":null,"changing_table":null,"roof:shape":null,"building:use":null,"sport":null,"building:levels:underground":null,"addr:subdistrict":null,"addr:place":null,"addr:district":null,"addr:housename":null,"religion":null,"check_date":null,"branch":null,"brand:wikidata":null,"brand":null,"name:en":null,"opening_hours":null,"fast_food":null,"drive_through":null,"cuisine":null,"parking":null,"not:brand:wikidata":null,"wikipedia":null,"wikidata":null,"office":null,"level":null,"name:ml":null,"name:fa":null,"description":null,"layer":null,"addr:housenumber":null,"height":null,"shop":null,"nohousenumber":null,"website":null,"phone":null,"addr:postcode":null,"amenity":null,"addr:street":null,"addr:city":null,"tourism":null,"smoking":null,"rooms":null,"operator":null,"internet_access:ssid":null,"internet_access":null,"name:te":null,"alt_name":null,"wheelchair":null,"type":null,"name":null,"building:levels":null},"geometry":{"type":"MultiPolygon","coordinates":[[[[222358.751122867455706,1930845.70613608811982],[222408.12840961740585,1930841.918395425425842],[222406.50411815213738,1930821.098280273843557],[222357.137407795817126,1930824.885872346581891],[222358.751122867455706,1930845.70613608811982]]]]}},
{"type":"Feature","properties":{"fid":8935,"full_id":"w417153586","osm_id":"417153586","osm_type":"way","building":"yes","community_centre":null,"levels":null,"diet:lactose_free":null,"diet:dairy":null,"diet:non-vegetarian":null,"image":null,"substation":null,"power":null,"building:apartments":null,"toilets:position":null,"toilets:handwashing":null,"lit":null,"fitness_centre":null,"atm":null,"grades":null,"shelter_type":null,"addr:suburb":null,"compressed_air":null,"check_date:compressed_air":null,"toilets:disposal":null,"male":null,"female":null,"residential":null,"landuse":null,"diplomatic":null,"building:flats":null,"public_transport":null,"bus":null,"material":null,"subway":null,"station":null,"network":null,"construction":null,"leisure":null,"microbrewery":null,"brewery":null,"bar":null,"air_conditioning":null,"guest_house":null,"roof:colour":null,"building:material":null,"payment:notes":null,"payment:coins":null,"internet_access:fee":null,"building:colour":null,"brand:wikipedia":null,"surface":null,"supervised":null,"fee":null,"access":null,"takeaway":null,"outdoor_seating":null,"loc_name":null,"diet:vegetarian":null,"diet:vegan":null,"golf":null,"location":null,"addr:country":null,"email":null,"short_name":null,"official_name":null,"government":null,"man_made":null,"content":null,"operator:type":null,"healthcare":null,"contact:phone":null,"addr:state":null,"addr:full":null,"toilets:access":null,"toilets":null,"payment:cash":null,"changing_table":null,"roof:shape":null,"building:use":null,"sport":null,"building:levels:underground":null,"addr:subdistrict":null,"addr:place":null,"addr:district":null,"addr:housename":null,"religion":null,"check_date":null,"branch":null,"brand:wikidata":null,"brand":null,"name:en":null,"opening_hours":null,"fast_food":null,"drive_through":null,"cuisine":null,"parking":null,"not:brand:wikidata":null,"wikipedia":null,"wikidata":null,"office":null,"level":null,"name:ml":null,"name:fa":null,"description":null,"layer":null,"addr:housenumber":null,"height":null,"shop":null,"nohousenumber":null,"website":null,"phone":null,"addr:postcode":null,"amenity":null,"addr:street":null,"addr:city":null,"tourism":null,"smoking":null,"rooms":null,"operator":null,"internet_access:ssid":null,"internet_access":null,"name:te":null,"alt_name":null,"wheelchair":null,"type":null,"name":null,"building:levels":null},"geometry":{"type":"MultiPolygon","coordinates":[[[[222399.530738746223506,1930998.176461272640154],[222399.584261159994639,1931012.960285031003878],[222408.002721802447923,1931012.933662916533649],[222407.949053981748875,1930998.138767489930615],[222399.530738746223506,1930998.176461272640154]]]]}},
{"type":"Feature","properties":{"fid":8937,"full_id":"w417153589","osm_id":"417153589","osm_type":"way","building":"yes","community_centre":null,"levels":null,"diet:lactose_free":null,"diet:dairy":null,"diet:non-vegetarian":null,"image":null,"substation":null,"power":null,"building:apartments":null,"toilets:position":null,"toilets:handwashing":null,"lit":null,"fitness_centre":null,"atm":null,"grades":null,"shelter_type":null,"addr:suburb":null,"compressed_air":null,"check_date:compressed_air":null,"toilets:disposal":null,"male":null,"female":null,"residential":null,"landuse":null,"diplomatic":null,"building:flats":null,"public_transport":null,"bus":null,"material":null,"subway":null,"station":null,"network":null,"construction":null,"leisure":null,"microbrewery":null,"brewery":null,"bar":null,"air_conditioning":null,"guest_house":null,"roof:colour":null,"building:material":null,"payment:notes":null,"payment:coins":null,"internet_access:fee":null,"building:colour":null,"brand:wikipedia":null,"surface":null,"supervised":null,"fee":null,"access":null,"takeaway":null,"outdoor_seating":null,"loc_name":null,"diet:vegetarian":null,"diet:vegan":null,"golf":null,"location":null,"addr:country":null,"email":null,"short_name":null,"official_name":null,"government":null,"man_made":null,"content":null,"operator:type":null,"healthcare":null,"contact:phone":null,"addr:state":null,"addr:full":null,"toilets:access":null,"toilets":null,"payment:cash":null,"changing_table":null,"roof:shape":null,"building:use":null,"sport":null,"building:levels:underground":null,"addr:subdistrict":null,"addr:place":null,"addr:district":null,"addr:housename":null,"religion":null,"check_date":null,"branch":null,"brand:wikidata":null,"brand":null,"name:en":null,"opening_hours":null,"fast_food":null,"drive_through":null,"cuisine":null,"parking":null,"not:brand:wikidata":null,"wikipedia":null,"wikidata":null,"office":null,"level":null,"name:ml":null,"name:fa":null,"description":null,"layer":null,"addr:housenumber":null,"height":null,"shop":null,"nohousenumber":null,"website":null,"phone":null,"addr:postcode":null,"amenity":null,"addr:street":null,"addr:city":null,"tourism":null,"smoking":null,"rooms":null,"operator":null,"internet_access:ssid":null,"internet_access":null,"name:te":null,"alt_name":null,"wheelchair":null,"type":null,"name":null,"building:levels":null},"geometry":{"type":"MultiPolygon","coordinates":[[[[222375.303539708140306,1931111.424444888951257],[222391.297433596162591,1931111.914290375774726],[222391.713752088253386,1931098.840592485619709],[222375.719848018721677,1931098.35074524441734],[222375.303539708140306,1931111.424444888951257]]]]}},
{"type":"Feature","properties":{"fid":9285,"full_id":"w626343286","osm_id":"626343286","osm_type":"way","building":"yes","community_centre":null,"levels":null,"diet:lactose_free":null,"diet:dairy":null,"diet:non-vegetarian":null,"image":null,"substation":null,"power":null,"building:apartments":null,"toilets:position":null,"toilets:handwashing":null,"lit":null,"fitness_centre":null,"atm":null,"grades":null,"shelter_type":null,"addr:suburb":null,"compressed_air":null,"check_date:compressed_air":null,"toilets:disposal":null,"male":null,"female":null,"residential":null,"landuse":null,"diplomatic":null,"building:flats":null,"public_transport":null,"bus":null,"material":null,"subway":null,"station":null,"network":null,"construction":null,"leisure":null,"microbrewery":null,"brewery":null,"bar":null,"air_conditioning":null,"guest_house":null,"roof:colour":null,"building:material":null,"payment:notes":null,"payment:coins":null,"internet_access:fee":null,"building:colour":null,"brand:wikipedia":null,"surface":null,"supervised":null,"fee":null,"access":null,"takeaway":null,"outdoor_seating":null,"loc_name":null,"diet:vegetarian":null,"diet:vegan":null,"golf":null,"location":null,"addr:country":null,"email":null,"short_name":null,"official_name":null,"government":null,"man_made":null,"content":null,"operator:type":null,"healthcare":null,"contact:phone":null,"addr:state":null,"addr:full":null,"toilets:access":null,"toilets":null,"payment:cash":null,"changing_table":null,"roof:shape":null,"building:use":null,"sport":null,"building:levels:underground":null,"addr:subdistrict":null,"addr:place":null,"addr:district":null,"addr:housename":null,"religion":null,"check_date":null,"branch":null,"brand:wikidata":null,"brand":null,"name:en":null,"opening_hours":null,"fast_food":null,"drive_through":null,"cuisine":null,"parking":null,"not:brand:wikidata":null,"wikipedia":null,"wikidata":null,"office":null,"level":null,"name:ml":null,"name:fa":null,"description":null,"layer":null,"addr:housenumber":null,"height":null,"shop":null,"nohousenumber":null,"website":null,"phone":null,"addr:postcode":null,"amenity":null,"addr:street":null,"addr:city":null,"tourism":null,"smoking":null,"rooms":null,"operator":null,"internet_access:ssid":null,"internet_access":null,"name:te":null,"alt_name":null,"wheelchair":null,"type":null,"name":null,"building:levels":null},"geometry":{"type":"MultiPolygon","coordinates":[[[[222335.88079777819803,1931077.488956057466567],[222348.374199298443273,1931079.289197013247758],[222351.106419522024225,1931060.679725439986214],[222338.623483570292592,1931058.868263274198398],[222335.88079777819803,1931077.488956057466567]]]]}},
{"type":"Feature","properties":{"fid":9286,"full_id":"w626343288","osm_id":"626343288","osm_type":"way","building":"yes","community_centre":null,"levels":null,"diet:lactose_free":null,"diet:dairy":null,"diet:non-vegetarian":null,"image":null,"substation":null,"power":null,"building:apartments":null,"toilets:position":null,"toilets:handwashing":null,"lit":null,"fitness_centre":null,"atm":null,"grades":null,"shelter_type":null,"addr:suburb":null,"compressed_air":null,"check_date:compressed_air":null,"toilets:disposal":null,"male":null,"female":null,"residential":null,"landuse":null,"diplomatic":null,"building:flats":null,"public_transport":null,"bus":null,"material":null,"subway":null,"station":null,"network":null,"construction":null,"leisure":null,"microbrewery":null,"brewery":null,"bar":null,"air_conditioning":null,"guest_house":null,"roof:colour":null,"building:material":null,"payment:notes":null,"payment:coins":null,"internet_access:fee":null,"building:colour":null,"brand:wikipedia":null,"surface":null,"supervised":null,"fee":null,"access":null,"takeaway":null,"outdoor_seating":null,"loc_name":null,"diet:vegetarian":null,"diet:vegan":null,"golf":null,"location":null,"addr:country":null,"email":null,"short_name":null,"official_name":null,"government":null,"man_made":null,"content":null,"operator:type":null,"healthcare":null,"contact:phone":null,"addr:state":null,"addr:full":null,"toilets:access":null,"toilets":null,"payment:cash":null,"changing_table":null,"roof:shape":null,"building:use":null,"sport":null,"building:levels:underground":null,"addr:subdistrict":null,"addr:place":null,"addr:district":null,"addr:housename":null,"religion":null,"check_date":null,"branch":null,"brand:wikidata":null,"brand":null,"name:en":null,"opening_hours":null,"fast_food":null,"drive_through":null,"cuisine":null,"parking":null,"not:brand:wikidata":null,"wikipedia":null,"wikidata":null,"office":null,"level":null,"name:ml":null,"name:fa":null,"description":null,"layer":null,"addr:housenumber":null,"height":null,"shop":null,"nohousenumber":null,"website":null,"phone":null,"addr:postcode":null,"amenity":null,"addr:street":null,"addr:city":null,"tourism":null,"smoking":null,"rooms":null,"operator":null,"internet_access:ssid":null,"internet_access":null,"name:te":null,"alt_name":null,"wheelchair":null,"type":null,"name":null,"building:levels":null},"geometry":{"type":"MultiPolygon","coordinates":[[[[222353.132390760350972,1931080.553008979652077],[222364.58854212902952,1931081.127106075407937],[222365.54350606969092,1931062.36477387114428],[222354.087344318395481,1931061.790674777701497],[222353.132390760350972,1931080.553008979652077]]]]}},
{"type":"Feature","properties":{"fid":9291,"full_id":"w626552618","osm_id":"626552618","osm_type":"way","building":"commercial","community_centre":null,"levels":null,"diet:lactose_free":null,"diet:dairy":null,"diet:non-vegetarian":null,"image":null,"substation":null,"power":null,"building:apartments":null,"toilets:position":null,"toilets:handwashing":null,"lit":null,"fitness_centre":null,"atm":null,"grades":null,"shelter_type":null,"addr:suburb":null,"compressed_air":null,"check_date:compressed_air":null,"toilets:disposal":null,"male":null,"female":null,"residential":null,"landuse":null,"diplomatic":null,"building:flats":null,"public_transport":null,"bus":null,"material":null,"subway":null,"station":null,"network":null,"construction":null,"leisure":null,"microbrewery":null,"brewery":null,"bar":null,"air_conditioning":null,"guest_house":null,"roof:colour":null,"building:material":null,"payment:notes":null,"payment:coins":null,"internet_access:fee":null,"building:colour":null,"brand:wikipedia":null,"surface":null,"supervised":null,"fee":null,"access":null,"takeaway":null,"outdoor_seating":null,"loc_name":null,"diet:vegetarian":null,"diet:vegan":null,"golf":null,"location":null,"addr:country":null,"email":null,"short_name":null,"official_name":null,"government":null,"man_made":null,"content":null,"operator:type":null,"healthcare":null,"contact:phone":null,"addr:state":null,"addr:full":null,"toilets:access":null,"toilets":null,"payment:cash":null,"changing_table":null,"roof:shape":null,"building:use":null,"sport":null,"building:levels:underground":null,"addr:subdistrict":null,"addr:place":null,"addr:district":null,"addr:housename":null,"religion":null,"check_date":null,"branch":null,"brand:wikidata":null,"brand":null,"name:en":null,"opening_hours":null,"fast_food":null,"drive_through":null,"cuisine":null,"parking":null,"not:brand:wikidata":null,"wikipedia":null,"wikidata":null,"office":null,"level":"5","name:ml":null,"name:fa":null,"description":null,"layer":null,"addr:housenumber":null,"height":null,"shop":"mall","nohousenumber":null,"website":null,"phone":null,"addr:postcode":null,"amenity":null,"addr:street":null,"addr:city":null,"tourism":null,"smoking":null,"rooms":null,"operator":"PVR Cinemas","internet_access:ssid":null,"internet_access":null,"name:te":null,"alt_name":null,"wheelchair":null,"type":null,"name":"PVR Icon","building:levels":null},"geometry":{"type":"MultiPolygon","coordinates":[[[[222224.0,1931052.860627110116184],[222230.653791486809496,1931049.360662878258154],[222224.0,1931037.637899437220767],[222224.0,1931052.860627110116184]]]]}},
{"type":"Feature","properties":{"fid":9327,"full_id":"w626555748","osm_id":"626555748","osm_type":"way","building":"yes","community_centre":null,"levels":null,"diet:lactose_free":null,"diet:dairy":null,"diet:non-vegetarian":null,"image":null,"substation":null,"power":null,"building:apartments":null,"toilets:position":null,"toilets:handwashing":null,"lit":null,"fitness_centre":null,"atm":null,"grades":null,"shelter_type":null,"addr:suburb":null,"compressed_air":null,"check_date:compressed_air":null,"toilets:disposal":null,"male":null,"female":null,"residential":null,"landuse":null,"diplomatic":null,"building:flats":null,"public_transport":null,"bus":null,"material":null,"subway":null,"station":null,"network":null,"construction":null,"leisure":null,"microbrewery":null,"brewery":null,"bar":null,"air_conditioning":null,"guest_house":null,"roof:colour":null,"building:material":null,"payment:notes":null,"payment:coins":null,"internet_access:fee":null,"building:colour":"white","brand:wikipedia":null,"surface":null,"supervised":null,"fee":null,"access":null,"takeaway":null,"outdoor_seating":null,"loc_name":null,"diet:vegetarian":null,"diet:vegan":null,"golf":null,"location":null,"addr:country":null,"email":null,"short_name":null,"official_name":null,"government":null,"man_made":null,"content":null,"operator:type":null,"healthcare":null,"contact:phone":null,"addr:state":null,"addr:full":null,"toilets:access":null,"toilets":null,"payment:cash":null,"changing_table":null,"roof:shape":"flat","building:use":"commercial","sport":null,"building:levels:underground":null,"addr:subdistrict":null,"addr:place":null,"addr:district":null,"addr:housename":null,"religion":null,"check_date":null,"branch":null,"brand:wikidata":null,"brand":null,"name:en":null,"opening_hours":null,"fast_food":null,"drive_through":null,"cuisine":null,"parking":null,"not:brand:wikidata":null,"wikipedia":null,"wikidata":null,"office":null,"level":null,"name:ml":null,"name:fa":null,"description":null,"layer":null,"addr:housenumber":null,"height":null,"shop":null,"nohousenumber":null,"website":null,"phone":null,"addr:postcode":"500081","amenity":null,"addr:street":"Madhapur Flyover Link","addr:city":null,"tourism":null,"smoking":null,"rooms":null,"operator":null,"internet_access:ssid":null,"internet_access":null,"name:te":null,"alt_name":null,"wheelchair":null,"type":null,"name":"Sree Padhmavathi Residency","building:levels":"4"},"geometry":{"type":"MultiPolygon","coordinates":[[[[222465.963411043863744,1930650.611258352175355],[222492.42168035072973,1930670.050627109827474],[222487.098182929737959,1930677.200096278451383],[222460.650543656083755,1930657.760589515790343],[222465.963411043863744,1930650.611258352175355]]]]}},
{"type":"Feature","properties":{"fid":9328,"full_id":"w626555749","osm_id":"626555749","osm_type":"way","building":"yes","community_centre":null,"levels":null,"diet:lactose_free":null,"diet:dairy":null,"diet:non-vegetarian":null,"image":null,"substation":null,"power":null,"building:apartments":null,"toilets:position":null,"toilets:handwashing":null,"lit":null,"fitness_centre":null,"atm":null,"grades":null,"shelter_type":null,"addr:suburb":null,"compressed_air":null,"check_date:compressed_air":null,"toilets:disposal":null,"male":null,"female":null,"residential":null,"landuse":null,"diplomatic":null,"building:flats":null,"public_transport":null,"bus":null,"material":null,"subway":null,"station":null,"network":null,"construction":null,"leisure":null,"microbrewery":null,"brewery":null,"bar":null,"air_conditioning":null,"guest_house":null,"roof:colour":null,"building:material":null,"payment:notes":null,"payment:coins":null,"internet_access:fee":null,"building:colour":null,"brand:wikipedia":null,"surface":null,"supervised":null,"fee":null,"access":null,"takeaway":null,"outdoor_seating":null,"loc_name":null,"diet:vegetarian":null,"diet:vegan":null,"golf":null,"location":null,"addr:country":null,"email":null,"short_name":null,"official_name":null,"government":null,"man_made":null,"content":null,"operator:type":null,"healthcare":null,"contact:phone":null,"addr:state":null,"addr:full":null,"toilets:access":null,"toilets":null,"payment:cash":null,"changing_table":null,"roof:shape":null,"building:use":null,"sport":null,"building:levels:underground":null,"addr:subdistrict":null,"addr:place":null,"addr:district":null,"addr:housename":null,"religion":null,"check_date":null,"branch":null,"brand:wikidata":null,"brand":null,"name:en":null,"opening_hours":null,"fast_food":null,"drive_through":null,"cuisine":null,"parking":null,"not:brand:wikidata":null,"wikipedia":null,"wikidata":null,"office":null,"level":null,"name:ml":null,"name:fa":null,"description":null,"layer":null,"addr:housenumber":null,"height":null,"shop":null,"nohousenumber":null,"website":null,"phone":null,"addr:postcode":null,"amenity":null,"addr:street":null,"addr:city":null,"tourism":null,"smoking":null,"rooms":null,"operator":null,"internet_access:ssid":null,"internet_access":null,"name:te":null,"alt_name":null,"wheelchair":null,"type":null,"name":null,"building:levels":null},"geometry":{"type":"MultiPolygon","coordinates":[[[[222457.779215119895525,1930660.778930304804817],[222473.839246533170808,1930673.848694276995957],[222467.136665884172544,1930681.980523550650105],[222451.07663490093546,1930668.910765078151599],[222457.779215119895525,1930660.778930304804817]]]]}},
{"type":"Feature","properties":{"fid":9329,"full_id":"w626555750","osm_id":"626555750","osm_type":"way","building":"yes","community_centre":null,"levels":null,"diet:lactose_free":null,"diet:dairy":null,"diet:non-vegetarian":null,"image":null,"substation":null,"power":null,"building:apartments":null,"toilets:position":null,"toilets:handwashing":null,"lit":null,"fitness_centre":null,"atm":null,"grades":null,"shelter_type":null,"addr:suburb":null,"compressed_air":null,"check_date:compressed_air":null,"toilets:disposal":null,"male":null,"female":null,"residential":null,"landuse":null,"diplomatic":null,"building:flats":null,"public_transport":null,"bus":null,"material":null,"subway":null,"station":null,"network":null,"construction":null,"leisure":null,"microbrewery":null,"brewery":null,"bar":null,"air_conditioning":null,"guest_house":null,"roof:colour":null,"building:material":null,"payment:notes":null,"payment:coins":null,"internet_access:fee":null,"building:colour":null,"brand:wikipedia":null,"surface":null,"supervised":null,"fee":null,"access":null,"takeaway":null,"outdoor_seating":null,"loc_name":null,"diet:vegetarian":null,"diet:vegan":null,"golf":null,"location":null,"addr:country":null,"email":null,"short_name":null,"official_name":null,"government":null,"man_made":null,"content":null,"operator:type":null,"healthcare":null,"contact:phone":null,"addr:state":null,"addr:full":null,"toilets:access":null,"toilets":null,"payment:cash":null,"changing_table":null,"roof:shape":null,"building:use":null,"sport":null,"building:levels:underground":null,"addr:subdistrict":null,"addr:place":null,"addr:district":null,"addr:housename":null,"religion":null,"check_date":null,"branch":null,"brand:wikidata":null,"brand":null,"name:en":null,"opening_hours":null,"fast_food":null,"drive_through":null,"cuisine":null,"parking":null,"not:brand:wikidata":null,"wikipedia":null,"wikidata":null,"office":null,"level":null,"name:ml":null,"name:fa":null,"description":null,"layer":null,"addr:housenumber":null,"height":null,"shop":null,"nohousenumber":null,"website":null,"phone":null,"addr:postcode":null,"amenity":null,"addr:street":null,"addr:city":null,"tourism":null,"smoking":null,"rooms":null,"operator":null,"internet_access:ssid":null,"internet_access":null,"name:te":null,"alt_name":null,"wheelchair":null,"type":null,"name":null,"building:levels":null},"geometry":{"type":"MultiPolygon","coordinates":[[[[222491.615698282083031,1930649.208251405041665],[222502.93743816902861,1930657.813358434243128],[222496.461967324721627,1930666.230007328791544],[222485.140228237432893,1930657.624904114985839],[222491.615698282083031,1930649.208251405041665]]]]}},
{"type":"Feature","properties":{"fid":9330,"full_id":"w626555751","osm_id":"626555751","osm_type":"way","building":"yes","community_centre":null,"levels":null,"diet:lactose_free":null,"diet:dairy":null,"diet:non-vegetarian":null,"image":null,"substation":null,"power":null,"building:apartments":null,"toilets:position":null,"toilets:handwashing":null,"lit":null,"fitness_centre":null,"atm":null,"grades":null,"shelter_type":null,"addr:suburb":null,"compressed_air":null,"check_date:compressed_air":null,"toilets:disposal":null,"male":null,"female":null,"residential":null,"landuse":null,"diplomatic":null,"building:flats":null,"public_transport":null,"bus":null,"material":null,"subway":null,"station":null,"network":null,"construction":null,"leisure":null,"microbrewery":null,"brewery":null,"bar":null,"air_conditioning":null,"guest_house":null,"roof:colour":null,"building:material":null,"payment:notes":null,"payment:coins":null,"internet_access:fee":null,"building:colour":null,"brand:wikipedia":null,"surface":null,"supervised":null,"fee":null,"access":null,"takeaway":null,"outdoor_seating":null,"loc_name":null,"diet:vegetarian":null,"diet:vegan":null,"golf":null,"location":null,"addr:country":null,"email":null,"short_name":null,"official_name":null,"government":null,"man_made":null,"content":null,"operator:type":null,"healthcare":null,"contact:phone":null,"addr:state":null,"addr:full":null,"toilets:access":null,"toilets":null,"payment:cash":null,"changing_table":null,"roof:shape":null,"building:use":null,"sport":null,"building:levels:underground":null,"addr:subdistrict":null,"addr:place":null,"addr:district":null,"addr:housename":null,"religion":null,"check_date":null,"branch":null,"brand:wikidata":null,"brand":null,"name:en":null,"opening_hours":null,"fast_food":null,"drive_through":null,"cuisine":null,"parking":null,"not:brand:wikidata":null,"wikipedia":null,"wikidata":null,"office":null,"level":null,"name:ml":null,"name:fa":null,"description":null,"layer":null,"addr:housenumber":null,"height":null,"shop":null,"nohousenumber":null,"website":null,"phone":null,"addr:postcode":null,"amenity":null,"addr:street":null,"addr:city":null,"tourism":null,"smoking":null,"rooms":null,"operator":null,"internet_access:ssid":null,"internet_access":null,"name:te":null,"alt_name":null,"wheelchair":null,"type":null,"name":null,"building:levels":null},"geometry":{"type":"MultiPolygon","coordinates":[[[[222457.558071574487258,1930692.787450104253367],[222478.459126357105561,1930677.429024337790906],[222482.448922637442593,1930680.796483512734994],[222465.413916886376683,1930699.800918210297823],[222457.558071574487258,1930692.787450104253367]]]]}},
{"type":"Feature","properties":{"fid":9331,"full_id":"w626555752","osm_id":"626555752","osm_type":"way","building":"yes","community_centre":null,"levels":null,"diet:lactose_free":null,"diet:dairy":null,"diet:non-vegetarian":null,"image":null,"substation":null,"power":null,"building:apartments":null,"toilets:position":null,"toilets:handwashing":null,"lit":null,"fitness_centre":null,"atm":null,"grades":null,"shelter_type":null,"addr:suburb":null,"compressed_air":null,"check_date:compressed_air":null,"toilets:disposal":null,"male":null,"female":null,"residential":null,"landuse":null,"diplomatic":null,"building:flats":null,"public_transport":null,"bus":null,"material":null,"subway":null,"station":null,"network":null,"construction":null,"leisure":null,"microbrewery":null,"brewery":null,"bar":null,"air_conditioning":null,"guest_house":null,"roof:colour":null,"building:material":null,"payment:notes":null,"payment:coins":null,"internet_access:fee":null,"building:colour":null,"brand:wikipedia":null,"surface":null,"supervised":null,"fee":null,"access":null,"takeaway":null,"outdoor_seating":null,"loc_name":null,"diet:vegetarian":null,"diet:vegan":null,"golf":null,"location":null,"addr:country":null,"email":null,"short_name":null,"official_name":null,"government":null,"man_made":null,"content":null,"operator:type":null,"healthcare":null,"contact:phone":null,"addr:state":null,"addr:full":null,"toilets:access":null,"toilets":null,"payment:cash":null,"changing_table":null,"roof:shape":null,"building:use":null,"sport":null,"building:levels:underground":null,"addr:subdistrict":null,"addr:place":null,"addr:district":null,"addr:housename":null,"religion":null,"check_date":null,"branch":null,"brand:wikidata":null,"brand":null,"name:en":null,"opening_hours":null,"fast_food":null,"drive_through":null,"cuisine":null,"parking":null,"not:brand:wikidata":null,"wikipedia":null,"wikidata":null,"office":null,"level":null,"name:ml":null,"name:fa":null,"description":null,"layer":null,"addr:housenumber":null,"height":null,"shop":null,"nohousenumber":null,"website":null,"phone":null,"addr:postcode":null,"amenity":null,"addr:street":null,"addr:city":null,"tourism":null,"smoking":null,"rooms":null,"operator":null,"internet_access:ssid":null,"internet_access":null,"name:te":null,"alt_name":null,"wheelchair":null,"type":null,"name":null,"building:levels":null},"geometry":{"type":"MultiPolygon","coordinates":[[[[222454.556150961434469,1930691.698914998909459],[222447.086503298080061,1930701.258792330510914],[222459.248131120868493,1930710.649751348188147],[222466.717931115359534,1930701.100951217114925],[222454.556150961434469,1930691.698914998909459]]]]}},
{"type":"Feature","properties":{"fid":9371,"full_id":"w631843144","osm_id":"631843144","osm_type":"way","building":"yes","community_centre":null,"levels":null,"diet:lactose_free":null,"diet:dairy":null,"diet:non-vegetarian":null,"image":null,"substation":null,"power":null,"building:apartments":null,"toilets:position":null,"toilets:handwashing":null,"lit":null,"fitness_centre":null,"atm":null,"grades":null,"shelter_type":null,"addr:suburb":null,"compressed_air":null,"check_date:compressed_air":null,"toilets:disposal":null,"male":null,"female":null,"residential":null,"landuse":null,"diplomatic":null,"building:flats":null,"public_transport":null,"bus":null,"material":null,"subway":null,"station":null,"network":null,"construction":null,"leisure":null,"microbrewery":null,"brewery":null,"bar":null,"air_conditioning":null,"guest_house":null,"roof:colour":null,"building:material":null,"payment:notes":null,"payment:coins":null,"internet_access:fee":"no","building:colour":null,"brand:wikipedia":null,"surface":null,"supervised":null,"fee":null,"access":null,"takeaway":null,"outdoor_seating":null,"loc_name":null,"diet:vegetarian":null,"diet:vegan":null,"golf":null,"location":null,"addr:country":null,"email":null,"short_name":null,"official_name":null,"government":null,"man_made":null,"content":null,"operator:type":null,"healthcare":null,"contact:phone":null,"addr:state":null,"addr:full":null,"toilets:access":null,"toilets":null,"payment:cash":null,"changing_table":null,"roof:shape":null,"building:use":null,"sport":null,"building:levels:underground":null,"addr:subdistrict":null,"addr:place":null,"addr:district":null,"addr:housename":null,"religion":null,"check_date":null,"branch":null,"brand:wikidata":null,"brand":null,"name:en":null,"opening_hours":null,"fast_food":null,"drive_through":null,"cuisine":null,"parking":null,"not:brand:wikidata":null,"wikipedia":null,"wikidata":null,"office":null,"level":null,"name:ml":null,"name:fa":null,"description":null,"layer":null,"addr:housenumber":null,"height":null,"shop":null,"nohousenumber":null,"website":null,"phone":null,"addr:postcode":null,"amenity":null,"addr:street":null,"addr:city":null,"tourism":"guest_house","smoking":"no","rooms":null,"operator":null,"internet_access:ssid":null,"internet_access":"yes","name:te":null,"alt_name":null,"wheelchair":null,"type":null,"name":"Amar Sai Mens PG","building:levels":null},"geometry":{"type":"MultiPolygon","coordinates":[[[[222581.30212447908707,1930634.0],[222582.466935882694088,1930638.851308922749013],[222600.000496201857459,1930634.0],[222581.30212447908707,1930634.0]]]]}},
{"type":"Feature","properties":{"fid":9373,"full_id":"w631844139","osm_id":"631844139","osm_type":"way","building":"yes","community_centre":null,"levels":null,"diet:lactose_free":null,"diet:dairy":null,"diet:non-vegetarian":null,"image":null,"substation":null,"power":null,"building:apartments":null,"toilets:position":null,"toilets:handwashing":null,"lit":null,"fitness_centre":null,"atm":null,"grades":null,"shelter_type":null,"addr:suburb":null,"compressed_air":null,"check_date:compressed_air":null,"toilets:disposal":null,"male":null,"female":null,"residential":null,"landuse":null,"diplomatic":null,"building:flats":null,"public_transport":null,"bus":null,"material":null,"subway":null,"station":null,"network":null,"construction":null,"leisure":null,"microbrewery":null,"brewery":null,"bar":null,"air_conditioning":null,"guest_house":null,"roof:colour":null,"building:material":null,"payment:notes":null,"payment:coins":null,"internet_access:fee":null,"building:colour":null,"brand:wikipedia":null,"surface":null,"supervised":null,"fee":null,"access":null,"takeaway":null,"outdoor_seating":null,"loc_name":null,"diet:vegetarian":null,"diet:vegan":null,"golf":null,"location":null,"addr:country":null,"email":null,"short_name":null,"official_name":null,"government":null,"man_made":null,"content":null,"operator:type":null,"healthcare":null,"contact:phone":null,"addr:state":null,"addr:full":null,"toilets:access":null,"toilets":null,"payment:cash":null,"changing_table":null,"roof:shape":null,"building:use":null,"sport":null,"building:levels:underground":null,"addr:subdistrict":null,"addr:place":null,"addr:district":null,"addr:housename":null,"religion":null,"check_date":null,"branch":null,"brand:wikidata":null,"brand":null,"name:en":null,"opening_hours":null,"fast_food":null,"drive_through":null,"cuisine":null,"parking":null,"not:brand:wikidata":null,"wikipedia":null,"wikidata":null,"office":null,"level":null,"name:ml":null,"name:fa":null,"description":null,"layer":null,"addr:housenumber":null,"height":null,"shop":null,"nohousenumber":null,"website":null,"phone":null,"addr:postcode":null,"amenity":null,"addr:street":null,"addr:city":null,"tourism":null,"smoking":null,"rooms":null,"operator":null,"internet_access:ssid":null,"internet_access":null,"name:te":null,"alt_name":null,"wheelchair":null,"type":null,"name":null,"building:levels":null},"geometry":{"type":"MultiPolygon","coordinates":[[[[222498.920576777687529,1930634.0],[222499.579456173232757,1930634.580563516821712],[222500.097717249038396,1930634.0],[222498.920576777687529,1930634.0]]]]}},
{"type":"Feature","properties":{"fid":9377,"full_id":"w632251664","osm_id":"632251664","osm_type":"way","building":"yes","community_centre":null,"levels":null,"diet:lactose_free":null,"diet:dairy":null,"diet:non-vegetarian":null,"image":null,"substation":null,"power":null,"building:apartments":null,"toilets:position":null,"toilets:handwashing":null,"lit":null,"fitness_centre":null,"atm":null,"grades":null,"shelter_type":null,"addr:suburb":null,"compressed_air":null,"check_date:compressed_air":null,"toilets:disposal":null,"male":null,"female":null,"residential":null,"landuse":null,"diplomatic":null,"building:flats":null,"public_transport":null,"bus":null,"material":null,"subway":null,"station":null,"network":null,"construction":null,"leisure":null,"microbrewery":null,"brewery":null,"bar":null,"air_conditioning":null,"guest_house":null,"roof:colour":null,"building:material":null,"payment:notes":null,"payment:coins":null,"internet_access:fee":null,"building:colour":null,"brand:wikipedia":null,"surface":null,"supervised":null,"fee":null,"access":null,"takeaway":null,"outdoor_seating":null,"loc_name":null,"diet:vegetarian":null,"diet:vegan":null,"golf":null,"location":null,"addr:country":null,"email":null,"short_name":null,"official_name":null,"government":null,"man_made":null,"content":null,"operator:type":null,"healthcare":null,"contact:phone":null,"addr:state":null,"addr:full":null,"toilets:access":null,"toilets":null,"payment:cash":null,"changing_table":null,"roof:shape":null,"building:use":null,"sport":null,"building:levels:underground":null,"addr:subdistrict":null,"addr:place":null,"addr:district":null,"addr:housename":null,"religion":null,"check_date":null,"branch":null,"brand:wikidata":null,"brand":null,"name:en":null,"opening_hours":null,"fast_food":null,"drive_through":null,"cuisine":null,"parking":null,"not:brand:wikidata":null,"wikipedia":null,"wikidata":null,"office":null,"level":null,"name:ml":null,"name:fa":null,"description":null,"layer":null,"addr:housenumber":null,"height":null,"shop":null,"nohousenumber":null,"website":null,"phone":null,"addr:postcode":null,"amenity":null,"addr:street":null,"addr:city":null,"tourism":null,"smoking":null,"rooms":null,"operator":null,"internet_access:ssid":null,"internet_access":null,"name:te":null,"alt_name":null,"wheelchair":null,"type":null,"name":null,"building:levels":null},"geometry":{"type":"MultiPolygon","coordinates":[[[[222385.499320382368751,1930709.244617661926895],[222392.70291443640599,1930700.441424453165382],[222403.183249661175068,1930708.925098011270165],[222395.990131731377915,1930717.717069420265034],[222385.499320382368751,1930709.244617661926895]]]]}},
{"type":"Feature","properties":{"fid":9381,"full_id":"w632252788","osm_id":"632252788","osm_type":"way","building":"commercial","community_centre":null,"levels":null,"diet:lactose_free":null,"diet:dairy":null,"diet:non-vegetarian":null,"image":null,"substation":null,"power":null,"building:apartments":null,"toilets:position":null,"toilets:handwashing":null,"lit":null,"fitness_centre":null,"atm":null,"grades":null,"shelter_type":null,"addr:suburb":null,"compressed_air":null,"check_date:compressed_air":null,"toilets:disposal":null,"male":null,"female":null,"residential":null,"landuse":null,"diplomatic":null,"building:flats":null,"public_transport":null,"bus":null,"material":null,"subway":null,"station":null,"network":null,"construction":null,"leisure":null,"microbrewery":null,"brewery":null,"bar":null,"air_conditioning":null,"guest_house":null,"roof:colour":null,"building:material":null,"payment:notes":null,"payment:coins":null,"internet_access:fee":null,"building:colour":null,"brand:wikipedia":null,"surface":null,"supervised":null,"fee":null,"access":null,"takeaway":null,"outdoor_seating":null,"loc_name":null,"diet:vegetarian":null,"diet:vegan":null,"golf":null,"location":null,"addr:country":null,"email":null,"short_name":null,"official_name":null,"government":null,"man_made":null,"content":null,"operator:type":null,"healthcare":null,"contact:phone":null,"addr:state":null,"addr:full":null,"toilets:access":null,"toilets":null,"payment:cash":null,"changing_table":null,"roof:shape":null,"building:use":null,"sport":null,"building:levels:underground":null,"addr:subdistrict":null,"addr:place":null,"addr:district":null,"addr:housename":null,"religion":null,"check_date":null,"branch":null,"brand:wikidata":null,"brand":null,"name:en":null,"opening_hours":null,"fast_food":null,"drive_through":null,"cuisine":null,"parking":null,"not:brand:wikidata":null,"wikipedia":null,"wikidata":null,"office":null,"level":null,"name:ml":null,"name:fa":null,"description":null,"layer":null,"addr:housenumber":null,"height":null,"shop":null,"nohousenumber":null,"website":null,"phone":null,"addr:postcode":null,"amenity":null,"addr:street":null,"addr:city":null,"tourism":null,"smoking":null,"rooms":null,"operator":null,"internet_access:ssid":null,"internet_access":null,"name:te":null,"alt_name":null,"wheelchair":null,"type":null,"name":null,"building:levels":null},"geometry":{"type":"MultiPolygon","coordinates":[[[[222312.532062425627373,1930708.249885194236413],[222330.406720155093353,1930688.469660836504772],[222328.291088230791502,1930659.715795211028308],[222297.326585733040702,1930694.714480340247974],[222312.532062425627373,1930708.249885194236413]]]]}},
{"type":"Feature","properties":{"fid":9382,"full_id":"w632255365","osm_id":"632255365","osm_type":"way","building":"yes","community_centre":null,"levels":null,"diet:lactose_free":null,"diet:dairy":null,"diet:non-vegetarian":null,"image":null,"substation":null,"power":null,"building:apartments":null,"toilets:position":null,"toilets:handwashing":null,"lit":null,"fitness_centre":null,"atm":null,"grades":null,"shelter_type":null,"addr:suburb":null,"compressed_air":null,"check_date:compressed_air":null,"toilets:disposal":null,"male":null,"female":null,"residential":null,"landuse":null,"diplomatic":null,"building:flats":null,"public_transport":null,"bus":null,"material":null,"subway":null,"station":null,"network":null,"construction":null,"leisure":null,"microbrewery":null,"brewery":null,"bar":null,"air_conditioning":null,"guest_house":null,"roof:colour":null,"building:material":null,"payment:notes":null,"payment:coins":null,"internet_access:fee":null,"building:colour":null,"brand:wikipedia":null,"surface":null,"supervised":null,"fee":null,"access":null,"takeaway":null,"outdoor_seating":null,"loc_name":null,"diet:vegetarian":null,"diet:vegan":null,"golf":null,"location":null,"addr:country":null,"email":null,"short_name":null,"official_name":null,"government":null,"man_made":null,"content":null,"operator:type":null,"healthcare":null,"contact:phone":null,"addr:state":null,"addr:full":null,"toilets:access":null,"toilets":null,"payment:cash":null,"changing_table":null,"roof:shape":null,"building:use":null,"sport":null,"building:levels:underground":null,"addr:subdistrict":null,"addr:place":null,"addr:district":null,"addr:housename":null,"religion":null,"check_date":null,"branch":null,"brand:wikidata":null,"brand":null,"name:en":null,"opening_hours":null,"fast_food":null,"drive_through":null,"cuisine":null,"parking":null,"not:brand:wikidata":null,"wikipedia":null,"wikidata":null,"office":null,"level":null,"name:ml":null,"name:fa":null,"description":null,"layer":null,"addr:housenumber":null,"height":null,"shop":null,"nohousenumber":null,"website":null,"phone":null,"addr:postcode":null,"amenity":null,"addr:street":null,"addr:city":null,"tourism":null,"smoking":null,"rooms":null,"operator":null,"internet_access:ssid":null,"internet_access":null,"name:te":null,"alt_name":null,"wheelchair":null,"type":null,"name":"Mwebware Software Pvt Ltd.","building:levels":null},"geometry":{"type":"MultiPolygon","coordinates":[[[[222590.751297198643442,1931037.853954840218648],[222616.537984152033459,1931050.979011115385219],[222611.184242825314868,1931061.351568854181096],[222585.408191226364579,1931048.226375241531059],[222590.751297198643442,1931037.853954840218648]]]]}},
{"type":"Feature","properties":{"fid":9383,"full_id":"w632255367","osm_id":"632255367","osm_type":"way","building":"yes","community_centre":null,"levels":null,"diet:lactose_free":null,"diet:dairy":null,"diet:non-vegetarian":null,"image":null,"substation":null,"power":null,"building:apartments":null,"toilets:position":null,"toilets:handwashing":null,"lit":null,"fitness_centre":null,"atm":null,"grades":null,"shelter_type":null,"addr:suburb":null,"compressed_air":null,"check_date:compressed_air":null,"toilets:disposal":null,"male":null,"female":null,"residential":null,"landuse":null,"diplomatic":null,"building:flats":null,"public_transport":null,"bus":null,"material":null,"subway":null,"station":null,"network":null,"construction":null,"leisure":null,"microbrewery":null,"brewery":null,"bar":null,"air_conditioning":null,"guest_house":null,"roof:colour":null,"building:material":null,"payment:notes":null,"payment:coins":null,"internet_access:fee":null,"building:colour":null,"brand:wikipedia":null,"surface":null,"supervised":null,"fee":null,"access":null,"takeaway":null,"outdoor_seating":null,"loc_name":null,"diet:vegetarian":null,"diet:vegan":null,"golf":null,"location":null,"addr:country":null,"email":null,"short_name":null,"official_name":null,"government":null,"man_made":null,"content":null,"operator:type":null,"healthcare":null,"contact:phone":null,"addr:state":null,"addr:full":null,"toilets:access":null,"toilets":null,"payment:cash":null,"changing_table":null,"roof:shape":null,"building:use":null,"sport":null,"building:levels:underground":null,"addr:subdistrict":null,"addr:place":null,"addr:district":null,"addr:housename":null,"religion":null,"check_date":null,"branch":null,"brand:wikidata":null,"brand":null,"name:en":null,"opening_hours":null,"fast_food":null,"drive_through":null,"cuisine":null,"parking":null,"not:brand:wikidata":null,"wikipedia":null,"wikidata":null,"office":null,"level":null,"name:ml":null,"name:fa":null,"description":null,"layer":null,"addr:housenumber":null,"height":null,"shop":"car_repair","nohousenumber":null,"website":null,"phone":null,"addr:postcode":null,"amenity":null,"addr:street":null,"addr:city":null,"tourism":null,"smoking":null,"rooms":null,"operator":null,"internet_access:ssid":null,"internet_access":null,"name:te":null,"alt_name":null,"wheelchair":null,"type":null,"name":null,"building:levels":null},"geometry":{"type":"MultiPolygon","coordinates":[[[[222526.042226260295138,1931042.116852964507416],[222548.441595518030226,1931054.723367159254849],[222544.372436236415524,1931061.866752163507044],[222533.049477242748253,1931055.487659594742581],[222531.990737522719428,1931057.351595705375075],[222520.914180211315397,1931051.113107402110472],[222526.042226260295138,1931042.116852964507416]]]]}},
{"type":"Feature","properties":{"fid":9384,"full_id":"w632255370","osm_id":"632255370","osm_type":"way","building":"yes","community_centre":null,"levels":null,"diet:lactose_free":null,"diet:dairy":null,"diet:non-vegetarian":null,"image":null,"substation":null,"power":null,"building:apartments":null,"toilets:position":null,"toilets:handwashing":null,"lit":null,"fitness_centre":null,"atm":null,"grades":null,"shelter_type":null,"addr:suburb":null,"compressed_air":null,"check_date:compressed_air":null,"toilets:disposal":null,"male":null,"female":null,"residential":null,"landuse":null,"diplomatic":null,"building:flats":null,"public_transport":null,"bus":null,"material":null,"subway":null,"station":null,"network":null,"construction":null,"leisure":null,"microbrewery":null,"brewery":null,"bar":null,"air_conditioning":null,"guest_house":null,"roof:colour":null,"building:material":null,"payment:notes":null,"payment:coins":null,"internet_access:fee":null,"building:colour":null,"brand:wikipedia":null,"surface":null,"supervised":null,"fee":null,"access":null,"takeaway":null,"outdoor_seating":null,"loc_name":null,"diet:vegetarian":null,"diet:vegan":null,"golf":null,"location":null,"addr:country":null,"email":null,"short_name":null,"official_name":null,"government":null,"man_made":null,"content":null,"operator:type":null,"healthcare":null,"contact:phone":null,"addr:state":null,"addr:full":null,"toilets:access":null,"toilets":null,"payment:cash":null,"changing_table":null,"roof:shape":null,"building:use":null,"sport":null,"building:levels:underground":null,"addr:subdistrict":null,"addr:place":null,"addr:district":null,"addr:housename":null,"religion":null,"check_date":null,"branch":null,"brand:wikidata":null,"brand":null,"name:en":null,"opening_hours":null,"fast_food":null,"drive_through":null,"cuisine":null,"parking":null,"not:brand:wikidata":null,"wikipedia":null,"wikidata":null,"office":null,"level":null,"name:ml":null,"name:fa":null,"description":null,"layer":null,"addr:housenumber":null,"height":null,"shop":null,"nohousenumber":null,"website":null,"phone":null,"addr:postcode":null,"amenity":null,"addr:street":null,"addr:city":null,"tourism":null,"smoking":null,"rooms":null,"operator":null,"internet_access:ssid":null,"internet_access":null,"name:te":null,"alt_name":null,"wheelchair":null,"type":null,"name":null,"building:levels":null},"geometry":{"type":"MultiPolygon","coordinates":[[[[222517.325807649060152,1931059.988628188613802],[222543.167032826924697,1931073.212519650813192],[222535.172017532400787,1931088.649089188082144],[222509.330652062606532,1931075.414137231651694],[222517.325807649060152,1931059.988628188613802]]]]}},
{"type":"Feature","properties":{"fid":9385,"full_id":"w638504921","osm_id":"638504921","osm_type":"way","building":"house","community_centre":null,"levels":null,"diet:lactose_free":null,"diet:dairy":null,"diet:non-vegetarian":null,"image":null,"substation":null,"power":null,"building:apartments":null,"toilets:position":null,"toilets:handwashing":null,"lit":null,"fitness_centre":null,"atm":null,"grades":null,"shelter_type":null,"addr:suburb":null,"compressed_air":null,"check_date:compressed_air":null,"toilets:disposal":null,"male":null,"female":null,"residential":null,"landuse":null,"diplomatic":null,"building:flats":null,"public_transport":null,"bus":null,"material":null,"subway":null,"station":null,"network":null,"construction":null,"leisure":null,"microbrewery":null,"brewery":null,"bar":null,"air_conditioning":null,"guest_house":null,"roof:colour":"white","building:material":"brick","payment:notes":null,"payment:coins":null,"internet_access:fee":null,"building:colour":"white","brand:wikipedia":null,"surface":null,"supervised":null,"fee":null,"access":null,"takeaway":null,"outdoor_seating":null,"loc_name":null,"diet:vegetarian":null,"diet:vegan":null,"golf":null,"location":null,"addr:country":null,"email":null,"short_name":null,"official_name":null,"government":null,"man_made":null,"content":null,"operator:type":null,"healthcare":null,"contact:phone":null,"addr:state":null,"addr:full":null,"toilets:access":null,"toilets":null,"payment:cash":null,"changing_table":null,"roof:shape":"skillion","building:use":"leisure","sport":null,"building:levels:underground":null,"addr:subdistrict":null,"addr:place":null,"addr:district":null,"addr:housename":null,"religion":null,"check_date":null,"branch":null,"brand:wikidata":null,"brand":null,"name:en":null,"opening_hours":null,"fast_food":null,"drive_through":null,"cuisine":null,"parking":null,"not:brand:wikidata":null,"wikipedia":null,"wikidata":null,"office":null,"level":null,"name:ml":null,"name:fa":null,"description":null,"layer":null,"addr:housenumber":null,"height":null,"shop":null,"nohousenumber":null,"website":null,"phone":null,"addr:postcode":null,"amenity":null,"addr:street":null,"addr:city":null,"tourism":null,"smoking":null,"rooms":null,"operator":null,"internet_access:ssid":null,"internet_access":null,"name:te":null,"alt_name":null,"wheelchair":null,"type":null,"name":null,"building:levels":"0"},"geometry":{"type":"MultiPolygon","coordinates":[[[[222475.042290757526644,1930713.612070887582377],[222484.395982446090784,1930713.561630225973204],[222484.367453205923084,1930708.368050159420818],[222475.013759121182375,1930708.418490500655025],[222475.042290757526644,1930713.612070887582377]]]]}},
{"type":"Feature","properties":{"fid":9414,"full_id":"w642086170","osm_id":"642086170","osm_type":"way","building":"commercial","community_centre":null,"levels":null,"diet:lactose_free":null,"diet:dairy":null,"diet:non-vegetarian":null,"image":null,"substation":null,"power":null,"building:apartments":null,"toilets:position":null,"toilets:handwashing":null,"lit":null,"fitness_centre":null,"atm":null,"grades":null,"shelter_type":null,"addr:suburb":null,"compressed_air":null,"check_date:compressed_air":null,"toilets:disposal":null,"male":null,"female":null,"residential":null,"landuse":null,"diplomatic":null,"building:flats":null,"public_transport":null,"bus":null,"material":null,"subway":null,"station":null,"network":null,"construction":null,"leisure":null,"microbrewery":null,"brewery":null,"bar":null,"air_conditioning":null,"guest_house":null,"roof:colour":null,"building:material":null,"payment:notes":null,"payment:coins":null,"internet_access:fee":null,"building:colour":null,"brand:wikipedia":null,"surface":null,"supervised":null,"fee":null,"access":null,"takeaway":null,"outdoor_seating":null,"loc_name":null,"diet:vegetarian":null,"diet:vegan":null,"golf":null,"location":null,"addr:country":null,"email":null,"short_name":null,"official_name":null,"government":null,"man_made":null,"content":null,"operator:type":null,"healthcare":null,"contact:phone":null,"addr:state":null,"addr:full":null,"toilets:access":null,"toilets":null,"payment:cash":null,"changing_table":null,"roof:shape":null,"building:use":null,"sport":null,"building:levels:underground":null,"addr:subdistrict":null,"addr:place":null,"addr:district":null,"addr:housename":null,"religion":null,"check_date":null,"branch":null,"brand:wikidata":null,"brand":null,"name:en":null,"opening_hours":null,"fast_food":null,"drive_through":null,"cuisine":null,"parking":null,"not:brand:wikidata":null,"wikipedia":null,"wikidata":null,"office":null,"level":null,"name:ml":null,"name:fa":null,"description":null,"layer":null,"addr:housenumber":"plot no 8, sector 1,","height":null,"shop":null,"nohousenumber":null,"website":null,"phone":null,"addr:postcode":"500081","amenity":null,"addr:street":"Cyber Towers - Madhapur Main Road","addr:city":"hyderabad","tourism":null,"smoking":"no","rooms":null,"operator":null,"internet_access:ssid":null,"internet_access":null,"name:te":null,"alt_name":null,"wheelchair":null,"type":null,"name":"Zaggle Prepaid Ocean Services Pvt Ltd.","building:levels":"3"},"geometry":{"type":"MultiPolygon","coordinates":[[[[222232.310282759484835,1930727.864875907311216],[222260.79405152722029,1930750.820095549803227],[222274.573138195555657,1930733.930975012946874],[222246.099995476019103,1930710.975589747074991],[222232.310282759484835,1930727.864875907311216]]]]}},
{"type":"Feature","properties":{"fid":9523,"full_id":"w642197584","osm_id":"642197584","osm_type":"way","building":"residential","community_centre":null,"levels":null,"diet:lactose_free":null,"diet:dairy":null,"diet:non-vegetarian":null,"image":null,"substation":null,"power":null,"building:apartments":null,"toilets:position":null,"toilets:handwashing":null,"lit":null,"fitness_centre":null,"atm":null,"grades":null,"shelter_type":null,"addr:suburb":null,"compressed_air":null,"check_date:compressed_air":null,"toilets:disposal":null,"male":null,"female":null,"residential":null,"landuse":null,"diplomatic":null,"building:flats":null,"public_transport":null,"bus":null,"material":null,"subway":null,"station":null,"network":null,"construction":null,"leisure":null,"microbrewery":null,"brewery":null,"bar":null,"air_conditioning":null,"guest_house":null,"roof:colour":null,"building:material":null,"payment:notes":null,"payment:coins":null,"internet_access:fee":null,"building:colour":null,"brand:wikipedia":null,"surface":null,"supervised":null,"fee":null,"access":null,"takeaway":null,"outdoor_seating":null,"loc_name":null,"diet:vegetarian":null,"diet:vegan":null,"golf":null,"location":null,"addr:country":null,"email":null,"short_name":null,"official_name":null,"government":null,"man_made":null,"content":null,"operator:type":null,"healthcare":null,"contact:phone":null,"addr:state":null,"addr:full":null,"toilets:access":null,"toilets":null,"payment:cash":null,"changing_table":null,"roof:shape":null,"building:use":null,"sport":null,"building:levels:underground":null,"addr:subdistrict":null,"addr:place":null,"addr:district":null,"addr:housename":null,"religion":null,"check_date":null,"branch":null,"brand:wikidata":null,"brand":null,"name:en":null,"opening_hours":null,"fast_food":null,"drive_through":null,"cuisine":null,"parking":null,"not:brand:wikidata":null,"wikipedia":null,"wikidata":null,"office":null,"level":null,"name:ml":null,"name:fa":null,"description":null,"layer":null,"addr:housenumber":null,"height":null,"shop":null,"nohousenumber":null,"website":null,"phone":null,"addr:postcode":null,"amenity":null,"addr:street":null,"addr:city":null,"tourism":null,"smoking":null,"rooms":null,"operator":null,"internet_access:ssid":null,"internet_access":null,"name:te":null,"alt_name":null,"wheelchair":null,"type":null,"name":null,"building:levels":null},"geometry":{"type":"MultiPolygon","coordinates":[[[[222494.977323291182984,1930737.980258621275425],[222506.659136547881644,1930733.279885831754655],[222517.416951183287892,1930759.722751398803666],[222505.745629105134867,1930764.411902005551383],[222494.977323291182984,1930737.980258621275425]]]]}},
{"type":"Feature","properties":{"fid":9524,"full_id":"w642197585","osm_id":"642197585","osm_type":"way","building":"residential","community_centre":null,"levels":null,"diet:lactose_free":null,"diet:dairy":null,"diet:non-vegetarian":null,"image":null,"substation":null,"power":null,"building:apartments":null,"toilets:position":null,"toilets:handwashing":null,"lit":null,"fitness_centre":null,"atm":null,"grades":null,"shelter_type":null,"addr:suburb":null,"compressed_air":null,"check_date:compressed_air":null,"toilets:disposal":null,"male":null,"female":null,"residential":null,"landuse":null,"diplomatic":null,"building:flats":null,"public_transport":null,"bus":null,"material":null,"subway":null,"station":null,"network":null,"construction":null,"leisure":null,"microbrewery":null,"brewery":null,"bar":null,"air_conditioning":null,"guest_house":null,"roof:colour":null,"building:material":null,"payment:notes":null,"payment:coins":null,"internet_access:fee":null,"building:colour":null,"brand:wikipedia":null,"surface":null,"supervised":null,"fee":null,"access":null,"takeaway":null,"outdoor_seating":null,"loc_name":null,"diet:vegetarian":null,"diet:vegan":null,"golf":null,"location":null,"addr:country":null,"email":null,"short_name":null,"official_name":null,"government":null,"man_made":null,"content":null,"operator:type":null,"healthcare":null,"contact:phone":null,"addr:state":null,"addr:full":null,"toilets:access":null,"toilets":null,"payment:cash":null,"changing_table":null,"roof:shape":null,"building:use":null,"sport":null,"building:levels:underground":null,"addr:subdistrict":null,"addr:place":null,"addr:district":null,"addr:housename":null,"religion":null,"check_date":null,"branch":null,"brand:wikidata":null,"brand":null,"name:en":null,"opening_hours":null,"fast_food":null,"drive_through":null,"cuisine":null,"parking":null,"not:brand:wikidata":null,"wikipedia":null,"wikidata":null,"office":null,"level":null,"name:ml":null,"name:fa":null,"description":null,"layer":null,"addr:housenumber":null,"height":null,"shop":null,"nohousenumber":null,"website":null,"phone":null,"addr:postcode":null,"amenity":null,"addr:street":null,"addr:city":null,"tourism":null,"smoking":null,"rooms":null,"operator":null,"internet_access:ssid":null,"internet_access":null,"name:te":null,"alt_name":null,"wheelchair":null,"type":null,"name":null,"building:levels":null},"geometry":{"type":"MultiPolygon","coordinates":[[[[222566.599252672691364,1930817.833801871864125],[222572.517632685950957,1930805.216458352049813],[222585.408336150925606,1930811.186540722614154],[222579.489951063762419,1930823.803879681276157],[222566.599252672691364,1930817.833801871864125]]]]}},
{"type":"Feature","properties":{"fid":9525,"full_id":"w642197586","osm_id":"642197586","osm_type":"way","building":"residential","community_centre":null,"levels":null,"diet:lactose_free":null,"diet:dairy":null,"diet:non-vegetarian":null,"image":null,"substation":null,"power":null,"building:apartments":null,"toilets:position":null,"toilets:handwashing":null,"lit":null,"fitness_centre":null,"atm":null,"grades":null,"shelter_type":null,"addr:suburb":null,"compressed_air":null,"check_date:compressed_air":null,"toilets:disposal":null,"male":null,"female":null,"residential":null,"landuse":null,"diplomatic":null,"building:flats":null,"public_transport":null,"bus":null,"material":null,"subway":null,"station":null,"network":null,"construction":null,"leisure":null,"microbrewery":null,"brewery":null,"bar":null,"air_conditioning":null,"guest_house":null,"roof:colour":null,"building:material":null,"payment:notes":null,"payment:coins":null,"internet_access:fee":null,"building:colour":null,"brand:wikipedia":null,"surface":null,"supervised":null,"fee":null,"access":null,"takeaway":null,"outdoor_seating":null,"loc_name":null,"diet:vegetarian":null,"diet:vegan":null,"golf":null,"location":null,"addr:country":null,"email":null,"short_name":null,"official_name":null,"government":null,"man_made":null,"content":null,"operator:type":null,"healthcare":null,"contact:phone":null,"addr:state":null,"addr:full":null,"toilets:access":null,"toilets":null,"payment:cash":null,"changing_table":null,"roof:shape":null,"building:use":null,"sport":null,"building:levels:underground":null,"addr:subdistrict":null,"addr:place":null,"addr:district":null,"addr:housename":null,"religion":null,"check_date":null,"branch":null,"brand:wikidata":null,"brand":null,"name:en":null,"opening_hours":null,"fast_food":null,"drive_through":null,"cuisine":null,"parking":null,"not:brand:wikidata":null,"wikipedia":null,"wikidata":null,"office":null,"level":null,"name:ml":null,"name:fa":null,"description":null,"layer":null,"addr:housenumber":null,"height":null,"shop":null,"nohousenumber":null,"website":null,"phone":null,"addr:postcode":null,"amenity":null,"addr:street":null,"addr:city":null,"tourism":null,"smoking":null,"rooms":null,"operator":null,"internet_access:ssid":null,"internet_access":null,"name:te":null,"alt_name":null,"wheelchair":null,"type":null,"name":null,"building:levels":null},"geometry":{"type":"MultiPolygon","coordinates":[[[[222555.856070854351856,1930835.976897011045367],[222555.53587127616629,1930822.669656606391072],[222562.166789231472649,1930822.512515773531049],[222562.486984435934573,1930835.819755677133799],[222555.856070854351856,1930835.976897011045367]]]]}},
{"type":"Feature","properties":{"fid":9526,"full_id":"w642197588","osm_id":"642197588","osm_type":"way","building":"residential","community_centre":null,"levels":null,"diet:lactose_free":null,"diet:dairy":null,"diet:non-vegetarian":null,"image":null,"substation":null,"power":null,"building:apartments":null,"toilets:position":null,"toilets:handwashing":null,"lit":null,"fitness_centre":null,"atm":null,"grades":null,"shelter_type":null,"addr:suburb":null,"compressed_air":null,"check_date:compressed_air":null,"toilets:disposal":null,"male":null,"female":null,"residential":null,"landuse":null,"diplomatic":null,"building:flats":null,"public_transport":null,"bus":null,"material":null,"subway":null,"station":null,"network":null,"construction":null,"leisure":null,"microbrewery":null,"brewery":null,"bar":null,"air_conditioning":null,"guest_house":null,"roof:colour":null,"building:material":null,"payment:notes":null,"payment:coins":null,"internet_access:fee":null,"building:colour":null,"brand:wikipedia":null,"surface":null,"supervised":null,"fee":null,"access":null,"takeaway":null,"outdoor_seating":null,"loc_name":null,"diet:vegetarian":null,"diet:vegan":null,"golf":null,"location":null,"addr:country":null,"email":null,"short_name":null,"official_name":null,"government":null,"man_made":null,"content":null,"operator:type":null,"healthcare":null,"contact:phone":null,"addr:state":null,"addr:full":null,"toilets:access":null,"toilets":null,"payment:cash":null,"changing_table":null,"roof:shape":null,"building:use":null,"sport":null,"building:levels:underground":null,"addr:subdistrict":null,"addr:place":null,"addr:district":null,"addr:housename":null,"religion":null,"check_date":null,"branch":null,"brand:wikidata":null,"brand":null,"name:en":null,"opening_hours":null,"fast_food":null,"drive_through":null,"cuisine":null,"parking":null,"not:brand:wikidata":null,"wikipedia":null,"wikidata":null,"office":null,"level":null,"name:ml":null,"name:fa":null,"description":null,"layer":null,"addr:housenumber":null,"height":null,"shop":null,"nohousenumber":null,"website":null,"phone":null,"addr:postcode":null,"amenity":null,"addr:street":null,"addr:city":null,"tourism":null,"smoking":null,"rooms":null,"operator":null,"internet_access:ssid":null,"internet_access":null,"name:te":null,"alt_name":null,"wheelchair":null,"type":null,"name":null,"building:levels":null},"geometry":{"type":"MultiPolygon","coordinates":[[[[222554.869290191621985,1930864.086550863459706],[222561.265598326397594,1930851.44051420642063],[222573.606353790732101,1930857.617449370678514],[222567.19941325293621,1930870.26362677407451],[222554.869290191621985,1930864.086550863459706]]]]}},
{"type":"Feature","properties":{"fid":9527,"full_id":"w642197589","osm_id":"642197589","osm_type":"way","building":"residential","community_centre":null,"levels":null,"diet:lactose_free":null,"diet:dairy":null,"diet:non-vegetarian":null,"image":null,"substation":null,"power":null,"building:apartments":null,"toilets:position":null,"toilets:handwashing":null,"lit":null,"fitness_centre":null,"atm":null,"grades":null,"shelter_type":null,"addr:suburb":null,"compressed_air":null,"check_date:compressed_air":null,"toilets:disposal":null,"male":null,"female":null,"residential":null,"landuse":null,"diplomatic":null,"building:flats":null,"public_transport":null,"bus":null,"material":null,"subway":null,"station":null,"network":null,"construction":null,"leisure":null,"microbrewery":null,"brewery":null,"bar":null,"air_conditioning":null,"guest_house":null,"roof:colour":null,"building:material":null,"payment:notes":null,"payment:coins":null,"internet_access:fee":null,"building:colour":null,"brand:wikipedia":null,"surface":null,"supervised":null,"fee":null,"access":null,"takeaway":null,"outdoor_seating":null,"loc_name":null,"diet:vegetarian":null,"diet:vegan":null,"golf":null,"location":null,"addr:country":null,"email":null,"short_name":null,"official_name":null,"government":null,"man_made":null,"content":null,"operator:type":null,"healthcare":null,"contact:phone":null,"addr:state":null,"addr:full":null,"toilets:access":null,"toilets":null,"payment:cash":null,"changing_table":null,"roof:shape":null,"building:use":null,"sport":null,"building:levels:underground":null,"addr:subdistrict":null,"addr:place":null,"addr:district":null,"addr:housename":null,"religion":null,"check_date":null,"branch":null,"brand:wikidata":null,"brand":null,"name:en":null,"opening_hours":null,"fast_food":null,"drive_through":null,"cuisine":null,"parking":null,"not:brand:wikidata":null,"wikipedia":null,"wikidata":null,"office":null,"level":null,"name:ml":null,"name:fa":null,"description":null,"layer":null,"addr:housenumber":null,"height":null,"shop":null,"nohousenumber":null,"website":null,"phone":null,"addr:postcode":null,"amenity":null,"addr:street":null,"addr:city":null,"tourism":null,"smoking":null,"rooms":null,"operator":null,"internet_access:ssid":null,"internet_access":null,"name:te":null,"alt_name":null,"wheelchair":null,"type":null,"name":null,"building:levels":null},"geometry":{"type":"MultiPolygon","coordinates":[[[[222576.003487702226266,1930941.950647957157344],[222581.703182018711232,1930929.668528675334528],[222595.951270948629826,1930936.184843360679224],[222590.251722551882267,1930948.478030257625505],[222576.003487702226266,1930941.950647957157344]]]]}},
{"type":"Feature","properties":{"fid":9528,"full_id":"w642197590","osm_id":"642197590","osm_type":"way","building":"residential","community_centre":null,"levels":null,"diet:lactose_free":null,"diet:dairy":null,"diet:non-vegetarian":null,"image":null,"substation":null,"power":null,"building:apartments":null,"toilets:position":null,"toilets:handwashing":null,"lit":null,"fitness_centre":null,"atm":null,"grades":null,"shelter_type":null,"addr:suburb":null,"compressed_air":null,"check_date:compressed_air":null,"toilets:disposal":null,"male":null,"female":null,"residential":null,"landuse":null,"diplomatic":null,"building:flats":null,"public_transport":null,"bus":null,"material":null,"subway":null,"station":null,"network":null,"construction":null,"leisure":null,"microbrewery":null,"brewery":null,"bar":null,"air_conditioning":null,"guest_house":null,"roof:colour":null,"building:material":null,"payment:notes":null,"payment:coins":null,"internet_access:fee":null,"building:colour":null,"brand:wikipedia":null,"surface":null,"supervised":null,"fee":null,"access":null,"takeaway":null,"outdoor_seating":null,"loc_name":null,"diet:vegetarian":null,"diet:vegan":null,"golf":null,"location":null,"addr:country":null,"email":null,"short_name":null,"official_name":null,"government":null,"man_made":null,"content":null,"operator:type":null,"healthcare":null,"contact:phone":null,"addr:state":null,"addr:full":null,"toilets:access":null,"toilets":null,"payment:cash":null,"changing_table":null,"roof:shape":null,"building:use":null,"sport":null,"building:levels:underground":null,"addr:subdistrict":null,"addr:place":null,"addr:district":null,"addr:housename":null,"religion":null,"check_date":null,"branch":null,"brand:wikidata":null,"brand":null,"name:en":null,"opening_hours":null,"fast_food":null,"drive_through":null,"cuisine":null,"parking":null,"not:brand:wikidata":null,"wikipedia":null,"wikidata":null,"office":null,"level":null,"name:ml":null,"name:fa":null,"description":null,"layer":null,"addr:housenumber":null,"height":null,"shop":null,"nohousenumber":null,"website":null,"phone":null,"addr:postcode":null,"amenity":null,"addr:street":null,"addr:city":null,"tourism":null,"smoking":null,"rooms":null,"operator":null,"internet_access:ssid":null,"internet_access":null,"name:te":null,"alt_name":null,"wheelchair":null,"type":null,"name":null,"building:levels":null},"geometry":{"type":"MultiPolygon","coordinates":[[[[222461.18426848447416,1930911.98103411635384],[222462.696710883639753,1930934.729651108384132],[222474.209146596025676,1930933.974103749031201],[222472.707345193019137,1930911.225342288380489],[222461.18426848447416,1930911.98103411635384]]]]}},
{"type":"Feature","properties":{"fid":9529,"full_id":"w642197591","osm_id":"642197591","osm_type":"way","building":"residential","community_centre":null,"levels":null,"diet:lactose_free":null,"diet:dairy":null,"diet:non-vegetarian":null,"image":null,"substation":null,"power":null,"building:apartments":null,"toilets:position":null,"toilets:handwashing":null,"lit":null,"fitness_centre":null,"atm":null,"grades":null,"shelter_type":null,"addr:suburb":null,"compressed_air":null,"check_date:compressed_air":null,"toilets:disposal":null,"male":null,"female":null,"residential":null,"landuse":null,"diplomatic":null,"building:flats":null,"public_transport":null,"bus":null,"material":null,"subway":null,"station":null,"network":null,"construction":null,"leisure":null,"microbrewery":null,"brewery":null,"bar":null,"air_conditioning":null,"guest_house":null,"roof:colour":null,"building:material":null,"payment:notes":null,"payment:coins":null,"internet_access:fee":null,"building:colour":null,"brand:wikipedia":null,"surface":null,"supervised":null,"fee":null,"access":null,"takeaway":null,"outdoor_seating":null,"loc_name":null,"diet:vegetarian":null,"diet:vegan":null,"golf":null,"location":null,"addr:country":null,"email":null,"short_name":null,"official_name":null,"government":null,"man_made":null,"content":null,"operator:type":null,"healthcare":null,"contact:phone":null,"addr:state":null,"addr:full":null,"toilets:access":null,"toilets":null,"payment:cash":null,"changing_table":null,"roof:shape":null,"building:use":null,"sport":null,"building:levels:underground":null,"addr:subdistrict":null,"addr:place":null,"addr:district":null,"addr:housename":null,"religion":null,"check_date":null,"branch":null,"brand:wikidata":null,"brand":null,"name:en":null,"opening_hours":null,"fast_food":null,"drive_through":null,"cuisine":null,"parking":null,"not:brand:wikidata":null,"wikipedia":null,"wikidata":null,"office":null,"level":null,"name:ml":null,"name:fa":null,"description":null,"layer":null,"addr:housenumber":null,"height":null,"shop":null,"nohousenumber":null,"website":null,"phone":null,"addr:postcode":null,"amenity":null,"addr:street":null,"addr:city":null,"tourism":null,"smoking":null,"rooms":null,"operator":null,"internet_access:ssid":null,"internet_access":null,"name:te":null,"alt_name":null,"wheelchair":null,"type":null,"name":null,"building:levels":null},"geometry":{"type":"MultiPolygon","coordinates":[[[[222625.188589568017051,1930966.882352714659646],[222632.828865958144888,1930952.702113746432588],[222663.035468652262352,1930968.779077239567414],[222655.395180835330393,1930982.959302957635373],[222625.188589568017051,1930966.882352714659646]]]]}},
{"type":"Feature","properties":{"fid":9576,"full_id":"w646297196","osm_id":"646297196","osm_type":"way","building":"yes","community_centre":null,"levels":null,"diet:lactose_free":null,"diet:dairy":null,"diet:non-vegetarian":null,"image":null,"substation":null,"power":null,"building:apartments":null,"toilets:position":null,"toilets:handwashing":null,"lit":null,"fitness_centre":null,"atm":null,"grades":null,"shelter_type":null,"addr:suburb":null,"compressed_air":null,"check_date:compressed_air":null,"toilets:disposal":null,"male":null,"female":null,"residential":null,"landuse":null,"diplomatic":null,"building:flats":null,"public_transport":null,"bus":null,"material":null,"subway":null,"station":null,"network":null,"construction":null,"leisure":null,"microbrewery":null,"brewery":null,"bar":null,"air_conditioning":null,"guest_house":null,"roof:colour":null,"building:material":null,"payment:notes":null,"payment:coins":null,"internet_access:fee":null,"building:colour":null,"brand:wikipedia":null,"surface":null,"supervised":null,"fee":null,"access":null,"takeaway":null,"outdoor_seating":null,"loc_name":null,"diet:vegetarian":null,"diet:vegan":null,"golf":null,"location":null,"addr:country":null,"email":null,"short_name":null,"official_name":null,"government":null,"man_made":null,"content":null,"operator:type":null,"healthcare":null,"contact:phone":null,"addr:state":null,"addr:full":null,"toilets:access":null,"toilets":null,"payment:cash":null,"changing_table":null,"roof:shape":null,"building:use":null,"sport":null,"building:levels:underground":null,"addr:subdistrict":null,"addr:place":null,"addr:district":null,"addr:housename":null,"religion":null,"check_date":null,"branch":null,"brand:wikidata":null,"brand":null,"name:en":null,"opening_hours":null,"fast_food":null,"drive_through":null,"cuisine":null,"parking":null,"not:brand:wikidata":null,"wikipedia":null,"wikidata":null,"office":null,"level":null,"name:ml":null,"name:fa":null,"description":null,"layer":null,"addr:housenumber":null,"height":null,"shop":null,"nohousenumber":null,"website":null,"phone":null,"addr:postcode":null,"amenity":null,"addr:street":null,"addr:city":null,"tourism":null,"smoking":null,"rooms":null,"operator":null,"internet_access:ssid":null,"internet_access":null,"name:te":null,"alt_name":null,"wheelchair":null,"type":null,"name":null,"building:levels":null},"geometry":{"type":"MultiPolygon","coordinates":[[[[222306.738978310313541,1930970.719206693582237],[222305.983208797697444,1930948.126333456020802],[222317.118194832699373,1930947.752398474840447],[222317.873951842368115,1930970.345270396675915],[222306.738978310313541,1930970.719206693582237]]]]}},
{"type":"Feature","properties":{"fid":9621,"full_id":"w740707429","osm_id":"740707429","osm_type":"way","building":"yes","community_centre":null,"levels":null,"diet:lactose_free":null,"diet:dairy":null,"diet:non-vegetarian":null,"image":null,"substation":null,"power":null,"building:apartments":null,"toilets:position":null,"toilets:handwashing":null,"lit":null,"fitness_centre":null,"atm":null,"grades":null,"shelter_type":null,"addr:suburb":null,"compressed_air":null,"check_date:compressed_air":null,"toilets:disposal":null,"male":null,"female":null,"residential":null,"landuse":null,"diplomatic":null,"building:flats":null,"public_transport":null,"bus":null,"material":null,"subway":null,"station":null,"network":null,"construction":null,"leisure":null,"microbrewery":null,"brewery":null,"bar":null,"air_conditioning":null,"guest_house":null,"roof:colour":null,"building:material":null,"payment:notes":null,"payment:coins":null,"internet_access:fee":null,"building:colour":null,"brand:wikipedia":null,"surface":null,"supervised":null,"fee":null,"access":null,"takeaway":null,"outdoor_seating":null,"loc_name":null,"diet:vegetarian":null,"diet:vegan":null,"golf":null,"location":null,"addr:country":null,"email":null,"short_name":null,"official_name":null,"government":null,"man_made":null,"content":null,"operator:type":null,"healthcare":null,"contact:phone":null,"addr:state":null,"addr:full":null,"toilets:access":null,"toilets":null,"payment:cash":null,"changing_table":null,"roof:shape":null,"building:use":null,"sport":null,"building:levels:underground":null,"addr:subdistrict":null,"addr:place":null,"addr:district":null,"addr:housename":null,"religion":null,"check_date":null,"branch":null,"brand:wikidata":null,"brand":null,"name:en":null,"opening_hours":null,"fast_food":null,"drive_through":null,"cuisine":null,"parking":null,"not:brand:wikidata":null,"wikipedia":null,"wikidata":null,"office":null,"level":null,"name:ml":null,"name:fa":null,"description":null,"layer":null,"addr:housenumber":null,"height":null,"shop":null,"nohousenumber":null,"website":null,"phone":null,"addr:postcode":null,"amenity":null,"addr:street":null,"addr:city":null,"tourism":null,"smoking":null,"rooms":null,"operator":null,"internet_access:ssid":null,"internet_access":null,"name:te":null,"alt_name":null,"wheelchair":null,"type":null,"name":null,"building:levels":null},"geometry":{"type":"MultiPolygon","coordinates":[[[[222670.375372655165847,1931118.428808039287105],[222671.144272249599453,1931096.922587590292096],[222685.054636845947243,1931097.407931037480012],[222684.285722711181734,1931118.914148924639449],[222670.375372655165847,1931118.428808039287105]]]]}},
{"type":"Feature","properties":{"fid":9622,"full_id":"w740749616","osm_id":"740749616","osm_type":"way","building":"yes","community_centre":null,"levels":null,"diet:lactose_free":null,"diet:dairy":null,"diet:non-vegetarian":null,"image":null,"substation":null,"power":null,"building:apartments":null,"toilets:position":null,"toilets:handwashing":null,"lit":null,"fitness_centre":null,"atm":null,"grades":null,"shelter_type":null,"addr:suburb":null,"compressed_air":null,"check_date:compressed_air":null,"toilets:disposal":null,"male":null,"female":null,"residential":null,"landuse":null,"diplomatic":null,"building:flats":null,"public_transport":null,"bus":null,"material":null,"subway":null,"station":null,"network":null,"construction":null,"leisure":null,"microbrewery":null,"brewery":null,"bar":null,"air_conditioning":null,"guest_house":null,"roof:colour":null,"building:material":null,"payment:notes":null,"payment:coins":null,"internet_access:fee":null,"building:colour":null,"brand:wikipedia":null,"surface":null,"supervised":null,"fee":null,"access":null,"takeaway":null,"outdoor_seating":null,"loc_name":null,"diet:vegetarian":null,"diet:vegan":null,"golf":null,"location":null,"addr:country":null,"email":null,"short_name":null,"official_name":null,"government":null,"man_made":null,"content":null,"operator:type":null,"healthcare":null,"contact:phone":null,"addr:state":null,"addr:full":null,"toilets:access":null,"toilets":null,"payment:cash":null,"changing_table":null,"roof:shape":null,"building:use":null,"sport":null,"building:levels:underground":null,"addr:subdistrict":null,"addr:place":null,"addr:district":null,"addr:housename":null,"religion":null,"check_date":null,"branch":null,"brand:wikidata":null,"brand":null,"name:en":null,"opening_hours":null,"fast_food":null,"drive_through":null,"cuisine":null,"parking":null,"not:brand:wikidata":null,"wikipedia":null,"wikidata":null,"office":null,"level":null,"name:ml":null,"name:fa":null,"description":null,"layer":null,"addr:housenumber":null,"height":null,"shop":null,"nohousenumber":null,"website":null,"phone":null,"addr:postcode":null,"amenity":null,"addr:street":null,"addr:city":null,"tourism":null,"smoking":null,"rooms":null,"operator":null,"internet_access:ssid":null,"internet_access":null,"name:te":null,"alt_name":null,"wheelchair":null,"type":null,"name":"Divelings","building:levels":"4"},"geometry":{"type":"MultiPolygon","coordinates":[[[[222575.590970420686062,1931134.0],[222581.394757609814405,1931122.392224245937541],[222555.38887892337516,1931109.558159029344097],[222546.563319564447738,1931127.220999750541523],[222560.31150839314796,1931134.0],[222575.590970420686062,1931134.0]]]]}},
{"type":"Feature","properties":{"fid":9624,"full_id":"w740772471","osm_id":"740772471","osm_type":"way","building":"yes","community_centre":null,"levels":null,"diet:lactose_free":null,"diet:dairy":null,"diet:non-vegetarian":null,"image":null,"substation":null,"power":null,"building:apartments":null,"toilets:position":null,"toilets:handwashing":null,"lit":null,"fitness_centre":null,"atm":null,"grades":null,"shelter_type":null,"addr:suburb":null,"compressed_air":null,"check_date:compressed_air":null,"toilets:disposal":null,"male":null,"female":null,"residential":null,"landuse":null,"diplomatic":null,"building:flats":null,"public_transport":null,"bus":null,"material":null,"subway":null,"station":null,"network":null,"construction":null,"leisure":null,"microbrewery":null,"brewery":null,"bar":null,"air_conditioning":null,"guest_house":null,"roof:colour":null,"building:material":null,"payment:notes":null,"payment:coins":null,"internet_access:fee":null,"building:colour":null,"brand:wikipedia":null,"surface":null,"supervised":null,"fee":null,"access":null,"takeaway":null,"outdoor_seating":null,"loc_name":null,"diet:vegetarian":null,"diet:vegan":null,"golf":null,"location":null,"addr:country":null,"email":null,"short_name":null,"official_name":null,"government":null,"man_made":null,"content":null,"operator:type":null,"healthcare":null,"contact:phone":null,"addr:state":null,"addr:full":null,"toilets:access":null,"toilets":null,"payment:cash":null,"changing_table":null,"roof:shape":null,"building:use":null,"sport":null,"building:levels:underground":null,"addr:subdistrict":null,"addr:place":null,"addr:district":null,"addr:housename":null,"religion":null,"check_date":null,"branch":null,"brand:wikidata":null,"brand":null,"name:en":null,"opening_hours":null,"fast_food":null,"drive_through":null,"cuisine":null,"parking":null,"not:brand:wikidata":null,"wikipedia":null,"wikidata":null,"office":null,"level":null,"name:ml":null,"name:fa":null,"description":null,"layer":null,"addr:housenumber":null,"height":null,"shop":null,"nohousenumber":null,"website":null,"phone":null,"addr:postcode":null,"amenity":null,"addr:street":null,"addr:city":null,"tourism":null,"smoking":null,"rooms":null,"operator":null,"internet_access:ssid":null,"internet_access":null,"name:te":null,"alt_name":null,"wheelchair":null,"type":null,"name":"Narayana college","building:levels":null},"geometry":{"type":"MultiPolygon","coordinates":[[[[222499.879644885950256,1931096.308257623575628],[222506.054132170858793,1931084.551184541080147],[222532.497462334984448,1931098.276251058327034],[222526.31233869260177,1931110.033460097154602],[222499.879644885950256,1931096.308257623575628]]]]}},
{"type":"Feature","properties":{"fid":9625,"full_id":"w740775733","osm_id":"740775733","osm_type":"way","building":"yes","community_centre":null,"levels":null,"diet:lactose_free":null,"diet:dairy":null,"diet:non-vegetarian":null,"image":null,"substation":null,"power":null,"building:apartments":null,"toilets:position":null,"toilets:handwashing":null,"lit":null,"fitness_centre":null,"atm":null,"grades":null,"shelter_type":null,"addr:suburb":null,"compressed_air":null,"check_date:compressed_air":null,"toilets:disposal":null,"male":null,"female":null,"residential":null,"landuse":null,"diplomatic":null,"building:flats":null,"public_transport":null,"bus":null,"material":null,"subway":null,"station":null,"network":null,"construction":null,"leisure":null,"microbrewery":null,"brewery":null,"bar":null,"air_conditioning":null,"guest_house":null,"roof:colour":null,"building:material":null,"payment:notes":null,"payment:coins":null,"internet_access:fee":null,"building:colour":null,"brand:wikipedia":null,"surface":null,"supervised":null,"fee":null,"access":null,"takeaway":null,"outdoor_seating":null,"loc_name":null,"diet:vegetarian":null,"diet:vegan":null,"golf":null,"location":null,"addr:country":null,"email":null,"short_name":null,"official_name":null,"government":null,"man_made":null,"content":null,"operator:type":null,"healthcare":null,"contact:phone":null,"addr:state":null,"addr:full":null,"toilets:access":null,"toilets":null,"payment:cash":null,"changing_table":null,"roof:shape":null,"building:use":null,"sport":null,"building:levels:underground":null,"addr:subdistrict":null,"addr:place":null,"addr:district":null,"addr:housename":null,"religion":null,"check_date":null,"branch":null,"brand:wikidata":null,"brand":null,"name:en":null,"opening_hours":null,"fast_food":null,"drive_through":null,"cuisine":null,"parking":null,"not:brand:wikidata":null,"wikipedia":null,"wikidata":null,"office":null,"level":null,"name:ml":null,"name:fa":null,"description":null,"layer":null,"addr:housenumber":null,"height":null,"shop":null,"nohousenumber":null,"website":null,"phone":null,"addr:postcode":null,"amenity":null,"addr:street":null,"addr:city":null,"tourism":null,"smoking":null,"rooms":null,"operator":null,"internet_access:ssid":null,"internet_access":null,"name:te":null,"alt_name":null,"wheelchair":null,"type":null,"name":null,"building:levels":null},"geometry":{"type":"MultiPolygon","coordinates":[[[[222591.111862617195584,1931109.291002114536241],[222605.653749928518664,1931081.339262387948111],[222614.699347210000269,1931085.977607182227075],[222600.157604274223559,1931113.940411765128374],[222591.111862617195584,1931109.291002114536241]]]]}},
{"type":"Feature","properties":{"fid":9626,"full_id":"w740780999","osm_id":"740780999","osm_type":"way","building":"yes","community_centre":null,"levels":null,"diet:lactose_free":null,"diet:dairy":null,"diet:non-vegetarian":null,"image":null,"substation":null,"power":null,"building:apartments":null,"toilets:position":null,"toilets:handwashing":null,"lit":null,"fitness_centre":null,"atm":null,"grades":null,"shelter_type":null,"addr:suburb":null,"compressed_air":null,"check_date:compressed_air":null,"toilets:disposal":null,"male":null,"female":null,"residential":null,"landuse":null,"diplomatic":null,"building:flats":null,"public_transport":null,"bus":null,"material":null,"subway":null,"station":null,"network":null,"construction":null,"leisure":null,"microbrewery":null,"brewery":null,"bar":null,"air_conditioning":null,"guest_house":null,"roof:colour":null,"building:material":null,"payment:notes":null,"payment:coins":null,"internet_access:fee":null,"building:colour":null,"brand:wikipedia":null,"surface":null,"supervised":null,"fee":null,"access":null,"takeaway":null,"outdoor_seating":null,"loc_name":null,"diet:vegetarian":null,"diet:vegan":null,"golf":null,"location":null,"addr:country":null,"email":null,"short_name":null,"official_name":null,"government":null,"man_made":null,"content":null,"operator:type":null,"healthcare":null,"contact:phone":null,"addr:state":null,"addr:full":null,"toilets:access":null,"toilets":null,"payment:cash":null,"changing_table":null,"roof:shape":null,"building:use":null,"sport":null,"building:levels:underground":null,"addr:subdistrict":null,"addr:place":null,"addr:district":null,"addr:housename":null,"religion":null,"check_date":null,"branch":null,"brand:wikidata":null,"brand":null,"name:en":null,"opening_hours":null,"fast_food":null,"drive_through":null,"cuisine":null,"parking":null,"not:brand:wikidata":null,"wikipedia":null,"wikidata":null,"office":null,"level":null,"name:ml":null,"name:fa":null,"description":null,"layer":null,"addr:housenumber":null,"height":null,"shop":null,"nohousenumber":null,"website":null,"phone":null,"addr:postcode":null,"amenity":null,"addr:street":null,"addr:city":null,"tourism":null,"smoking":null,"rooms":null,"operator":null,"internet_access:ssid":null,"internet_access":null,"name:te":null,"alt_name":null,"wheelchair":null,"type":null,"name":"Aashraya Hospitalities","building:levels":"6"},"geometry":{"type":"MultiPolygon","coordinates":[[[[222624.318561766704079,1930980.992158952867612],[222629.585497544438113,1930970.48790217936039],[222650.845011746685486,1930981.360338732367381],[222645.588697407511063,1930991.864443628583103],[222624.318561766704079,1930980.992158952867612]]]]}},
{"type":"Feature","properties":{"fid":9631,"full_id":"w742092835","osm_id":"742092835","osm_type":"way","building":"shed","community_centre":null,"levels":null,"diet:lactose_free":null,"diet:dairy":null,"diet:non-vegetarian":null,"image":null,"substation":null,"power":null,"building:apartments":null,"toilets:position":null,"toilets:handwashing":null,"lit":null,"fitness_centre":null,"atm":null,"grades":null,"shelter_type":null,"addr:suburb":null,"compressed_air":null,"check_date:compressed_air":null,"toilets:disposal":null,"male":null,"female":null,"residential":null,"landuse":null,"diplomatic":null,"building:flats":null,"public_transport":null,"bus":null,"material":null,"subway":null,"station":null,"network":null,"construction":null,"leisure":null,"microbrewery":null,"brewery":null,"bar":null,"air_conditioning":null,"guest_house":null,"roof:colour":null,"building:material":null,"payment:notes":null,"payment:coins":null,"internet_access:fee":null,"building:colour":null,"brand:wikipedia":null,"surface":null,"supervised":null,"fee":null,"access":null,"takeaway":null,"outdoor_seating":null,"loc_name":null,"diet:vegetarian":null,"diet:vegan":null,"golf":null,"location":null,"addr:country":null,"email":null,"short_name":null,"official_name":null,"government":null,"man_made":null,"content":null,"operator:type":null,"healthcare":null,"contact:phone":null,"addr:state":null,"addr:full":null,"toilets:access":null,"toilets":null,"payment:cash":null,"changing_table":null,"roof:shape":null,"building:use":null,"sport":null,"building:levels:underground":null,"addr:subdistrict":null,"addr:place":null,"addr:district":null,"addr:housename":null,"religion":null,"check_date":null,"branch":null,"brand:wikidata":null,"brand":null,"name:en":null,"opening_hours":null,"fast_food":null,"drive_through":null,"cuisine":null,"parking":null,"not:brand:wikidata":null,"wikipedia":null,"wikidata":null,"office":null,"level":null,"name:ml":null,"name:fa":null,"description":null,"layer":null,"addr:housenumber":null,"height":null,"shop":null,"nohousenumber":null,"website":null,"phone":null,"addr:postcode":null,"amenity":null,"addr:street":null,"addr:city":null,"tourism":null,"smoking":null,"rooms":null,"operator":null,"internet_access:ssid":null,"internet_access":null,"name:te":null,"alt_name":null,"wheelchair":null,"type":null,"name":null,"building:levels":null},"geometry":{"type":"MultiPolygon","coordinates":[[[[222667.160044734890107,1930986.674528776668012],[222683.235379941179417,1930994.672049054177478],[222686.060629246348981,1930989.062922282144427],[222669.985291425837204,1930981.065399346174672],[222667.160044734890107,1930986.674528776668012]]]]}},
{"type":"Feature","properties":{"fid":9632,"full_id":"w742092836","osm_id":"742092836","osm_type":"way","building":"yes","community_centre":null,"levels":null,"diet:lactose_free":null,"diet:dairy":null,"diet:non-vegetarian":null,"image":null,"substation":null,"power":null,"building:apartments":null,"toilets:position":null,"toilets:handwashing":null,"lit":null,"fitness_centre":null,"atm":null,"grades":null,"shelter_type":null,"addr:suburb":null,"compressed_air":null,"check_date:compressed_air":null,"toilets:disposal":null,"male":null,"female":null,"residential":null,"landuse":null,"diplomatic":null,"building:flats":null,"public_transport":null,"bus":null,"material":null,"subway":null,"station":null,"network":null,"construction":null,"leisure":null,"microbrewery":null,"brewery":null,"bar":null,"air_conditioning":null,"guest_house":null,"roof:colour":null,"building:material":null,"payment:notes":null,"payment:coins":null,"internet_access:fee":null,"building:colour":null,"brand:wikipedia":null,"surface":null,"supervised":null,"fee":null,"access":null,"takeaway":null,"outdoor_seating":null,"loc_name":null,"diet:vegetarian":null,"diet:vegan":null,"golf":null,"location":null,"addr:country":null,"email":null,"short_name":null,"official_name":null,"government":null,"man_made":null,"content":null,"operator:type":null,"healthcare":null,"contact:phone":null,"addr:state":null,"addr:full":null,"toilets:access":null,"toilets":null,"payment:cash":null,"changing_table":null,"roof:shape":null,"building:use":null,"sport":null,"building:levels:underground":null,"addr:subdistrict":null,"addr:place":null,"addr:district":null,"addr:housename":null,"religion":null,"check_date":null,"branch":null,"brand:wikidata":null,"brand":null,"name:en":null,"opening_hours":null,"fast_food":null,"drive_through":null,"cuisine":null,"parking":null,"not:brand:wikidata":null,"wikipedia":null,"wikidata":null,"office":null,"level":null,"name:ml":null,"name:fa":null,"description":null,"layer":null,"addr:housenumber":null,"height":null,"shop":null,"nohousenumber":null,"website":null,"phone":null,"addr:postcode":null,"amenity":null,"addr:street":null,"addr:city":null,"tourism":null,"smoking":null,"rooms":null,"operator":null,"internet_access:ssid":null,"internet_access":null,"name:te":null,"alt_name":null,"wheelchair":null,"type":null,"name":null,"building:levels":null},"geometry":{"type":"MultiPolygon","coordinates":[[[[222634.230572211439721,1931021.001871049404144],[222657.812983139709104,1931031.510304392315447],[222668.862442068464588,1931007.006277131615207],[222645.280012490053196,1930996.497828028630465],[222634.230572211439721,1931021.001871049404144]]]]}},
{"type":"Feature","properties":{"fid":9633,"full_id":"w742092837","osm_id":"742092837","osm_type":"way","building":"yes","community_centre":null,"levels":null,"diet:lactose_free":null,"diet:dairy":null,"diet:non-vegetarian":null,"image":null,"substation":null,"power":null,"building:apartments":null,"toilets:position":null,"toilets:handwashing":null,"lit":null,"fitness_centre":null,"atm":null,"grades":null,"shelter_type":null,"addr:suburb":null,"compressed_air":null,"check_date:compressed_air":null,"toilets:disposal":null,"male":null,"female":null,"residential":null,"landuse":null,"diplomatic":null,"building:flats":null,"public_transport":null,"bus":null,"material":null,"subway":null,"station":null,"network":null,"construction":null,"leisure":null,"microbrewery":null,"brewery":null,"bar":null,"air_conditioning":null,"guest_house":null,"roof:colour":null,"building:material":null,"payment:notes":null,"payment:coins":null,"internet_access:fee":null,"building:colour":null,"brand:wikipedia":null,"surface":null,"supervised":null,"fee":null,"access":null,"takeaway":null,"outdoor_seating":null,"loc_name":null,"diet:vegetarian":null,"diet:vegan":null,"golf":null,"location":null,"addr:country":null,"email":null,"short_name":null,"official_name":null,"government":null,"man_made":null,"content":null,"operator:type":null,"healthcare":null,"contact:phone":null,"addr:state":null,"addr:full":null,"toilets:access":null,"toilets":null,"payment:cash":null,"changing_table":null,"roof:shape":null,"building:use":null,"sport":null,"building:levels:underground":null,"addr:subdistrict":null,"addr:place":null,"addr:district":null,"addr:housename":null,"religion":null,"check_date":null,"branch":null,"brand:wikidata":null,"brand":null,"name:en":null,"opening_hours":null,"fast_food":null,"drive_through":null,"cuisine":null,"parking":null,"not:brand:wikidata":null,"wikipedia":null,"wikidata":null,"office":null,"level":null,"name:ml":null,"name:fa":null,"description":null,"layer":null,"addr:housenumber":null,"height":null,"shop":null,"nohousenumber":null,"website":null,"phone":null,"addr:postcode":null,"amenity":null,"addr:street":null,"addr:city":null,"tourism":null,"smoking":null,"rooms":null,"operator":null,"internet_access:ssid":null,"internet_access":null,"name:te":null,"alt_name":null,"wheelchair":null,"type":null,"name":null,"building:levels":null},"geometry":{"type":"MultiPolygon","coordinates":[[[[222650.845011746685486,1930981.360338732367381],[222645.588697407511063,1930991.864443628583103],[222670.781626223120838,1931004.322143231518567],[222676.0379482927965,1930993.818046101601794],[222650.845011746685486,1930981.360338732367381]]]]}},
{"type":"Feature","properties":{"fid":9640,"full_id":"w742092844","osm_id":"742092844","osm_type":"way","building":"yes","community_centre":null,"levels":null,"diet:lactose_free":null,"diet:dairy":null,"diet:non-vegetarian":null,"image":null,"substation":null,"power":null,"building:apartments":null,"toilets:position":null,"toilets:handwashing":null,"lit":null,"fitness_centre":null,"atm":null,"grades":null,"shelter_type":null,"addr:suburb":null,"compressed_air":null,"check_date:compressed_air":null,"toilets:disposal":null,"male":null,"female":null,"residential":null,"landuse":null,"diplomatic":null,"building:flats":null,"public_transport":null,"bus":null,"material":null,"subway":null,"station":null,"network":null,"construction":null,"leisure":null,"microbrewery":null,"brewery":null,"bar":null,"air_conditioning":null,"guest_house":null,"roof:colour":null,"building:material":null,"payment:notes":null,"payment:coins":null,"internet_access:fee":null,"building:colour":null,"brand:wikipedia":null,"surface":null,"supervised":null,"fee":null,"access":null,"takeaway":null,"outdoor_seating":null,"loc_name":null,"diet:vegetarian":null,"diet:vegan":null,"golf":null,"location":null,"addr:country":null,"email":null,"short_name":null,"official_name":null,"government":null,"man_made":null,"content":null,"operator:type":null,"healthcare":null,"contact:phone":null,"addr:state":null,"addr:full":null,"toilets:access":null,"toilets":null,"payment:cash":null,"changing_table":null,"roof:shape":null,"building:use":null,"sport":null,"building:levels:underground":null,"addr:subdistrict":null,"addr:place":null,"addr:district":null,"addr:housename":null,"religion":null,"check_date":null,"branch":null,"brand:wikidata":null,"brand":null,"name:en":null,"opening_hours":null,"fast_food":null,"drive_through":null,"cuisine":null,"parking":null,"not:brand:wikidata":null,"wikipedia":null,"wikidata":null,"office":null,"level":null,"name:ml":null,"name:fa":null,"description":null,"layer":null,"addr:housenumber":null,"height":null,"shop":null,"nohousenumber":null,"website":null,"phone":null,"addr:postcode":null,"amenity":null,"addr:street":null,"addr:city":null,"tourism":null,"smoking":null,"rooms":null,"operator":null,"internet_access:ssid":null,"internet_access":null,"name:te":null,"alt_name":null,"wheelchair":null,"type":null,"name":null,"building:levels":null},"geometry":{"type":"MultiPolygon","coordinates":[[[[222547.809010991826653,1930900.46338117448613],[222540.983652218710631,1930913.602575963130221],[222563.164397676300723,1930924.982839419739321],[222569.989764603145886,1930911.843653415329754],[222547.809010991826653,1930900.46338117448613]]]]}},
{"type":"Feature","properties":{"fid":9641,"full_id":"w742092845","osm_id":"742092845","osm_type":"way","building":"yes","community_centre":null,"levels":null,"diet:lactose_free":null,"diet:dairy":null,"diet:non-vegetarian":null,"image":null,"substation":null,"power":null,"building:apartments":null,"toilets:position":null,"toilets:handwashing":null,"lit":null,"fitness_centre":null,"atm":null,"grades":null,"shelter_type":null,"addr:suburb":null,"compressed_air":null,"check_date:compressed_air":null,"toilets:disposal":null,"male":null,"female":null,"residential":null,"landuse":null,"diplomatic":null,"building:flats":null,"public_transport":null,"bus":null,"material":null,"subway":null,"station":null,"network":null,"construction":null,"leisure":null,"microbrewery":null,"brewery":null,"bar":null,"air_conditioning":null,"guest_house":null,"roof:colour":null,"building:material":null,"payment:notes":null,"payment:coins":null,"internet_access:fee":null,"building:colour":null,"brand:wikipedia":null,"surface":null,"supervised":null,"fee":null,"access":null,"takeaway":null,"outdoor_seating":null,"loc_name":null,"diet:vegetarian":null,"diet:vegan":null,"golf":null,"location":null,"addr:country":null,"email":null,"short_name":null,"official_name":null,"government":null,"man_made":null,"content":null,"operator:type":null,"healthcare":null,"contact:phone":null,"addr:state":null,"addr:full":null,"toilets:access":null,"toilets":null,"payment:cash":null,"changing_table":null,"roof:shape":null,"building:use":null,"sport":null,"building:levels:underground":null,"addr:subdistrict":null,"addr:place":null,"addr:district":null,"addr:housename":null,"religion":null,"check_date":null,"branch":null,"brand:wikidata":null,"brand":null,"name:en":null,"opening_hours":null,"fast_food":null,"drive_through":null,"cuisine":null,"parking":null,"not:brand:wikidata":null,"wikipedia":null,"wikidata":null,"office":null,"level":null,"name:ml":null,"name:fa":null,"description":null,"layer":null,"addr:housenumber":null,"height":null,"shop":null,"nohousenumber":null,"website":null,"phone":null,"addr:postcode":null,"amenity":null,"addr:street":null,"addr:city":null,"tourism":null,"smoking":null,"rooms":null,"operator":null,"internet_access:ssid":null,"internet_access":null,"name:te":null,"alt_name":null,"wheelchair":null,"type":null,"name":null,"building:levels":null},"geometry":{"type":"MultiPolygon","coordinates":[[[[222480.022034822555725,1930912.099823852302507],[222481.491186958213802,1930934.793658488197252],[222494.437627201783471,1930933.963129829615355],[222492.96848976414185,1930911.269296278245747],[222480.022034822555725,1930912.099823852302507]]]]}},
{"type":"Feature","properties":{"fid":9642,"full_id":"w742092846","osm_id":"742092846","osm_type":"way","building":"yes","community_centre":null,"levels":null,"diet:lactose_free":null,"diet:dairy":null,"diet:non-vegetarian":null,"image":null,"substation":null,"power":null,"building:apartments":null,"toilets:position":null,"toilets:handwashing":null,"lit":null,"fitness_centre":null,"atm":null,"grades":null,"shelter_type":null,"addr:suburb":null,"compressed_air":null,"check_date:compressed_air":null,"toilets:disposal":null,"male":null,"female":null,"residential":null,"landuse":null,"diplomatic":null,"building:flats":null,"public_transport":null,"bus":null,"material":null,"subway":null,"station":null,"network":null,"construction":null,"leisure":null,"microbrewery":null,"brewery":null,"bar":null,"air_conditioning":null,"guest_house":null,"roof:colour":null,"building:material":null,"payment:notes":null,"payment:coins":null,"internet_access:fee":null,"building:colour":null,"brand:wikipedia":null,"surface":null,"supervised":null,"fee":null,"access":null,"takeaway":null,"outdoor_seating":null,"loc_name":null,"diet:vegetarian":null,"diet:vegan":null,"golf":null,"location":null,"addr:country":null,"email":null,"short_name":null,"official_name":null,"government":null,"man_made":null,"content":null,"operator:type":null,"healthcare":null,"contact:phone":null,"addr:state":null,"addr:full":null,"toilets:access":null,"toilets":null,"payment:cash":null,"changing_table":null,"roof:shape":null,"building:use":null,"sport":null,"building:levels:underground":null,"addr:subdistrict":null,"addr:place":null,"addr:district":null,"addr:housename":null,"religion":null,"check_date":null,"branch":null,"brand:wikidata":null,"brand":null,"name:en":null,"opening_hours":null,"fast_food":null,"drive_through":null,"cuisine":null,"parking":null,"not:brand:wikidata":null,"wikipedia":null,"wikidata":null,"office":null,"level":null,"name:ml":null,"name:fa":null,"description":null,"layer":null,"addr:housenumber":null,"height":null,"shop":null,"nohousenumber":null,"website":null,"phone":null,"addr:postcode":null,"amenity":null,"addr:street":null,"addr:city":null,"tourism":null,"smoking":null,"rooms":null,"operator":null,"internet_access:ssid":null,"internet_access":null,"name:te":null,"alt_name":null,"wheelchair":null,"type":null,"name":null,"building:levels":null},"geometry":{"type":"MultiPolygon","coordinates":[[[[222463.429943926457781,1930937.820497349835932],[222463.594226248154882,1930942.835028764326125],[222468.715648053097539,1930942.67635665810667],[222468.75478100113105,1930943.982620183611289],[222483.704557807010133,1930943.512282567098737],[222483.74020543997176,1930944.563878636108711],[222490.742304430168588,1930944.346257032128051],[222490.77749723038869,1930945.364635584177449],[222494.932084582629614,1930945.241347043775022],[222494.668315529474057,1930936.839360676007345],[222463.429943926457781,1930937.820497349835932]]]]}},
{"type":"Feature","properties":{"fid":9658,"full_id":"w744820538","osm_id":"744820538","osm_type":"way","building":"yes","community_centre":null,"levels":null,"diet:lactose_free":null,"diet:dairy":null,"diet:non-vegetarian":null,"image":null,"substation":null,"power":null,"building:apartments":null,"toilets:position":null,"toilets:handwashing":null,"lit":null,"fitness_centre":null,"atm":null,"grades":null,"shelter_type":null,"addr:suburb":null,"compressed_air":null,"check_date:compressed_air":null,"toilets:disposal":null,"male":null,"female":null,"residential":null,"landuse":null,"diplomatic":null,"building:flats":null,"public_transport":null,"bus":null,"material":null,"subway":null,"station":null,"network":null,"construction":null,"leisure":null,"microbrewery":null,"brewery":null,"bar":null,"air_conditioning":null,"guest_house":null,"roof:colour":null,"building:material":null,"payment:notes":null,"payment:coins":null,"internet_access:fee":null,"building:colour":null,"brand:wikipedia":null,"surface":null,"supervised":null,"fee":null,"access":null,"takeaway":null,"outdoor_seating":null,"loc_name":null,"diet:vegetarian":null,"diet:vegan":null,"golf":null,"location":null,"addr:country":null,"email":null,"short_name":null,"official_name":null,"government":null,"man_made":null,"content":null,"operator:type":null,"healthcare":null,"contact:phone":null,"addr:state":null,"addr:full":null,"toilets:access":null,"toilets":null,"payment:cash":null,"changing_table":null,"roof:shape":null,"building:use":null,"sport":null,"building:levels:underground":null,"addr:subdistrict":null,"addr:place":null,"addr:district":null,"addr:housename":null,"religion":null,"check_date":null,"branch":null,"brand:wikidata":null,"brand":null,"name:en":null,"opening_hours":null,"fast_food":null,"drive_through":null,"cuisine":null,"parking":null,"not:brand:wikidata":null,"wikipedia":null,"wikidata":null,"office":null,"level":null,"name:ml":null,"name:fa":null,"description":null,"layer":null,"addr:housenumber":null,"height":null,"shop":null,"nohousenumber":null,"website":null,"phone":null,"addr:postcode":null,"amenity":null,"addr:street":null,"addr:city":null,"tourism":null,"smoking":null,"rooms":null,"operator":null,"internet_access:ssid":null,"internet_access":null,"name:te":null,"alt_name":null,"wheelchair":null,"type":null,"name":null,"building:levels":null},"geometry":{"type":"MultiPolygon","coordinates":[[[[222687.042576471401844,1931036.780807898845524],[222685.946759288548492,1931058.479760791640729],[222699.902535641740542,1931059.174913867376745],[222700.998216072912328,1931037.464891301933676],[222687.042576471401844,1931036.780807898845524]]]]}},
{"type":"Feature","properties":{"fid":9659,"full_id":"w744820540","osm_id":"744820540","osm_type":"way","building":"yes","community_centre":null,"levels":null,"diet:lactose_free":null,"diet:dairy":null,"diet:non-vegetarian":null,"image":null,"substation":null,"power":null,"building:apartments":null,"toilets:position":null,"toilets:handwashing":null,"lit":null,"fitness_centre":null,"atm":null,"grades":null,"shelter_type":null,"addr:suburb":null,"compressed_air":null,"check_date:compressed_air":null,"toilets:disposal":null,"male":null,"female":null,"residential":null,"landuse":null,"diplomatic":null,"building:flats":null,"public_transport":null,"bus":null,"material":null,"subway":null,"station":null,"network":null,"construction":null,"leisure":null,"microbrewery":null,"brewery":null,"bar":null,"air_conditioning":null,"guest_house":null,"roof:colour":null,"building:material":null,"payment:notes":null,"payment:coins":null,"internet_access:fee":null,"building:colour":null,"brand:wikipedia":null,"surface":null,"supervised":null,"fee":null,"access":null,"takeaway":null,"outdoor_seating":null,"loc_name":null,"diet:vegetarian":null,"diet:vegan":null,"golf":null,"location":null,"addr:country":null,"email":null,"short_name":null,"official_name":null,"government":null,"man_made":null,"content":null,"operator:type":null,"healthcare":null,"contact:phone":null,"addr:state":null,"addr:full":null,"toilets:access":null,"toilets":null,"payment:cash":null,"changing_table":null,"roof:shape":null,"building:use":null,"sport":null,"building:levels:underground":null,"addr:subdistrict":null,"addr:place":null,"addr:district":null,"addr:housename":null,"religion":null,"check_date":null,"branch":null,"brand:wikidata":null,"brand":null,"name:en":null,"opening_hours":null,"fast_food":null,"drive_through":null,"cuisine":null,"parking":null,"not:brand:wikidata":null,"wikipedia":null,"wikidata":null,"office":null,"level":null,"name:ml":null,"name:fa":null,"description":null,"layer":null,"addr:housenumber":null,"height":null,"shop":null,"nohousenumber":null,"website":null,"phone":null,"addr:postcode":null,"amenity":null,"addr:street":null,"addr:city":null,"tourism":null,"smoking":null,"rooms":null,"operator":null,"internet_access:ssid":null,"internet_access":null,"name:te":null,"alt_name":null,"wheelchair":null,"type":null,"name":null,"building:levels":null},"geometry":{"type":"MultiPolygon","coordinates":[[[[222679.610078089404851,1930812.700320130214095],[222684.276063441473525,1930815.770627503748983],[222687.650938831444364,1930810.707719215890393],[222691.630529937683605,1930813.333355381852016],[222694.745007206802256,1930808.661617608508095],[222686.099429648485966,1930802.96567175956443],[222679.610078089404851,1930812.700320130214095]]]]}},
{"type":"Feature","properties":{"fid":9660,"full_id":"w744820543","osm_id":"744820543","osm_type":"way","building":"yes","community_centre":null,"levels":null,"diet:lactose_free":null,"diet:dairy":null,"diet:non-vegetarian":null,"image":null,"substation":null,"power":null,"building:apartments":null,"toilets:position":null,"toilets:handwashing":null,"lit":null,"fitness_centre":null,"atm":null,"grades":null,"shelter_type":null,"addr:suburb":null,"compressed_air":null,"check_date:compressed_air":null,"toilets:disposal":null,"male":null,"female":null,"residential":null,"landuse":null,"diplomatic":null,"building:flats":null,"public_transport":null,"bus":null,"material":null,"subway":null,"station":null,"network":null,"construction":null,"leisure":null,"microbrewery":null,"brewery":null,"bar":null,"air_conditioning":null,"guest_house":null,"roof:colour":null,"building:material":null,"payment:notes":null,"payment:coins":null,"internet_access:fee":null,"building:colour":null,"brand:wikipedia":null,"surface":null,"supervised":null,"fee":null,"access":null,"takeaway":null,"outdoor_seating":null,"loc_name":null,"diet:vegetarian":null,"diet:vegan":null,"golf":null,"location":null,"addr:country":null,"email":null,"short_name":null,"official_name":null,"government":null,"man_made":null,"content":null,"operator:type":null,"healthcare":null,"contact:phone":null,"addr:state":null,"addr:full":null,"toilets:access":null,"toilets":null,"payment:cash":null,"changing_table":null,"roof:shape":null,"building:use":null,"sport":null,"building:levels:underground":null,"addr:subdistrict":null,"addr:place":null,"addr:district":null,"addr:housename":null,"religion":null,"check_date":null,"branch":null,"brand:wikidata":null,"brand":null,"name:en":null,"opening_hours":null,"fast_food":null,"drive_through":null,"cuisine":null,"parking":null,"not:brand:wikidata":null,"wikipedia":null,"wikidata":null,"office":null,"level":null,"name:ml":null,"name:fa":null,"description":null,"layer":null,"addr:housenumber":null,"height":null,"shop":null,"nohousenumber":null,"website":null,"phone":null,"addr:postcode":null,"amenity":null,"addr:street":null,"addr:city":null,"tourism":null,"smoking":null,"rooms":null,"operator":null,"internet_access:ssid":null,"internet_access":null,"name:te":null,"alt_name":null,"wheelchair":null,"type":null,"name":null,"building:levels":null},"geometry":{"type":"MultiPolygon","coordinates":[[[[222681.888011187664233,1930748.392501370748505],[222671.145741769636516,1930770.500189027516171],[222693.637502588389907,1930781.300477267475799],[222704.369159040157683,1930759.192949183052406],[222681.888011187664233,1930748.392501370748505]]]]}},
{"type":"Feature","properties":{"fid":9687,"full_id":"w744820573","osm_id":"744820573","osm_type":"way","building":"yes","community_centre":null,"levels":null,"diet:lactose_free":null,"diet:dairy":null,"diet:non-vegetarian":null,"image":null,"substation":null,"power":null,"building:apartments":null,"toilets:position":null,"toilets:handwashing":null,"lit":null,"fitness_centre":null,"atm":null,"grades":null,"shelter_type":null,"addr:suburb":null,"compressed_air":null,"check_date:compressed_air":null,"toilets:disposal":null,"male":null,"female":null,"residential":null,"landuse":null,"diplomatic":null,"building:flats":null,"public_transport":null,"bus":null,"material":null,"subway":null,"station":null,"network":null,"construction":null,"leisure":null,"microbrewery":null,"brewery":null,"bar":null,"air_conditioning":null,"guest_house":null,"roof:colour":null,"building:material":null,"payment:notes":null,"payment:coins":null,"internet_access:fee":null,"building:colour":null,"brand:wikipedia":null,"surface":null,"supervised":null,"fee":null,"access":null,"takeaway":null,"outdoor_seating":null,"loc_name":null,"diet:vegetarian":null,"diet:vegan":null,"golf":null,"location":null,"addr:country":null,"email":null,"short_name":null,"official_name":null,"government":null,"man_made":null,"content":null,"operator:type":null,"healthcare":null,"contact:phone":null,"addr:state":null,"addr:full":null,"toilets:access":null,"toilets":null,"payment:cash":null,"changing_table":null,"roof:shape":null,"building:use":null,"sport":null,"building:levels:underground":null,"addr:subdistrict":null,"addr:place":null,"addr:district":null,"addr:housename":null,"religion":null,"check_date":null,"branch":null,"brand:wikidata":null,"brand":null,"name:en":null,"opening_hours":null,"fast_food":null,"drive_through":null,"cuisine":null,"parking":null,"not:brand:wikidata":null,"wikipedia":null,"wikidata":null,"office":null,"level":null,"name:ml":null,"name:fa":null,"description":null,"layer":null,"addr:housenumber":null,"height":null,"shop":null,"nohousenumber":null,"website":null,"phone":null,"addr:postcode":null,"amenity":null,"addr:street":null,"addr:city":null,"tourism":null,"smoking":null,"rooms":null,"operator":null,"internet_access:ssid":null,"internet_access":null,"name:te":null,"alt_name":null,"wheelchair":null,"type":null,"name":null,"building:levels":null},"geometry":{"type":"MultiPolygon","coordinates":[[[[222296.258885952702258,1930634.0],[222299.406786799838301,1930636.234378378372639],[222301.012434998701792,1930634.0],[222296.258885952702258,1930634.0]]]]}},
{"type":"Feature","properties":{"fid":9688,"full_id":"w744820574","osm_id":"744820574","osm_type":"way","building":"yes","community_centre":null,"levels":null,"diet:lactose_free":null,"diet:dairy":null,"diet:non-vegetarian":null,"image":null,"substation":null,"power":null,"building:apartments":null,"toilets:position":null,"toilets:handwashing":null,"lit":null,"fitness_centre":null,"atm":null,"grades":null,"shelter_type":null,"addr:suburb":null,"compressed_air":null,"check_date:compressed_air":null,"toilets:disposal":null,"male":null,"female":null,"residential":null,"landuse":null,"diplomatic":null,"building:flats":null,"public_transport":null,"bus":null,"material":null,"subway":null,"station":null,"network":null,"construction":null,"leisure":null,"microbrewery":null,"brewery":null,"bar":null,"air_conditioning":null,"guest_house":null,"roof:colour":null,"building:material":null,"payment:notes":null,"payment:coins":null,"internet_access:fee":null,"building:colour":null,"brand:wikipedia":null,"surface":null,"supervised":null,"fee":null,"access":null,"takeaway":null,"outdoor_seating":null,"loc_name":null,"diet:vegetarian":null,"diet:vegan":null,"golf":null,"location":null,"addr:country":null,"email":null,"short_name":null,"official_name":null,"government":null,"man_made":null,"content":null,"operator:type":null,"healthcare":null,"contact:phone":null,"addr:state":null,"addr:full":null,"toilets:access":null,"toilets":null,"payment:cash":null,"changing_table":null,"roof:shape":null,"building:use":null,"sport":null,"building:levels:underground":null,"addr:subdistrict":null,"addr:place":null,"addr:district":null,"addr:housename":null,"religion":null,"check_date":null,"branch":null,"brand:wikidata":null,"brand":null,"name:en":null,"opening_hours":null,"fast_food":null,"drive_through":null,"cuisine":null,"parking":null,"not:brand:wikidata":null,"wikipedia":null,"wikidata":null,"office":null,"level":null,"name:ml":null,"name:fa":null,"description":null,"layer":null,"addr:housenumber":null,"height":null,"shop":null,"nohousenumber":null,"website":null,"phone":null,"addr:postcode":null,"amenity":null,"addr:street":null,"addr:city":null,"tourism":null,"smoking":null,"rooms":null,"operator":null,"internet_access:ssid":null,"internet_access":null,"name:te":null,"alt_name":null,"wheelchair":null,"type":null,"name":"Rent A Desk","building:levels":null},"geometry":{"type":"MultiPolygon","coordinates":[[[[222254.766614642518107,1930634.0],[222242.636680283583701,1930649.016416738042608],[222255.974186175502837,1930659.653675667475909],[222275.855226130748633,1930635.017416447633877],[222274.579262343089795,1930634.0],[222254.766614642518107,1930634.0]]]]}},
{"type":"Feature","properties":{"fid":9689,"full_id":"w744820575","osm_id":"744820575","osm_type":"way","building":"yes","community_centre":null,"levels":null,"diet:lactose_free":null,"diet:dairy":null,"diet:non-vegetarian":null,"image":null,"substation":null,"power":null,"building:apartments":null,"toilets:position":null,"toilets:handwashing":null,"lit":null,"fitness_centre":null,"atm":null,"grades":null,"shelter_type":null,"addr:suburb":null,"compressed_air":null,"check_date:compressed_air":null,"toilets:disposal":null,"male":null,"female":null,"residential":null,"landuse":null,"diplomatic":null,"building:flats":null,"public_transport":null,"bus":null,"material":null,"subway":null,"station":null,"network":null,"construction":null,"leisure":null,"microbrewery":null,"brewery":null,"bar":null,"air_conditioning":null,"guest_house":null,"roof:colour":null,"building:material":null,"payment:notes":null,"payment:coins":null,"internet_access:fee":null,"building:colour":null,"brand:wikipedia":null,"surface":null,"supervised":null,"fee":null,"access":null,"takeaway":null,"outdoor_seating":null,"loc_name":null,"diet:vegetarian":null,"diet:vegan":null,"golf":null,"location":null,"addr:country":null,"email":null,"short_name":null,"official_name":null,"government":null,"man_made":null,"content":null,"operator:type":null,"healthcare":null,"contact:phone":null,"addr:state":null,"addr:full":null,"toilets:access":null,"toilets":null,"payment:cash":null,"changing_table":null,"roof:shape":null,"building:use":null,"sport":null,"building:levels:underground":null,"addr:subdistrict":null,"addr:place":null,"addr:district":null,"addr:housename":null,"religion":null,"check_date":null,"branch":null,"brand:wikidata":null,"brand":null,"name:en":null,"opening_hours":null,"fast_food":null,"drive_through":null,"cuisine":null,"parking":null,"not:brand:wikidata":null,"wikipedia":null,"wikidata":null,"office":null,"level":null,"name:ml":null,"name:fa":null,"description":null,"layer":null,"addr:housenumber":null,"height":null,"shop":null,"nohousenumber":null,"website":null,"phone":null,"addr:postcode":null,"amenity":null,"addr:street":null,"addr:city":null,"tourism":null,"smoking":null,"rooms":null,"operator":null,"internet_access:ssid":null,"internet_access":null,"name:te":null,"alt_name":null,"wheelchair":null,"type":null,"name":null,"building:levels":null},"geometry":{"type":"MultiPolygon","coordinates":[[[[222424.197542138805147,1930962.854301372775808],[222441.564227815659251,1930962.672017676522955],[222441.468684906198177,1930953.359611748484895],[222424.101991244708188,1930953.541894417954609],[222424.197542138805147,1930962.854301372775808]]]]}},
{"type":"Feature","properties":{"fid":9690,"full_id":"w744820576","osm_id":"744820576","osm_type":"way","building":"yes","community_centre":null,"levels":null,"diet:lactose_free":null,"diet:dairy":null,"diet:non-vegetarian":null,"image":null,"substation":null,"power":null,"building:apartments":null,"toilets:position":null,"toilets:handwashing":null,"lit":null,"fitness_centre":null,"atm":null,"grades":null,"shelter_type":null,"addr:suburb":null,"compressed_air":null,"check_date:compressed_air":null,"toilets:disposal":null,"male":null,"female":null,"residential":null,"landuse":null,"diplomatic":null,"building:flats":null,"public_transport":null,"bus":null,"material":null,"subway":null,"station":null,"network":null,"construction":null,"leisure":null,"microbrewery":null,"brewery":null,"bar":null,"air_conditioning":null,"guest_house":null,"roof:colour":null,"building:material":null,"payment:notes":null,"payment:coins":null,"internet_access:fee":null,"building:colour":null,"brand:wikipedia":null,"surface":null,"supervised":null,"fee":null,"access":null,"takeaway":null,"outdoor_seating":null,"loc_name":null,"diet:vegetarian":null,"diet:vegan":null,"golf":null,"location":null,"addr:country":null,"email":null,"short_name":null,"official_name":null,"government":null,"man_made":null,"content":null,"operator:type":null,"healthcare":null,"contact:phone":null,"addr:state":null,"addr:full":null,"toilets:access":null,"toilets":null,"payment:cash":null,"changing_table":null,"roof:shape":null,"building:use":null,"sport":null,"building:levels:underground":null,"addr:subdistrict":null,"addr:place":null,"addr:district":null,"addr:housename":null,"religion":null,"check_date":null,"branch":null,"brand:wikidata":null,"brand":null,"name:en":null,"opening_hours":null,"fast_food":null,"drive_through":null,"cuisine":null,"parking":null,"not:brand:wikidata":null,"wikipedia":null,"wikidata":null,"office":null,"level":null,"name:ml":null,"name:fa":null,"description":null,"layer":null,"addr:housenumber":null,"height":null,"shop":null,"nohousenumber":null,"website":null,"phone":null,"addr:postcode":null,"amenity":null,"addr:street":null,"addr:city":null,"tourism":null,"smoking":null,"rooms":null,"operator":null,"internet_access:ssid":null,"internet_access":null,"name:te":null,"alt_name":null,"wheelchair":null,"type":null,"name":null,"building:levels":null},"geometry":{"type":"MultiPolygon","coordinates":[[[[222397.490536306286231,1930960.949518112931401],[222397.166935364133678,1930969.149131609126925],[222415.311250651720911,1930969.864296620478854],[222415.645486680325121,1930961.664538978831843],[222397.490536306286231,1930960.949518112931401]]]]}},
{"type":"Feature","properties":{"fid":9691,"full_id":"w744820577","osm_id":"744820577","osm_type":"way","building":"yes","community_centre":null,"levels":null,"diet:lactose_free":null,"diet:dairy":null,"diet:non-vegetarian":null,"image":null,"substation":null,"power":null,"building:apartments":null,"toilets:position":null,"toilets:handwashing":null,"lit":null,"fitness_centre":null,"atm":null,"grades":null,"shelter_type":null,"addr:suburb":null,"compressed_air":null,"check_date:compressed_air":null,"toilets:disposal":null,"male":null,"female":null,"residential":null,"landuse":null,"diplomatic":null,"building:flats":null,"public_transport":null,"bus":null,"material":null,"subway":null,"station":null,"network":null,"construction":null,"leisure":null,"microbrewery":null,"brewery":null,"bar":null,"air_conditioning":null,"guest_house":null,"roof:colour":null,"building:material":null,"payment:notes":null,"payment:coins":null,"internet_access:fee":null,"building:colour":null,"brand:wikipedia":null,"surface":null,"supervised":null,"fee":null,"access":null,"takeaway":null,"outdoor_seating":null,"loc_name":null,"diet:vegetarian":null,"diet:vegan":null,"golf":null,"location":null,"addr:country":null,"email":null,"short_name":null,"official_name":null,"government":null,"man_made":null,"content":null,"operator:type":null,"healthcare":null,"contact:phone":null,"addr:state":null,"addr:full":null,"toilets:access":null,"toilets":null,"payment:cash":null,"changing_table":null,"roof:shape":null,"building:use":null,"sport":null,"building:levels:underground":null,"addr:subdistrict":null,"addr:place":null,"addr:district":null,"addr:housename":null,"religion":null,"check_date":null,"branch":null,"brand:wikidata":null,"brand":null,"name:en":null,"opening_hours":null,"fast_food":null,"drive_through":null,"cuisine":null,"parking":null,"not:brand:wikidata":null,"wikipedia":null,"wikidata":null,"office":null,"level":null,"name:ml":null,"name:fa":null,"description":null,"layer":null,"addr:housenumber":null,"height":null,"shop":null,"nohousenumber":null,"website":null,"phone":null,"addr:postcode":null,"amenity":null,"addr:street":null,"addr:city":null,"tourism":null,"smoking":null,"rooms":null,"operator":null,"internet_access:ssid":null,"internet_access":null,"name:te":null,"alt_name":null,"wheelchair":null,"type":null,"name":null,"building:levels":null},"geometry":{"type":"MultiPolygon","coordinates":[[[[222374.047356844821479,1930952.089560121530667],[222374.165436848707031,1930959.939817987615243],[222398.502799745241646,1930959.573491393355653],[222398.384577648947015,1930951.712162196869031],[222374.047356844821479,1930952.089560121530667]]]]}},
{"type":"Feature","properties":{"fid":9692,"full_id":"w744820578","osm_id":"744820578","osm_type":"way","building":"yes","community_centre":null,"levels":null,"diet:lactose_free":null,"diet:dairy":null,"diet:non-vegetarian":null,"image":null,"substation":null,"power":null,"building:apartments":null,"toilets:position":null,"toilets:handwashing":null,"lit":null,"fitness_centre":null,"atm":null,"grades":null,"shelter_type":null,"addr:suburb":null,"compressed_air":null,"check_date:compressed_air":null,"toilets:disposal":null,"male":null,"female":null,"residential":null,"landuse":null,"diplomatic":null,"building:flats":null,"public_transport":null,"bus":null,"material":null,"subway":null,"station":null,"network":null,"construction":null,"leisure":null,"microbrewery":"no","brewery":"no","bar":"no","air_conditioning":"no","guest_house":null,"roof:colour":null,"building:material":null,"payment:notes":null,"payment:coins":null,"internet_access:fee":null,"building:colour":null,"brand:wikipedia":null,"surface":null,"supervised":null,"fee":null,"access":null,"takeaway":"yes","outdoor_seating":"yes","loc_name":null,"diet:vegetarian":null,"diet:vegan":null,"golf":null,"location":null,"addr:country":null,"email":null,"short_name":null,"official_name":null,"government":null,"man_made":null,"content":null,"operator:type":null,"healthcare":null,"contact:phone":null,"addr:state":null,"addr:full":null,"toilets:access":null,"toilets":null,"payment:cash":null,"changing_table":null,"roof:shape":null,"building:use":null,"sport":null,"building:levels:underground":null,"addr:subdistrict":null,"addr:place":null,"addr:district":null,"addr:housename":null,"religion":null,"check_date":null,"branch":null,"brand:wikidata":"Q124374630","brand":"The Rameshwaram Cafe","name:en":null,"opening_hours":null,"fast_food":null,"drive_through":null,"cuisine":"south_indian","parking":null,"not:brand:wikidata":null,"wikipedia":null,"wikidata":null,"office":null,"level":null,"name:ml":null,"name:fa":null,"description":null,"layer":null,"addr:housenumber":null,"height":null,"shop":null,"nohousenumber":null,"website":"https://therameshwaramcafe.org","phone":null,"addr:postcode":null,"amenity":"fast_food","addr:street":null,"addr:city":null,"tourism":null,"smoking":null,"rooms":null,"operator":null,"internet_access:ssid":null,"internet_access":null,"name:te":null,"alt_name":null,"wheelchair":null,"type":null,"name":"The Rameshwaram Cafe","building:levels":null},"geometry":{"type":"MultiPolygon","coordinates":[[[[222356.623270721000154,1930951.962597700534388],[222356.413377385179047,1930967.691370252752677],[222369.13963072327897,1930967.860483734635636],[222369.360161742253695,1930952.131567212752998],[222356.623270721000154,1930951.962597700534388]]]]}},
{"type":"Feature","properties":{"fid":9693,"full_id":"w744820579","osm_id":"744820579","osm_type":"way","building":"yes","community_centre":null,"levels":null,"diet:lactose_free":null,"diet:dairy":null,"diet:non-vegetarian":null,"image":null,"substation":null,"power":null,"building:apartments":null,"toilets:position":null,"toilets:handwashing":null,"lit":null,"fitness_centre":null,"atm":null,"grades":null,"shelter_type":null,"addr:suburb":null,"compressed_air":null,"check_date:compressed_air":null,"toilets:disposal":null,"male":null,"female":null,"residential":null,"landuse":null,"diplomatic":null,"building:flats":null,"public_transport":null,"bus":null,"material":null,"subway":null,"station":null,"network":null,"construction":null,"leisure":null,"microbrewery":null,"brewery":null,"bar":null,"air_conditioning":null,"guest_house":null,"roof:colour":null,"building:material":null,"payment:notes":null,"payment:coins":null,"internet_access:fee":null,"building:colour":null,"brand:wikipedia":null,"surface":null,"supervised":null,"fee":null,"access":null,"takeaway":null,"outdoor_seating":null,"loc_name":null,"diet:vegetarian":null,"diet:vegan":null,"golf":null,"location":null,"addr:country":null,"email":null,"short_name":null,"official_name":null,"government":null,"man_made":null,"content":null,"operator:type":null,"healthcare":null,"contact:phone":null,"addr:state":null,"addr:full":null,"toilets:access":null,"toilets":null,"payment:cash":null,"changing_table":null,"roof:shape":null,"building:use":null,"sport":null,"building:levels:underground":null,"addr:subdistrict":null,"addr:place":null,"addr:district":null,"addr:housename":null,"religion":null,"check_date":null,"branch":null,"brand:wikidata":null,"brand":null,"name:en":null,"opening_hours":null,"fast_food":null,"drive_through":null,"cuisine":null,"parking":null,"not:brand:wikidata":null,"wikipedia":null,"wikidata":null,"office":null,"level":null,"name:ml":null,"name:fa":null,"description":null,"layer":null,"addr:housenumber":null,"height":null,"shop":null,"nohousenumber":null,"website":null,"phone":null,"addr:postcode":null,"amenity":null,"addr:street":null,"addr:city":null,"tourism":null,"smoking":null,"rooms":null,"operator":null,"internet_access:ssid":null,"internet_access":null,"name:te":null,"alt_name":null,"wheelchair":null,"type":null,"name":null,"building:levels":null},"geometry":{"type":"MultiPolygon","coordinates":[[[[222292.992621235141996,1930976.788014604011551],[222294.051525779243093,1930995.899320639204234],[222304.290866111172363,1930995.32722046575509],[222303.232122937159147,1930976.226987750036642],[222292.992621235141996,1930976.788014604011551]]]]}},
{"type":"Feature","properties":{"fid":9723,"full_id":"w748137746","osm_id":"748137746","osm_type":"way","building":"yes","community_centre":null,"levels":null,"diet:lactose_free":null,"diet:dairy":null,"diet:non-vegetarian":null,"image":null,"substation":null,"power":null,"building:apartments":null,"toilets:position":null,"toilets:handwashing":null,"lit":null,"fitness_centre":null,"atm":null,"grades":null,"shelter_type":null,"addr:suburb":null,"compressed_air":null,"check_date:compressed_air":null,"toilets:disposal":null,"male":null,"female":null,"residential":null,"landuse":null,"diplomatic":null,"building:flats":null,"public_transport":null,"bus":null,"material":null,"subway":null,"station":null,"network":null,"construction":null,"leisure":null,"microbrewery":null,"brewery":null,"bar":null,"air_conditioning":null,"guest_house":null,"roof:colour":null,"building:material":null,"payment:notes":null,"payment:coins":null,"internet_access:fee":null,"building:colour":null,"brand:wikipedia":null,"surface":null,"supervised":null,"fee":null,"access":null,"takeaway":null,"outdoor_seating":null,"loc_name":null,"diet:vegetarian":null,"diet:vegan":null,"golf":null,"location":null,"addr:country":null,"email":null,"short_name":null,"official_name":null,"government":null,"man_made":null,"content":null,"operator:type":null,"healthcare":null,"contact:phone":null,"addr:state":null,"addr:full":null,"toilets:access":null,"toilets":null,"payment:cash":null,"changing_table":null,"roof:shape":null,"building:use":null,"sport":null,"building:levels:underground":null,"addr:subdistrict":null,"addr:place":null,"addr:district":null,"addr:housename":null,"religion":null,"check_date":null,"branch":null,"brand:wikidata":null,"brand":null,"name:en":null,"opening_hours":null,"fast_food":null,"drive_through":null,"cuisine":null,"parking":null,"not:brand:wikidata":null,"wikipedia":null,"wikidata":null,"office":null,"level":null,"name:ml":null,"name:fa":null,"description":null,"layer":null,"addr:housenumber":null,"height":null,"shop":null,"nohousenumber":null,"website":null,"phone":null,"addr:postcode":null,"amenity":null,"addr:street":null,"addr:city":null,"tourism":null,"smoking":null,"rooms":null,"operator":null,"internet_access:ssid":null,"internet_access":null,"name:te":null,"alt_name":null,"wheelchair":null,"type":null,"name":null,"building:levels":null},"geometry":{"type":"MultiPolygon","coordinates":[[[[222506.946965580398683,1930971.888490518322214],[222534.812337915296666,1930983.877568494295701],[222543.26362356118625,1930964.492221341701224],[222515.398081830528099,1930952.492056481074542],[222506.946965580398683,1930971.888490518322214]]]]}},
{"type":"Feature","properties":{"fid":9734,"full_id":"w748555952","osm_id":"748555952","osm_type":"way","building":"yes","community_centre":null,"levels":null,"diet:lactose_free":null,"diet:dairy":null,"diet:non-vegetarian":null,"image":null,"substation":null,"power":null,"building:apartments":null,"toilets:position":null,"toilets:handwashing":null,"lit":null,"fitness_centre":null,"atm":null,"grades":null,"shelter_type":null,"addr:suburb":null,"compressed_air":null,"check_date:compressed_air":null,"toilets:disposal":null,"male":null,"female":null,"residential":null,"landuse":null,"diplomatic":null,"building:flats":null,"public_transport":null,"bus":null,"material":null,"subway":null,"station":null,"network":null,"construction":null,"leisure":null,"microbrewery":null,"brewery":null,"bar":null,"air_conditioning":null,"guest_house":null,"roof:colour":null,"building:material":null,"payment:notes":null,"payment:coins":null,"internet_access:fee":null,"building:colour":null,"brand:wikipedia":null,"surface":null,"supervised":null,"fee":null,"access":null,"takeaway":null,"outdoor_seating":null,"loc_name":null,"diet:vegetarian":null,"diet:vegan":null,"golf":null,"location":null,"addr:country":null,"email":null,"short_name":null,"official_name":null,"government":null,"man_made":null,"content":null,"operator:type":null,"healthcare":null,"contact:phone":null,"addr:state":null,"addr:full":null,"toilets:access":null,"toilets":null,"payment:cash":null,"changing_table":null,"roof:shape":null,"building:use":null,"sport":null,"building:levels:underground":null,"addr:subdistrict":null,"addr:place":null,"addr:district":null,"addr:housename":null,"religion":null,"check_date":null,"branch":null,"brand:wikidata":null,"brand":null,"name:en":null,"opening_hours":null,"fast_food":null,"drive_through":null,"cuisine":null,"parking":null,"not:brand:wikidata":null,"wikipedia":null,"wikidata":null,"office":null,"level":null,"name:ml":null,"name:fa":null,"description":null,"layer":null,"addr:housenumber":null,"height":null,"shop":null,"nohousenumber":null,"website":null,"phone":null,"addr:postcode":null,"amenity":null,"addr:street":null,"addr:city":null,"tourism":null,"smoking":null,"rooms":null,"operator":null,"internet_access:ssid":null,"internet_access":null,"name:te":null,"alt_name":null,"wheelchair":null,"type":null,"name":null,"building:levels":null},"geometry":{"type":"MultiPolygon","coordinates":[[[[222479.614481315948069,1930908.727657256880775],[222495.319644617964514,1930907.527150355512276],[222494.378388091805391,1930895.446602913085371],[222478.683843170467298,1930896.646963828941807],[222479.614481315948069,1930908.727657256880775]]]]}},
{"type":"Feature","properties":{"fid":9736,"full_id":"w748555954","osm_id":"748555954","osm_type":"way","building":"yes","community_centre":null,"levels":null,"diet:lactose_free":null,"diet:dairy":null,"diet:non-vegetarian":null,"image":null,"substation":null,"power":null,"building:apartments":null,"toilets:position":null,"toilets:handwashing":null,"lit":null,"fitness_centre":null,"atm":null,"grades":null,"shelter_type":null,"addr:suburb":null,"compressed_air":null,"check_date:compressed_air":null,"toilets:disposal":null,"male":null,"female":null,"residential":null,"landuse":null,"diplomatic":null,"building:flats":null,"public_transport":null,"bus":null,"material":null,"subway":null,"station":null,"network":null,"construction":null,"leisure":null,"microbrewery":null,"brewery":null,"bar":null,"air_conditioning":null,"guest_house":null,"roof:colour":null,"building:material":null,"payment:notes":null,"payment:coins":null,"internet_access:fee":null,"building:colour":null,"brand:wikipedia":null,"surface":null,"supervised":null,"fee":null,"access":null,"takeaway":null,"outdoor_seating":null,"loc_name":null,"diet:vegetarian":null,"diet:vegan":null,"golf":null,"location":null,"addr:country":null,"email":null,"short_name":null,"official_name":null,"government":null,"man_made":null,"content":null,"operator:type":null,"healthcare":null,"contact:phone":null,"addr:state":null,"addr:full":null,"toilets:access":null,"toilets":null,"payment:cash":null,"changing_table":null,"roof:shape":null,"building:use":null,"sport":null,"building:levels:underground":null,"addr:subdistrict":null,"addr:place":null,"addr:district":null,"addr:housename":null,"religion":null,"check_date":null,"branch":null,"brand:wikidata":null,"brand":null,"name:en":null,"opening_hours":null,"fast_food":null,"drive_through":null,"cuisine":null,"parking":null,"not:brand:wikidata":null,"wikipedia":null,"wikidata":null,"office":null,"level":null,"name:ml":null,"name:fa":null,"description":null,"layer":null,"addr:housenumber":null,"height":null,"shop":null,"nohousenumber":null,"website":null,"phone":null,"addr:postcode":null,"amenity":null,"addr:street":null,"addr:city":null,"tourism":null,"smoking":null,"rooms":null,"operator":null,"internet_access:ssid":null,"internet_access":null,"name:te":null,"alt_name":null,"wheelchair":null,"type":null,"name":null,"building:levels":null},"geometry":{"type":"MultiPolygon","coordinates":[[[[222488.169946145324502,1931060.110672086942941],[222507.295885476691183,1931060.325194200035185],[222507.487400796730071,1931043.245593900326639],[222488.372224762802944,1931043.04199645249173],[222488.169946145324502,1931060.110672086942941]]]]}},
{"type":"Feature","properties":{"fid":9737,"full_id":"w748555955","osm_id":"748555955","osm_type":"way","building":"yes","community_centre":null,"levels":null,"diet:lactose_free":null,"diet:dairy":null,"diet:non-vegetarian":null,"image":null,"substation":null,"power":null,"building:apartments":null,"toilets:position":null,"toilets:handwashing":null,"lit":null,"fitness_centre":null,"atm":null,"grades":null,"shelter_type":null,"addr:suburb":null,"compressed_air":null,"check_date:compressed_air":null,"toilets:disposal":null,"male":null,"female":null,"residential":null,"landuse":null,"diplomatic":null,"building:flats":null,"public_transport":null,"bus":null,"material":null,"subway":null,"station":null,"network":null,"construction":null,"leisure":null,"microbrewery":null,"brewery":null,"bar":null,"air_conditioning":null,"guest_house":null,"roof:colour":null,"building:material":null,"payment:notes":null,"payment:coins":null,"internet_access:fee":null,"building:colour":null,"brand:wikipedia":null,"surface":null,"supervised":null,"fee":null,"access":null,"takeaway":null,"outdoor_seating":null,"loc_name":null,"diet:vegetarian":null,"diet:vegan":null,"golf":null,"location":null,"addr:country":null,"email":null,"short_name":null,"official_name":null,"government":null,"man_made":null,"content":null,"operator:type":null,"healthcare":null,"contact:phone":null,"addr:state":null,"addr:full":null,"toilets:access":null,"toilets":null,"payment:cash":null,"changing_table":null,"roof:shape":null,"building:use":null,"sport":null,"building:levels:underground":null,"addr:subdistrict":null,"addr:place":null,"addr:district":null,"addr:housename":null,"religion":null,"check_date":null,"branch":null,"brand:wikidata":null,"brand":null,"name:en":null,"opening_hours":null,"fast_food":null,"drive_through":null,"cuisine":null,"parking":null,"not:brand:wikidata":null,"wikipedia":null,"wikidata":null,"office":null,"level":null,"name:ml":null,"name:fa":null,"description":null,"layer":null,"addr:housenumber":null,"height":null,"shop":null,"nohousenumber":null,"website":null,"phone":null,"addr:postcode":null,"amenity":null,"addr:street":null,"addr:city":null,"tourism":null,"smoking":null,"rooms":null,"operator":null,"internet_access:ssid":null,"internet_access":null,"name:te":null,"alt_name":null,"wheelchair":null,"type":null,"name":null,"building:levels":null},"geometry":{"type":"MultiPolygon","coordinates":[[[[222467.643901792063843,1931064.001842324621975],[222473.678678136900999,1931063.786370486486703],[222473.434892738761846,1931056.84595187054947],[222467.39996280206833,1931057.050350996665657],[222467.643901792063843,1931064.001842324621975]]]]}},
{"type":"Feature","properties":{"fid":9738,"full_id":"w748555956","osm_id":"748555956","osm_type":"way","building":"yes","community_centre":null,"levels":null,"diet:lactose_free":null,"diet:dairy":null,"diet:non-vegetarian":null,"image":null,"substation":null,"power":null,"building:apartments":null,"toilets:position":null,"toilets:handwashing":null,"lit":null,"fitness_centre":null,"atm":null,"grades":null,"shelter_type":null,"addr:suburb":null,"compressed_air":null,"check_date:compressed_air":null,"toilets:disposal":null,"male":null,"female":null,"residential":null,"landuse":null,"diplomatic":null,"building:flats":null,"public_transport":null,"bus":null,"material":null,"subway":null,"station":null,"network":null,"construction":null,"leisure":null,"microbrewery":null,"brewery":null,"bar":null,"air_conditioning":null,"guest_house":null,"roof:colour":null,"building:material":null,"payment:notes":null,"payment:coins":null,"internet_access:fee":null,"building:colour":null,"brand:wikipedia":null,"surface":null,"supervised":null,"fee":null,"access":null,"takeaway":null,"outdoor_seating":null,"loc_name":null,"diet:vegetarian":null,"diet:vegan":null,"golf":null,"location":null,"addr:country":null,"email":null,"short_name":null,"official_name":null,"government":null,"man_made":null,"content":null,"operator:type":null,"healthcare":null,"contact:phone":null,"addr:state":null,"addr:full":null,"toilets:access":null,"toilets":null,"payment:cash":null,"changing_table":null,"roof:shape":null,"building:use":null,"sport":null,"building:levels:underground":null,"addr:subdistrict":null,"addr:place":null,"addr:district":null,"addr:housename":null,"religion":null,"check_date":null,"branch":null,"brand:wikidata":null,"brand":null,"name:en":null,"opening_hours":null,"fast_food":null,"drive_through":null,"cuisine":null,"parking":null,"not:brand:wikidata":null,"wikipedia":null,"wikidata":null,"office":null,"level":null,"name:ml":null,"name:fa":null,"description":null,"layer":null,"addr:housenumber":null,"height":null,"shop":null,"nohousenumber":null,"website":null,"phone":null,"addr:postcode":null,"amenity":null,"addr:street":null,"addr:city":null,"tourism":null,"smoking":null,"rooms":null,"operator":null,"internet_access:ssid":null,"internet_access":null,"name:te":null,"alt_name":null,"wheelchair":null,"type":null,"name":null,"building:levels":null},"geometry":{"type":"MultiPolygon","coordinates":[[[[222431.783779023040552,1931084.54862235346809],[222445.539332621556241,1931084.592940076487139],[222445.598561521794181,1931067.171829422470182],[222431.842996141174808,1931067.127510019112378],[222431.783779023040552,1931084.54862235346809]]]]}},
{"type":"Feature","properties":{"fid":9739,"full_id":"w748555957","osm_id":"748555957","osm_type":"way","building":"yes","community_centre":null,"levels":null,"diet:lactose_free":null,"diet:dairy":null,"diet:non-vegetarian":null,"image":null,"substation":null,"power":null,"building:apartments":null,"toilets:position":null,"toilets:handwashing":null,"lit":null,"fitness_centre":null,"atm":null,"grades":null,"shelter_type":null,"addr:suburb":null,"compressed_air":null,"check_date:compressed_air":null,"toilets:disposal":null,"male":null,"female":null,"residential":null,"landuse":null,"diplomatic":null,"building:flats":null,"public_transport":null,"bus":null,"material":null,"subway":null,"station":null,"network":null,"construction":null,"leisure":null,"microbrewery":null,"brewery":null,"bar":null,"air_conditioning":null,"guest_house":null,"roof:colour":null,"building:material":null,"payment:notes":null,"payment:coins":null,"internet_access:fee":null,"building:colour":null,"brand:wikipedia":null,"surface":null,"supervised":null,"fee":null,"access":null,"takeaway":null,"outdoor_seating":null,"loc_name":null,"diet:vegetarian":null,"diet:vegan":null,"golf":null,"location":null,"addr:country":null,"email":null,"short_name":null,"official_name":null,"government":null,"man_made":null,"content":null,"operator:type":null,"healthcare":null,"contact:phone":null,"addr:state":null,"addr:full":null,"toilets:access":null,"toilets":null,"payment:cash":null,"changing_table":null,"roof:shape":null,"building:use":null,"sport":null,"building:levels:underground":null,"addr:subdistrict":null,"addr:place":null,"addr:district":null,"addr:housename":null,"religion":null,"check_date":null,"branch":null,"brand:wikidata":null,"brand":null,"name:en":null,"opening_hours":null,"fast_food":null,"drive_through":null,"cuisine":null,"parking":null,"not:brand:wikidata":null,"wikipedia":null,"wikidata":null,"office":null,"level":null,"name:ml":null,"name:fa":null,"description":null,"layer":null,"addr:housenumber":null,"height":null,"shop":null,"nohousenumber":null,"website":null,"phone":null,"addr:postcode":null,"amenity":null,"addr:street":null,"addr:city":null,"tourism":null,"smoking":null,"rooms":null,"operator":null,"internet_access:ssid":null,"internet_access":null,"name:te":null,"alt_name":null,"wheelchair":null,"type":null,"name":null,"building:levels":null},"geometry":{"type":"MultiPolygon","coordinates":[[[[222504.872501935227774,1930929.811376764671877],[222512.278918810130563,1930929.621455677086487],[222512.124998452491127,1930923.809415412833914],[222504.718730921798851,1930924.010408752365038],[222504.872501935227774,1930929.811376764671877]]]]}},
{"type":"Feature","properties":{"fid":9740,"full_id":"w748555958","osm_id":"748555958","osm_type":"way","building":"yes","community_centre":null,"levels":null,"diet:lactose_free":null,"diet:dairy":null,"diet:non-vegetarian":null,"image":null,"substation":null,"power":null,"building:apartments":null,"toilets:position":null,"toilets:handwashing":null,"lit":null,"fitness_centre":null,"atm":null,"grades":null,"shelter_type":null,"addr:suburb":null,"compressed_air":null,"check_date:compressed_air":null,"toilets:disposal":null,"male":null,"female":null,"residential":null,"landuse":null,"diplomatic":null,"building:flats":null,"public_transport":null,"bus":null,"material":null,"subway":null,"station":null,"network":null,"construction":null,"leisure":null,"microbrewery":null,"brewery":null,"bar":null,"air_conditioning":null,"guest_house":null,"roof:colour":null,"building:material":null,"payment:notes":null,"payment:coins":null,"internet_access:fee":null,"building:colour":null,"brand:wikipedia":null,"surface":null,"supervised":null,"fee":null,"access":null,"takeaway":null,"outdoor_seating":null,"loc_name":null,"diet:vegetarian":null,"diet:vegan":null,"golf":null,"location":null,"addr:country":null,"email":null,"short_name":null,"official_name":null,"government":null,"man_made":null,"content":null,"operator:type":null,"healthcare":null,"contact:phone":null,"addr:state":null,"addr:full":null,"toilets:access":null,"toilets":null,"payment:cash":null,"changing_table":null,"roof:shape":null,"building:use":null,"sport":null,"building:levels:underground":null,"addr:subdistrict":null,"addr:place":null,"addr:district":null,"addr:housename":null,"religion":null,"check_date":null,"branch":null,"brand:wikidata":null,"brand":null,"name:en":null,"opening_hours":null,"fast_food":null,"drive_through":null,"cuisine":null,"parking":null,"not:brand:wikidata":null,"wikipedia":null,"wikidata":null,"office":null,"level":null,"name:ml":null,"name:fa":null,"description":null,"layer":null,"addr:housenumber":null,"height":null,"shop":null,"nohousenumber":null,"website":null,"phone":null,"addr:postcode":null,"amenity":null,"addr:street":null,"addr:city":null,"tourism":null,"smoking":null,"rooms":null,"operator":null,"internet_access:ssid":null,"internet_access":null,"name:te":null,"alt_name":null,"wheelchair":null,"type":null,"name":null,"building:levels":null},"geometry":{"type":"MultiPolygon","coordinates":[[[[222503.413368089532014,1930922.610722946701571],[222511.964871961041354,1930922.205794272245839],[222511.744257362675853,1930917.734688638942316],[222503.203530947677791,1930918.150544236414135],[222503.413368089532014,1930922.610722946701571]]]]}},
{"type":"Feature","properties":{"fid":9741,"full_id":"w748555959","osm_id":"748555959","osm_type":"way","building":"commercial","community_centre":null,"levels":null,"diet:lactose_free":null,"diet:dairy":null,"diet:non-vegetarian":null,"image":null,"substation":null,"power":null,"building:apartments":null,"toilets:position":null,"toilets:handwashing":null,"lit":null,"fitness_centre":null,"atm":null,"grades":null,"shelter_type":null,"addr:suburb":null,"compressed_air":null,"check_date:compressed_air":null,"toilets:disposal":null,"male":null,"female":null,"residential":null,"landuse":null,"diplomatic":null,"building:flats":null,"public_transport":null,"bus":null,"material":null,"subway":null,"station":null,"network":null,"construction":null,"leisure":null,"microbrewery":null,"brewery":null,"bar":null,"air_conditioning":null,"guest_house":null,"roof:colour":null,"building:material":null,"payment:notes":null,"payment:coins":null,"internet_access:fee":null,"building:colour":null,"brand:wikipedia":null,"surface":null,"supervised":null,"fee":null,"access":null,"takeaway":null,"outdoor_seating":null,"loc_name":null,"diet:vegetarian":null,"diet:vegan":null,"golf":null,"location":null,"addr:country":null,"email":null,"short_name":null,"official_name":null,"government":null,"man_made":null,"content":null,"operator:type":null,"healthcare":null,"contact:phone":null,"addr:state":null,"addr:full":null,"toilets:access":null,"toilets":null,"payment:cash":null,"changing_table":null,"roof:shape":null,"building:use":null,"sport":null,"building:levels:underground":null,"addr:subdistrict":null,"addr:place":null,"addr:district":null,"addr:housename":null,"religion":null,"check_date":null,"branch":null,"brand:wikidata":null,"brand":null,"name:en":null,"opening_hours":null,"fast_food":null,"drive_through":null,"cuisine":null,"parking":null,"not:brand:wikidata":null,"wikipedia":null,"wikidata":null,"office":null,"level":null,"name:ml":null,"name:fa":null,"description":null,"layer":null,"addr:housenumber":null,"height":null,"shop":null,"nohousenumber":null,"website":null,"phone":null,"addr:postcode":null,"amenity":null,"addr:street":null,"addr:city":null,"tourism":null,"smoking":null,"rooms":null,"operator":null,"internet_access:ssid":null,"internet_access":null,"name:te":null,"alt_name":null,"wheelchair":null,"type":null,"name":null,"building:levels":null},"geometry":{"type":"MultiPolygon","coordinates":[[[[222345.380348234437406,1931038.409612214425579],[222363.988543396815658,1931041.178243447560817],[222367.721619642339647,1931016.475134959444404],[222349.113251874805428,1931013.695424784673378],[222345.380348234437406,1931038.409612214425579]]]]}},
{"type":"Feature","properties":{"fid":9742,"full_id":"w748555960","osm_id":"748555960","osm_type":"way","building":"yes","community_centre":null,"levels":null,"diet:lactose_free":null,"diet:dairy":null,"diet:non-vegetarian":null,"image":null,"substation":null,"power":null,"building:apartments":null,"toilets:position":null,"toilets:handwashing":null,"lit":null,"fitness_centre":null,"atm":null,"grades":null,"shelter_type":null,"addr:suburb":null,"compressed_air":null,"check_date:compressed_air":null,"toilets:disposal":null,"male":null,"female":null,"residential":null,"landuse":null,"diplomatic":null,"building:flats":null,"public_transport":null,"bus":null,"material":null,"subway":null,"station":null,"network":null,"construction":null,"leisure":null,"microbrewery":null,"brewery":null,"bar":null,"air_conditioning":null,"guest_house":null,"roof:colour":null,"building:material":null,"payment:notes":null,"payment:coins":null,"internet_access:fee":null,"building:colour":null,"brand:wikipedia":null,"surface":null,"supervised":null,"fee":null,"access":null,"takeaway":null,"outdoor_seating":null,"loc_name":null,"diet:vegetarian":null,"diet:vegan":null,"golf":null,"location":null,"addr:country":null,"email":null,"short_name":null,"official_name":null,"government":null,"man_made":null,"content":null,"operator:type":null,"healthcare":null,"contact:phone":null,"addr:state":null,"addr:full":null,"toilets:access":null,"toilets":null,"payment:cash":null,"changing_table":null,"roof:shape":null,"building:use":null,"sport":null,"building:levels:underground":null,"addr:subdistrict":null,"addr:place":null,"addr:district":null,"addr:housename":null,"religion":null,"check_date":null,"branch":null,"brand:wikidata":null,"brand":null,"name:en":null,"opening_hours":null,"fast_food":null,"drive_through":null,"cuisine":null,"parking":null,"not:brand:wikidata":null,"wikipedia":null,"wikidata":null,"office":null,"level":null,"name:ml":null,"name:fa":null,"description":null,"layer":null,"addr:housenumber":null,"height":null,"shop":null,"nohousenumber":null,"website":null,"phone":null,"addr:postcode":null,"amenity":null,"addr:street":null,"addr:city":null,"tourism":null,"smoking":null,"rooms":null,"operator":null,"internet_access:ssid":null,"internet_access":null,"name:te":null,"alt_name":null,"wheelchair":null,"type":null,"name":null,"building:levels":null},"geometry":{"type":"MultiPolygon","coordinates":[[[[222464.221758960047737,1931031.422989566577598],[222473.866649871284608,1931031.689699508715421],[222474.35208463302115,1931014.340283811558038],[222464.707185564853717,1931014.073572497582063],[222464.221758960047737,1931031.422989566577598]]]]}},
{"type":"Feature","properties":{"fid":9743,"full_id":"w748555961","osm_id":"748555961","osm_type":"way","building":"yes","community_centre":null,"levels":null,"diet:lactose_free":null,"diet:dairy":null,"diet:non-vegetarian":null,"image":null,"substation":null,"power":null,"building:apartments":null,"toilets:position":null,"toilets:handwashing":null,"lit":null,"fitness_centre":null,"atm":null,"grades":null,"shelter_type":null,"addr:suburb":null,"compressed_air":null,"check_date:compressed_air":null,"toilets:disposal":null,"male":null,"female":null,"residential":null,"landuse":null,"diplomatic":null,"building:flats":null,"public_transport":null,"bus":null,"material":null,"subway":null,"station":null,"network":null,"construction":null,"leisure":null,"microbrewery":null,"brewery":null,"bar":null,"air_conditioning":null,"guest_house":null,"roof:colour":null,"building:material":null,"payment:notes":null,"payment:coins":null,"internet_access:fee":null,"building:colour":null,"brand:wikipedia":null,"surface":null,"supervised":null,"fee":null,"access":null,"takeaway":null,"outdoor_seating":null,"loc_name":null,"diet:vegetarian":null,"diet:vegan":null,"golf":null,"location":null,"addr:country":null,"email":null,"short_name":null,"official_name":null,"government":null,"man_made":null,"content":null,"operator:type":null,"healthcare":null,"contact:phone":null,"addr:state":null,"addr:full":null,"toilets:access":null,"toilets":null,"payment:cash":null,"changing_table":null,"roof:shape":null,"building:use":null,"sport":null,"building:levels:underground":null,"addr:subdistrict":null,"addr:place":null,"addr:district":null,"addr:housename":null,"religion":null,"check_date":null,"branch":null,"brand:wikidata":null,"brand":null,"name:en":null,"opening_hours":null,"fast_food":null,"drive_through":null,"cuisine":null,"parking":null,"not:brand:wikidata":null,"wikipedia":null,"wikidata":null,"office":null,"level":null,"name:ml":null,"name:fa":null,"description":null,"layer":null,"addr:housenumber":null,"height":null,"shop":null,"nohousenumber":null,"website":null,"phone":null,"addr:postcode":null,"amenity":null,"addr:street":null,"addr:city":null,"tourism":null,"smoking":null,"rooms":null,"operator":null,"internet_access:ssid":null,"internet_access":null,"name:te":null,"alt_name":null,"wheelchair":null,"type":null,"name":null,"building:levels":null},"geometry":{"type":"MultiPolygon","coordinates":[[[[222420.491649371222593,1931029.939402324846014],[222444.935653376742266,1931029.604882793268189],[222444.757767182250973,1931016.605771392583847],[222420.313747470499948,1931016.94028895883821],[222420.491649371222593,1931029.939402324846014]]]]}},
{"type":"Feature","properties":{"fid":9744,"full_id":"w748562045","osm_id":"748562045","osm_type":"way","building":"yes","community_centre":null,"levels":null,"diet:lactose_free":null,"diet:dairy":null,"diet:non-vegetarian":null,"image":null,"substation":null,"power":null,"building:apartments":null,"toilets:position":null,"toilets:handwashing":null,"lit":null,"fitness_centre":null,"atm":null,"grades":null,"shelter_type":null,"addr:suburb":null,"compressed_air":null,"check_date:compressed_air":null,"toilets:disposal":null,"male":null,"female":null,"residential":null,"landuse":null,"diplomatic":null,"building:flats":null,"public_transport":null,"bus":null,"material":null,"subway":null,"station":null,"network":null,"construction":null,"leisure":null,"microbrewery":null,"brewery":null,"bar":null,"air_conditioning":null,"guest_house":null,"roof:colour":null,"building:material":null,"payment:notes":null,"payment:coins":null,"internet_access:fee":null,"building:colour":null,"brand:wikipedia":null,"surface":null,"supervised":null,"fee":null,"access":null,"takeaway":null,"outdoor_seating":null,"loc_name":null,"diet:vegetarian":null,"diet:vegan":null,"golf":null,"location":null,"addr:country":null,"email":null,"short_name":null,"official_name":null,"government":null,"man_made":null,"content":null,"operator:type":null,"healthcare":null,"contact:phone":null,"addr:state":null,"addr:full":null,"toilets:access":null,"toilets":null,"payment:cash":null,"changing_table":null,"roof:shape":null,"building:use":null,"sport":null,"building:levels:underground":null,"addr:subdistrict":null,"addr:place":null,"addr:district":null,"addr:housename":null,"religion":null,"check_date":null,"branch":null,"brand:wikidata":null,"brand":null,"name:en":null,"opening_hours":null,"fast_food":null,"drive_through":null,"cuisine":null,"parking":null,"not:brand:wikidata":null,"wikipedia":null,"wikidata":null,"office":null,"level":null,"name:ml":null,"name:fa":null,"description":null,"layer":null,"addr:housenumber":null,"height":null,"shop":null,"nohousenumber":null,"website":null,"phone":null,"addr:postcode":null,"amenity":null,"addr:street":null,"addr:city":null,"tourism":null,"smoking":null,"rooms":null,"operator":null,"internet_access:ssid":null,"internet_access":null,"name:te":null,"alt_name":null,"wheelchair":null,"type":null,"name":null,"building:levels":null},"geometry":{"type":"MultiPolygon","coordinates":[[[[222474.952092326362617,1931134.0],[222474.703442462778185,1931124.693550886120647],[222461.686841901857406,1931125.048864541808143],[222461.926136406196747,1931134.0],[222474.952092326362617,1931134.0]]]]}},
{"type":"Feature","properties":{"fid":9745,"full_id":"w749335925","osm_id":"749335925","osm_type":"way","building":"yes","community_centre":null,"levels":null,"diet:lactose_free":null,"diet:dairy":null,"diet:non-vegetarian":null,"image":null,"substation":null,"power":null,"building:apartments":null,"toilets:position":null,"toilets:handwashing":null,"lit":null,"fitness_centre":null,"atm":null,"grades":null,"shelter_type":null,"addr:suburb":null,"compressed_air":null,"check_date:compressed_air":null,"toilets:disposal":null,"male":null,"female":null,"residential":null,"landuse":null,"diplomatic":null,"building:flats":null,"public_transport":null,"bus":null,"material":null,"subway":null,"station":null,"network":null,"construction":null,"leisure":null,"microbrewery":null,"brewery":null,"bar":null,"air_conditioning":null,"guest_house":null,"roof:colour":null,"building:material":null,"payment:notes":null,"payment:coins":null,"internet_access:fee":null,"building:colour":null,"brand:wikipedia":null,"surface":null,"supervised":null,"fee":null,"access":null,"takeaway":null,"outdoor_seating":null,"loc_name":null,"diet:vegetarian":null,"diet:vegan":null,"golf":null,"location":null,"addr:country":null,"email":null,"short_name":null,"official_name":null,"government":null,"man_made":null,"content":null,"operator:type":null,"healthcare":null,"contact:phone":null,"addr:state":null,"addr:full":null,"toilets:access":null,"toilets":null,"payment:cash":null,"changing_table":null,"roof:shape":null,"building:use":null,"sport":null,"building:levels:underground":null,"addr:subdistrict":null,"addr:place":null,"addr:district":null,"addr:housename":null,"religion":null,"check_date":null,"branch":null,"brand:wikidata":null,"brand":null,"name:en":null,"opening_hours":null,"fast_food":null,"drive_through":null,"cuisine":null,"parking":null,"not:brand:wikidata":null,"wikipedia":null,"wikidata":null,"office":null,"level":null,"name:ml":null,"name:fa":null,"description":null,"layer":null,"addr:housenumber":null,"height":null,"shop":null,"nohousenumber":null,"website":null,"phone":null,"addr:postcode":null,"amenity":null,"addr:street":null,"addr:city":null,"tourism":null,"smoking":null,"rooms":null,"operator":null,"internet_access:ssid":null,"internet_access":null,"name:te":null,"alt_name":null,"wheelchair":null,"type":null,"name":null,"building:levels":null},"geometry":{"type":"MultiPolygon","coordinates":[[[[222508.850611065572593,1931134.0],[222509.063364100060426,1931133.570340186823159],[222483.829304949729703,1931121.213082414586097],[222479.484575148904696,1931129.966069578193128],[222487.725605450279545,1931134.0],[222508.850611065572593,1931134.0]]]]}},
{"type":"Feature","properties":{"fid":9749,"full_id":"w749364277","osm_id":"749364277","osm_type":"way","building":"yes","community_centre":null,"levels":null,"diet:lactose_free":null,"diet:dairy":null,"diet:non-vegetarian":null,"image":null,"substation":null,"power":null,"building:apartments":null,"toilets:position":null,"toilets:handwashing":null,"lit":null,"fitness_centre":null,"atm":null,"grades":null,"shelter_type":null,"addr:suburb":null,"compressed_air":null,"check_date:compressed_air":null,"toilets:disposal":null,"male":null,"female":null,"residential":null,"landuse":null,"diplomatic":null,"building:flats":null,"public_transport":null,"bus":null,"material":null,"subway":null,"station":null,"network":null,"construction":null,"leisure":null,"microbrewery":null,"brewery":null,"bar":null,"air_conditioning":null,"guest_house":null,"roof:colour":null,"building:material":null,"payment:notes":null,"payment:coins":null,"internet_access:fee":null,"building:colour":null,"brand:wikipedia":null,"surface":null,"supervised":null,"fee":null,"access":null,"takeaway":null,"outdoor_seating":null,"loc_name":null,"diet:vegetarian":null,"diet:vegan":null,"golf":null,"location":null,"addr:country":null,"email":null,"short_name":null,"official_name":null,"government":null,"man_made":null,"content":null,"operator:type":null,"healthcare":null,"contact:phone":null,"addr:state":null,"addr:full":null,"toilets:access":null,"toilets":null,"payment:cash":null,"changing_table":null,"roof:shape":null,"building:use":null,"sport":null,"building:levels:underground":null,"addr:subdistrict":null,"addr:place":null,"addr:district":null,"addr:housename":null,"religion":null,"check_date":null,"branch":null,"brand:wikidata":null,"brand":null,"name:en":null,"opening_hours":null,"fast_food":null,"drive_through":null,"cuisine":null,"parking":null,"not:brand:wikidata":null,"wikipedia":null,"wikidata":null,"office":null,"level":null,"name:ml":null,"name:fa":null,"description":null,"layer":null,"addr:housenumber":null,"height":null,"shop":null,"nohousenumber":null,"website":null,"phone":null,"addr:postcode":null,"amenity":null,"addr:street":null,"addr:city":null,"tourism":null,"smoking":null,"rooms":null,"operator":null,"internet_access:ssid":null,"internet_access":null,"name:te":null,"alt_name":null,"wheelchair":null,"type":null,"name":null,"building:levels":null},"geometry":{"type":"MultiPolygon","coordinates":[[[[222558.52022899966687,1930936.718948701396585],[222562.010357407212723,1930938.531736218370497],[222566.827673961233813,1930929.351482857717201],[222563.337696120026521,1930927.549766856711358],[222558.52022899966687,1930936.718948701396585]]]]}},
{"type":"Feature","properties":{"fid":9752,"full_id":"w749735310","osm_id":"749735310","osm_type":"way","building":"yes","community_centre":null,"levels":null,"diet:lactose_free":null,"diet:dairy":null,"diet:non-vegetarian":null,"image":null,"substation":null,"power":null,"building:apartments":null,"toilets:position":null,"toilets:handwashing":null,"lit":null,"fitness_centre":null,"atm":null,"grades":null,"shelter_type":null,"addr:suburb":null,"compressed_air":null,"check_date:compressed_air":null,"toilets:disposal":null,"male":null,"female":null,"residential":null,"landuse":null,"diplomatic":null,"building:flats":null,"public_transport":null,"bus":null,"material":null,"subway":null,"station":null,"network":null,"construction":null,"leisure":null,"microbrewery":null,"brewery":null,"bar":null,"air_conditioning":null,"guest_house":null,"roof:colour":null,"building:material":null,"payment:notes":null,"payment:coins":null,"internet_access:fee":null,"building:colour":null,"brand:wikipedia":null,"surface":null,"supervised":null,"fee":null,"access":null,"takeaway":null,"outdoor_seating":null,"loc_name":null,"diet:vegetarian":null,"diet:vegan":null,"golf":null,"location":null,"addr:country":null,"email":null,"short_name":null,"official_name":null,"government":null,"man_made":null,"content":null,"operator:type":null,"healthcare":null,"contact:phone":null,"addr:state":null,"addr:full":null,"toilets:access":null,"toilets":null,"payment:cash":null,"changing_table":null,"roof:shape":null,"building:use":null,"sport":null,"building:levels:underground":null,"addr:subdistrict":null,"addr:place":null,"addr:district":null,"addr:housename":null,"religion":null,"check_date":null,"branch":null,"brand:wikidata":null,"brand":null,"name:en":null,"opening_hours":null,"fast_food":null,"drive_through":null,"cuisine":null,"parking":null,"not:brand:wikidata":null,"wikipedia":null,"wikidata":null,"office":null,"level":null,"name:ml":null,"name:fa":null,"description":null,"layer":null,"addr:housenumber":null,"height":null,"shop":null,"nohousenumber":null,"website":null,"phone":null,"addr:postcode":null,"amenity":null,"addr:street":null,"addr:city":null,"tourism":null,"smoking":null,"rooms":null,"operator":null,"internet_access:ssid":null,"internet_access":null,"name:te":null,"alt_name":null,"wheelchair":null,"type":null,"name":null,"building:levels":null},"geometry":{"type":"MultiPolygon","coordinates":[[[[222559.990241271210834,1930842.908398444531485],[222576.071641924674623,1930851.337681521428749],[222582.27875735447742,1930839.624504562932998],[222566.197503008821514,1930831.206288215704262],[222559.990241271210834,1930842.908398444531485]]]]}},
{"type":"Feature","properties":{"fid":9753,"full_id":"w749735311","osm_id":"749735311","osm_type":"way","building":"yes","community_centre":null,"levels":null,"diet:lactose_free":null,"diet:dairy":null,"diet:non-vegetarian":null,"image":null,"substation":null,"power":null,"building:apartments":null,"toilets:position":null,"toilets:handwashing":null,"lit":null,"fitness_centre":null,"atm":null,"grades":null,"shelter_type":null,"addr:suburb":null,"compressed_air":null,"check_date:compressed_air":null,"toilets:disposal":null,"male":null,"female":null,"residential":null,"landuse":null,"diplomatic":null,"building:flats":null,"public_transport":null,"bus":null,"material":null,"subway":null,"station":null,"network":null,"construction":null,"leisure":null,"microbrewery":null,"brewery":null,"bar":null,"air_conditioning":null,"guest_house":null,"roof:colour":null,"building:material":null,"payment:notes":null,"payment:coins":null,"internet_access:fee":null,"building:colour":null,"brand:wikipedia":null,"surface":null,"supervised":null,"fee":null,"access":null,"takeaway":null,"outdoor_seating":null,"loc_name":null,"diet:vegetarian":null,"diet:vegan":null,"golf":null,"location":null,"addr:country":null,"email":null,"short_name":null,"official_name":null,"government":null,"man_made":null,"content":null,"operator:type":null,"healthcare":null,"contact:phone":null,"addr:state":null,"addr:full":null,"toilets:access":null,"toilets":null,"payment:cash":null,"changing_table":null,"roof:shape":null,"building:use":null,"sport":null,"building:levels:underground":null,"addr:subdistrict":null,"addr:place":null,"addr:district":null,"addr:housename":null,"religion":null,"check_date":null,"branch":null,"brand:wikidata":null,"brand":null,"name:en":null,"opening_hours":null,"fast_food":null,"drive_through":null,"cuisine":null,"parking":null,"not:brand:wikidata":null,"wikipedia":null,"wikidata":null,"office":null,"level":null,"name:ml":null,"name:fa":null,"description":null,"layer":null,"addr:housenumber":null,"height":null,"shop":null,"nohousenumber":null,"website":null,"phone":null,"addr:postcode":null,"amenity":null,"addr:street":null,"addr:city":null,"tourism":null,"smoking":null,"rooms":null,"operator":null,"internet_access:ssid":null,"internet_access":null,"name:te":null,"alt_name":null,"wheelchair":null,"type":null,"name":null,"building:levels":null},"geometry":{"type":"MultiPolygon","coordinates":[[[[222541.983890980365686,1930849.954467669129372],[222542.491267953708302,1930859.848184583010152],[222553.75109597935807,1930859.273337447317317],[222553.23309665103443,1930849.37976638530381],[222541.983890980365686,1930849.954467669129372]]]]}},
{"type":"Feature","properties":{"fid":9754,"full_id":"w749735312","osm_id":"749735312","osm_type":"way","building":"yes","community_centre":null,"levels":null,"diet:lactose_free":null,"diet:dairy":null,"diet:non-vegetarian":null,"image":null,"substation":null,"power":null,"building:apartments":null,"toilets:position":null,"toilets:handwashing":null,"lit":null,"fitness_centre":null,"atm":null,"grades":null,"shelter_type":null,"addr:suburb":null,"compressed_air":null,"check_date:compressed_air":null,"toilets:disposal":null,"male":null,"female":null,"residential":null,"landuse":null,"diplomatic":null,"building:flats":null,"public_transport":null,"bus":null,"material":null,"subway":null,"station":null,"network":null,"construction":null,"leisure":null,"microbrewery":null,"brewery":null,"bar":null,"air_conditioning":null,"guest_house":null,"roof:colour":null,"building:material":null,"payment:notes":null,"payment:coins":null,"internet_access:fee":null,"building:colour":null,"brand:wikipedia":null,"surface":null,"supervised":null,"fee":null,"access":null,"takeaway":null,"outdoor_seating":null,"loc_name":null,"diet:vegetarian":null,"diet:vegan":null,"golf":null,"location":null,"addr:country":null,"email":null,"short_name":null,"official_name":null,"government":null,"man_made":null,"content":null,"operator:type":null,"healthcare":null,"contact:phone":null,"addr:state":null,"addr:full":null,"toilets:access":null,"toilets":null,"payment:cash":null,"changing_table":null,"roof:shape":null,"building:use":null,"sport":null,"building:levels:underground":null,"addr:subdistrict":null,"addr:place":null,"addr:district":null,"addr:housename":null,"religion":null,"check_date":null,"branch":null,"brand:wikidata":null,"brand":null,"name:en":null,"opening_hours":null,"fast_food":null,"drive_through":null,"cuisine":null,"parking":null,"not:brand:wikidata":null,"wikipedia":null,"wikidata":null,"office":null,"level":null,"name:ml":null,"name:fa":null,"description":null,"layer":null,"addr:housenumber":null,"height":null,"shop":null,"nohousenumber":null,"website":null,"phone":null,"addr:postcode":null,"amenity":null,"addr:street":null,"addr:city":null,"tourism":null,"smoking":null,"rooms":null,"operator":null,"internet_access:ssid":null,"internet_access":null,"name:te":null,"alt_name":null,"wheelchair":null,"type":null,"name":null,"building:levels":null},"geometry":{"type":"MultiPolygon","coordinates":[[[[222607.821713033365086,1930799.152075294172391],[222603.707779407443013,1930807.691441769944504],[222621.930543070426211,1930816.468013833044097],[222626.409767532255501,1930808.211595274973661],[222612.498068771557882,1930801.424858602462336],[222607.821713033365086,1930799.152075294172391]]]]}},
{"type":"Feature","properties":{"fid":9755,"full_id":"w749735313","osm_id":"749735313","osm_type":"way","building":"yes","community_centre":null,"levels":null,"diet:lactose_free":null,"diet:dairy":null,"diet:non-vegetarian":null,"image":null,"substation":null,"power":null,"building:apartments":null,"toilets:position":null,"toilets:handwashing":null,"lit":null,"fitness_centre":null,"atm":null,"grades":null,"shelter_type":null,"addr:suburb":null,"compressed_air":null,"check_date:compressed_air":null,"toilets:disposal":null,"male":null,"female":null,"residential":null,"landuse":null,"diplomatic":null,"building:flats":null,"public_transport":null,"bus":null,"material":null,"subway":null,"station":null,"network":null,"construction":null,"leisure":null,"microbrewery":null,"brewery":null,"bar":null,"air_conditioning":null,"guest_house":null,"roof:colour":null,"building:material":null,"payment:notes":null,"payment:coins":null,"internet_access:fee":null,"building:colour":null,"brand:wikipedia":null,"surface":null,"supervised":null,"fee":null,"access":null,"takeaway":null,"outdoor_seating":null,"loc_name":null,"diet:vegetarian":null,"diet:vegan":null,"golf":null,"location":null,"addr:country":null,"email":null,"short_name":null,"official_name":null,"government":null,"man_made":null,"content":null,"operator:type":null,"healthcare":null,"contact:phone":null,"addr:state":null,"addr:full":null,"toilets:access":null,"toilets":null,"payment:cash":null,"changing_table":null,"roof:shape":null,"building:use":null,"sport":null,"building:levels:underground":null,"addr:subdistrict":null,"addr:place":null,"addr:district":null,"addr:housename":null,"religion":null,"check_date":null,"branch":null,"brand:wikidata":null,"brand":null,"name:en":null,"opening_hours":null,"fast_food":null,"drive_through":null,"cuisine":null,"parking":null,"not:brand:wikidata":null,"wikipedia":null,"wikidata":null,"office":null,"level":null,"name:ml":null,"name:fa":null,"description":null,"layer":null,"addr:housenumber":null,"height":null,"shop":null,"nohousenumber":null,"website":null,"phone":null,"addr:postcode":null,"amenity":null,"addr:street":null,"addr:city":null,"tourism":null,"smoking":null,"rooms":null,"operator":null,"internet_access:ssid":null,"internet_access":null,"name:te":null,"alt_name":null,"wheelchair":null,"type":null,"name":null,"building:levels":null},"geometry":{"type":"MultiPolygon","coordinates":[[[[222586.727685800578911,1930812.054461877793074],[222580.285750720417127,1930826.030056556686759],[222589.398889297037385,1930830.158053855178878],[222595.830503336561378,1930816.204753016354516],[222586.727685800578911,1930812.054461877793074]]]]}},
{"type":"Feature","properties":{"fid":9756,"full_id":"w749735314","osm_id":"749735314","osm_type":"way","building":"yes","community_centre":null,"levels":null,"diet:lactose_free":null,"diet:dairy":null,"diet:non-vegetarian":null,"image":null,"substation":null,"power":null,"building:apartments":null,"toilets:position":null,"toilets:handwashing":null,"lit":null,"fitness_centre":null,"atm":null,"grades":null,"shelter_type":null,"addr:suburb":null,"compressed_air":null,"check_date:compressed_air":null,"toilets:disposal":null,"male":null,"female":null,"residential":null,"landuse":null,"diplomatic":null,"building:flats":null,"public_transport":null,"bus":null,"material":null,"subway":null,"station":null,"network":null,"construction":null,"leisure":null,"microbrewery":null,"brewery":null,"bar":null,"air_conditioning":null,"guest_house":null,"roof:colour":null,"building:material":null,"payment:notes":null,"payment:coins":null,"internet_access:fee":null,"building:colour":null,"brand:wikipedia":null,"surface":null,"supervised":null,"fee":null,"access":null,"takeaway":null,"outdoor_seating":null,"loc_name":null,"diet:vegetarian":null,"diet:vegan":null,"golf":null,"location":null,"addr:country":null,"email":null,"short_name":null,"official_name":null,"government":null,"man_made":null,"content":null,"operator:type":null,"healthcare":null,"contact:phone":null,"addr:state":null,"addr:full":null,"toilets:access":null,"toilets":null,"payment:cash":null,"changing_table":null,"roof:shape":null,"building:use":null,"sport":null,"building:levels:underground":null,"addr:subdistrict":null,"addr:place":null,"addr:district":null,"addr:housename":null,"religion":null,"check_date":null,"branch":null,"brand:wikidata":null,"brand":null,"name:en":null,"opening_hours":null,"fast_food":null,"drive_through":null,"cuisine":null,"parking":null,"not:brand:wikidata":null,"wikipedia":null,"wikidata":null,"office":null,"level":null,"name:ml":null,"name:fa":null,"description":null,"layer":null,"addr:housenumber":null,"height":null,"shop":null,"nohousenumber":null,"website":null,"phone":null,"addr:postcode":null,"amenity":null,"addr:street":null,"addr:city":null,"tourism":null,"smoking":null,"rooms":null,"operator":null,"internet_access:ssid":null,"internet_access":null,"name:te":null,"alt_name":null,"wheelchair":null,"type":null,"name":null,"building:levels":null},"geometry":{"type":"MultiPolygon","coordinates":[[[[222493.803301401087083,1930792.804333753883839],[222494.607319423579611,1930799.515594723634422],[222518.326845006668009,1930796.710415262030438],[222517.522835006238893,1930789.999154445016757],[222493.803301401087083,1930792.804333753883839]]]]}},
{"type":"Feature","properties":{"fid":9757,"full_id":"w749735315","osm_id":"749735315","osm_type":"way","building":"yes","community_centre":null,"levels":null,"diet:lactose_free":null,"diet:dairy":null,"diet:non-vegetarian":null,"image":null,"substation":null,"power":null,"building:apartments":null,"toilets:position":null,"toilets:handwashing":null,"lit":null,"fitness_centre":null,"atm":null,"grades":null,"shelter_type":null,"addr:suburb":null,"compressed_air":null,"check_date:compressed_air":null,"toilets:disposal":null,"male":null,"female":null,"residential":null,"landuse":null,"diplomatic":null,"building:flats":null,"public_transport":null,"bus":null,"material":null,"subway":null,"station":null,"network":null,"construction":null,"leisure":null,"microbrewery":null,"brewery":null,"bar":null,"air_conditioning":null,"guest_house":null,"roof:colour":null,"building:material":null,"payment:notes":null,"payment:coins":null,"internet_access:fee":null,"building:colour":null,"brand:wikipedia":null,"surface":null,"supervised":null,"fee":null,"access":null,"takeaway":null,"outdoor_seating":null,"loc_name":null,"diet:vegetarian":null,"diet:vegan":null,"golf":null,"location":null,"addr:country":null,"email":null,"short_name":null,"official_name":null,"government":null,"man_made":null,"content":null,"operator:type":null,"healthcare":null,"contact:phone":null,"addr:state":null,"addr:full":null,"toilets:access":null,"toilets":null,"payment:cash":null,"changing_table":null,"roof:shape":null,"building:use":null,"sport":null,"building:levels:underground":null,"addr:subdistrict":null,"addr:place":null,"addr:district":null,"addr:housename":null,"religion":null,"check_date":null,"branch":null,"brand:wikidata":null,"brand":null,"name:en":null,"opening_hours":null,"fast_food":null,"drive_through":null,"cuisine":null,"parking":null,"not:brand:wikidata":null,"wikipedia":null,"wikidata":null,"office":null,"level":null,"name:ml":null,"name:fa":null,"description":null,"layer":null,"addr:housenumber":null,"height":null,"shop":null,"nohousenumber":null,"website":null,"phone":null,"addr:postcode":null,"amenity":null,"addr:street":null,"addr:city":null,"tourism":null,"smoking":null,"rooms":null,"operator":null,"internet_access:ssid":null,"internet_access":null,"name:te":null,"alt_name":null,"wheelchair":null,"type":null,"name":null,"building:levels":null},"geometry":{"type":"MultiPolygon","coordinates":[[[[222496.561441914294846,1930825.026805777102709],[222496.945345541753341,1930836.771666149841622],[222514.944201404810883,1930836.171054446604103],[222514.549831817974336,1930824.437413062434644],[222496.561441914294846,1930825.026805777102709]]]]}},
{"type":"Feature","properties":{"fid":9758,"full_id":"w749735316","osm_id":"749735316","osm_type":"way","building":"yes","community_centre":null,"levels":null,"diet:lactose_free":null,"diet:dairy":null,"diet:non-vegetarian":null,"image":null,"substation":null,"power":null,"building:apartments":null,"toilets:position":null,"toilets:handwashing":null,"lit":null,"fitness_centre":null,"atm":null,"grades":null,"shelter_type":null,"addr:suburb":null,"compressed_air":null,"check_date:compressed_air":null,"toilets:disposal":null,"male":null,"female":null,"residential":null,"landuse":null,"diplomatic":null,"building:flats":null,"public_transport":null,"bus":null,"material":null,"subway":null,"station":null,"network":null,"construction":null,"leisure":null,"microbrewery":null,"brewery":null,"bar":null,"air_conditioning":null,"guest_house":null,"roof:colour":null,"building:material":null,"payment:notes":null,"payment:coins":null,"internet_access:fee":null,"building:colour":null,"brand:wikipedia":null,"surface":null,"supervised":null,"fee":null,"access":null,"takeaway":null,"outdoor_seating":null,"loc_name":null,"diet:vegetarian":null,"diet:vegan":null,"golf":null,"location":null,"addr:country":null,"email":null,"short_name":null,"official_name":null,"government":null,"man_made":null,"content":null,"operator:type":null,"healthcare":null,"contact:phone":null,"addr:state":null,"addr:full":null,"toilets:access":null,"toilets":null,"payment:cash":null,"changing_table":null,"roof:shape":null,"building:use":null,"sport":null,"building:levels:underground":null,"addr:subdistrict":null,"addr:place":null,"addr:district":null,"addr:housename":null,"religion":null,"check_date":null,"branch":null,"brand:wikidata":null,"brand":null,"name:en":null,"opening_hours":null,"fast_food":null,"drive_through":null,"cuisine":null,"parking":null,"not:brand:wikidata":null,"wikipedia":null,"wikidata":null,"office":null,"level":null,"name:ml":null,"name:fa":null,"description":null,"layer":null,"addr:housenumber":null,"height":null,"shop":null,"nohousenumber":null,"website":null,"phone":null,"addr:postcode":null,"amenity":null,"addr:street":null,"addr:city":null,"tourism":null,"smoking":null,"rooms":null,"operator":null,"internet_access:ssid":null,"internet_access":null,"name:te":null,"alt_name":null,"wheelchair":null,"type":null,"name":null,"building:levels":null},"geometry":{"type":"MultiPolygon","coordinates":[[[[222520.800085091090295,1930885.815733666531742],[222525.646405999024864,1930885.749437960563228],[222525.493274450476747,1930874.555150422034785],[222520.646950861148071,1930874.621445792494342],[222520.800085091090295,1930885.815733666531742]]]]}},
{"type":"Feature","properties":{"fid":9759,"full_id":"w749735317","osm_id":"749735317","osm_type":"way","building":"yes","community_centre":null,"levels":null,"diet:lactose_free":null,"diet:dairy":null,"diet:non-vegetarian":null,"image":null,"substation":null,"power":null,"building:apartments":null,"toilets:position":null,"toilets:handwashing":null,"lit":null,"fitness_centre":null,"atm":null,"grades":null,"shelter_type":null,"addr:suburb":null,"compressed_air":null,"check_date:compressed_air":null,"toilets:disposal":null,"male":null,"female":null,"residential":null,"landuse":null,"diplomatic":null,"building:flats":null,"public_transport":null,"bus":null,"material":null,"subway":null,"station":null,"network":null,"construction":null,"leisure":null,"microbrewery":null,"brewery":null,"bar":null,"air_conditioning":null,"guest_house":null,"roof:colour":null,"building:material":null,"payment:notes":null,"payment:coins":null,"internet_access:fee":null,"building:colour":null,"brand:wikipedia":null,"surface":null,"supervised":null,"fee":null,"access":null,"takeaway":null,"outdoor_seating":null,"loc_name":null,"diet:vegetarian":null,"diet:vegan":null,"golf":null,"location":null,"addr:country":null,"email":null,"short_name":null,"official_name":null,"government":null,"man_made":null,"content":null,"operator:type":null,"healthcare":null,"contact:phone":null,"addr:state":null,"addr:full":null,"toilets:access":null,"toilets":null,"payment:cash":null,"changing_table":null,"roof:shape":null,"building:use":null,"sport":null,"building:levels:underground":null,"addr:subdistrict":null,"addr:place":null,"addr:district":null,"addr:housename":null,"religion":null,"check_date":null,"branch":null,"brand:wikidata":null,"brand":null,"name:en":null,"opening_hours":null,"fast_food":null,"drive_through":null,"cuisine":null,"parking":null,"not:brand:wikidata":null,"wikipedia":null,"wikidata":null,"office":null,"level":null,"name:ml":null,"name:fa":null,"description":null,"layer":null,"addr:housenumber":null,"height":null,"shop":null,"nohousenumber":null,"website":null,"phone":null,"addr:postcode":null,"amenity":null,"addr:street":null,"addr:city":null,"tourism":null,"smoking":null,"rooms":null,"operator":null,"internet_access:ssid":null,"internet_access":null,"name:te":null,"alt_name":null,"wheelchair":null,"type":null,"name":null,"building:levels":null},"geometry":{"type":"MultiPolygon","coordinates":[[[[222527.725281660968903,1930902.51003625895828],[222528.44732155080419,1930913.331080937758088],[222538.069366506941151,1930912.701102760620415],[222537.347331825178117,1930901.880058454582468],[222527.725281660968903,1930902.51003625895828]]]]}},
{"type":"Feature","properties":{"fid":9760,"full_id":"w749735318","osm_id":"749735318","osm_type":"way","building":"yes","community_centre":null,"levels":null,"diet:lactose_free":null,"diet:dairy":null,"diet:non-vegetarian":null,"image":null,"substation":null,"power":null,"building:apartments":null,"toilets:position":null,"toilets:handwashing":null,"lit":null,"fitness_centre":null,"atm":null,"grades":null,"shelter_type":null,"addr:suburb":null,"compressed_air":null,"check_date:compressed_air":null,"toilets:disposal":null,"male":null,"female":null,"residential":null,"landuse":null,"diplomatic":null,"building:flats":null,"public_transport":null,"bus":null,"material":null,"subway":null,"station":null,"network":null,"construction":null,"leisure":null,"microbrewery":null,"brewery":null,"bar":null,"air_conditioning":null,"guest_house":null,"roof:colour":null,"building:material":null,"payment:notes":null,"payment:coins":null,"internet_access:fee":null,"building:colour":null,"brand:wikipedia":null,"surface":null,"supervised":null,"fee":null,"access":null,"takeaway":null,"outdoor_seating":null,"loc_name":null,"diet:vegetarian":null,"diet:vegan":null,"golf":null,"location":null,"addr:country":null,"email":null,"short_name":null,"official_name":null,"government":null,"man_made":null,"content":null,"operator:type":null,"healthcare":null,"contact:phone":null,"addr:state":null,"addr:full":null,"toilets:access":null,"toilets":null,"payment:cash":null,"changing_table":null,"roof:shape":null,"building:use":null,"sport":null,"building:levels:underground":null,"addr:subdistrict":null,"addr:place":null,"addr:district":null,"addr:housename":null,"religion":null,"check_date":null,"branch":null,"brand:wikidata":null,"brand":null,"name:en":null,"opening_hours":null,"fast_food":null,"drive_through":null,"cuisine":null,"parking":null,"not:brand:wikidata":null,"wikipedia":null,"wikidata":null,"office":null,"level":null,"name:ml":null,"name:fa":null,"description":null,"layer":null,"addr:housenumber":null,"height":null,"shop":null,"nohousenumber":null,"website":null,"phone":null,"addr:postcode":null,"amenity":null,"addr:street":null,"addr:city":null,"tourism":null,"smoking":null,"rooms":null,"operator":null,"internet_access:ssid":null,"internet_access":null,"name:te":null,"alt_name":null,"wheelchair":null,"type":null,"name":null,"building:levels":null},"geometry":{"type":"MultiPolygon","coordinates":[[[[222466.690415230637882,1930790.772084634983912],[222469.795182098227087,1930799.378842393634841],[222483.113052059197798,1930794.611767549300566],[222479.997814282542095,1930786.016226368956268],[222466.690415230637882,1930790.772084634983912]]]]}},
{"type":"Feature","properties":{"fid":9761,"full_id":"w749735319","osm_id":"749735319","osm_type":"way","building":"yes","community_centre":null,"levels":null,"diet:lactose_free":null,"diet:dairy":null,"diet:non-vegetarian":null,"image":null,"substation":null,"power":null,"building:apartments":null,"toilets:position":null,"toilets:handwashing":null,"lit":null,"fitness_centre":null,"atm":null,"grades":null,"shelter_type":null,"addr:suburb":null,"compressed_air":null,"check_date:compressed_air":null,"toilets:disposal":null,"male":null,"female":null,"residential":null,"landuse":null,"diplomatic":null,"building:flats":null,"public_transport":null,"bus":null,"material":null,"subway":null,"station":null,"network":null,"construction":null,"leisure":null,"microbrewery":null,"brewery":null,"bar":null,"air_conditioning":null,"guest_house":null,"roof:colour":null,"building:material":null,"payment:notes":null,"payment:coins":null,"internet_access:fee":null,"building:colour":null,"brand:wikipedia":null,"surface":null,"supervised":null,"fee":null,"access":null,"takeaway":null,"outdoor_seating":null,"loc_name":null,"diet:vegetarian":null,"diet:vegan":null,"golf":null,"location":null,"addr:country":null,"email":null,"short_name":null,"official_name":null,"government":null,"man_made":null,"content":null,"operator:type":null,"healthcare":null,"contact:phone":null,"addr:state":null,"addr:full":null,"toilets:access":null,"toilets":null,"payment:cash":null,"changing_table":null,"roof:shape":null,"building:use":null,"sport":null,"building:levels:underground":null,"addr:subdistrict":null,"addr:place":null,"addr:district":null,"addr:housename":null,"religion":null,"check_date":null,"branch":null,"brand:wikidata":null,"brand":null,"name:en":null,"opening_hours":null,"fast_food":null,"drive_through":null,"cuisine":null,"parking":null,"not:brand:wikidata":null,"wikipedia":null,"wikidata":null,"office":null,"level":null,"name:ml":null,"name:fa":null,"description":null,"layer":null,"addr:housenumber":null,"height":null,"shop":null,"nohousenumber":null,"website":null,"phone":null,"addr:postcode":null,"amenity":null,"addr:street":null,"addr:city":null,"tourism":null,"smoking":null,"rooms":null,"operator":null,"internet_access:ssid":null,"internet_access":null,"name:te":null,"alt_name":null,"wheelchair":null,"type":null,"name":null,"building:levels":null},"geometry":{"type":"MultiPolygon","coordinates":[[[[222445.151829430484213,1930911.015430965926498],[222451.143837698677089,1930910.778395472560078],[222450.724034146580379,1930900.296523299068213],[222444.742650645552203,1930900.533413057215512],[222445.151829430484213,1930911.015430965926498]]]]}},
{"type":"Feature","properties":{"fid":9762,"full_id":"w749735320","osm_id":"749735320","osm_type":"way","building":"yes","community_centre":null,"levels":null,"diet:lactose_free":null,"diet:dairy":null,"diet:non-vegetarian":null,"image":null,"substation":null,"power":null,"building:apartments":null,"toilets:position":null,"toilets:handwashing":null,"lit":null,"fitness_centre":null,"atm":null,"grades":null,"shelter_type":null,"addr:suburb":null,"compressed_air":null,"check_date:compressed_air":null,"toilets:disposal":null,"male":null,"female":null,"residential":null,"landuse":null,"diplomatic":null,"building:flats":null,"public_transport":null,"bus":null,"material":null,"subway":null,"station":null,"network":null,"construction":null,"leisure":null,"microbrewery":null,"brewery":null,"bar":null,"air_conditioning":null,"guest_house":null,"roof:colour":null,"building:material":null,"payment:notes":null,"payment:coins":null,"internet_access:fee":null,"building:colour":null,"brand:wikipedia":null,"surface":null,"supervised":null,"fee":null,"access":null,"takeaway":null,"outdoor_seating":null,"loc_name":null,"diet:vegetarian":null,"diet:vegan":null,"golf":null,"location":null,"addr:country":null,"email":null,"short_name":null,"official_name":null,"government":null,"man_made":null,"content":null,"operator:type":null,"healthcare":null,"contact:phone":null,"addr:state":null,"addr:full":null,"toilets:access":null,"toilets":null,"payment:cash":null,"changing_table":null,"roof:shape":null,"building:use":null,"sport":null,"building:levels:underground":null,"addr:subdistrict":null,"addr:place":null,"addr:district":null,"addr:housename":null,"religion":null,"check_date":null,"branch":null,"brand:wikidata":null,"brand":null,"name:en":null,"opening_hours":null,"fast_food":null,"drive_through":null,"cuisine":null,"parking":null,"not:brand:wikidata":null,"wikipedia":null,"wikidata":null,"office":null,"level":null,"name:ml":null,"name:fa":null,"description":null,"layer":null,"addr:housenumber":null,"height":null,"shop":null,"nohousenumber":null,"website":null,"phone":null,"addr:postcode":null,"amenity":null,"addr:street":null,"addr:city":null,"tourism":null,"smoking":null,"rooms":null,"operator":null,"internet_access:ssid":null,"internet_access":null,"name:te":null,"alt_name":null,"wheelchair":null,"type":null,"name":null,"building:levels":null},"geometry":{"type":"MultiPolygon","coordinates":[[[[222435.237437382515054,1930925.237951366463676],[222435.61527982953703,1930932.652742887381464],[222451.134882597718388,1930931.875571510987356],[222450.767673773458228,1930924.460635067196563],[222435.237437382515054,1930925.237951366463676]]]]}},
{"type":"Feature","properties":{"fid":9763,"full_id":"w749735321","osm_id":"749735321","osm_type":"way","building":"yes","community_centre":null,"levels":null,"diet:lactose_free":null,"diet:dairy":null,"diet:non-vegetarian":null,"image":null,"substation":null,"power":null,"building:apartments":null,"toilets:position":null,"toilets:handwashing":null,"lit":null,"fitness_centre":null,"atm":null,"grades":null,"shelter_type":null,"addr:suburb":null,"compressed_air":null,"check_date:compressed_air":null,"toilets:disposal":null,"male":null,"female":null,"residential":null,"landuse":null,"diplomatic":null,"building:flats":null,"public_transport":null,"bus":null,"material":null,"subway":null,"station":null,"network":null,"construction":null,"leisure":null,"microbrewery":null,"brewery":null,"bar":null,"air_conditioning":null,"guest_house":null,"roof:colour":null,"building:material":null,"payment:notes":null,"payment:coins":null,"internet_access:fee":null,"building:colour":null,"brand:wikipedia":null,"surface":null,"supervised":null,"fee":null,"access":null,"takeaway":null,"outdoor_seating":null,"loc_name":null,"diet:vegetarian":null,"diet:vegan":null,"golf":null,"location":null,"addr:country":null,"email":null,"short_name":null,"official_name":null,"government":null,"man_made":null,"content":null,"operator:type":null,"healthcare":null,"contact:phone":null,"addr:state":null,"addr:full":null,"toilets:access":null,"toilets":null,"payment:cash":null,"changing_table":null,"roof:shape":null,"building:use":null,"sport":null,"building:levels:underground":null,"addr:subdistrict":null,"addr:place":null,"addr:district":null,"addr:housename":null,"religion":null,"check_date":null,"branch":null,"brand:wikidata":null,"brand":null,"name:en":null,"opening_hours":null,"fast_food":null,"drive_through":null,"cuisine":null,"parking":null,"not:brand:wikidata":null,"wikipedia":null,"wikidata":null,"office":null,"level":null,"name:ml":null,"name:fa":null,"description":null,"layer":null,"addr:housenumber":null,"height":null,"shop":null,"nohousenumber":null,"website":null,"phone":null,"addr:postcode":null,"amenity":null,"addr:street":null,"addr:city":null,"tourism":null,"smoking":null,"rooms":null,"operator":null,"internet_access:ssid":null,"internet_access":null,"name:te":null,"alt_name":null,"wheelchair":null,"type":null,"name":null,"building:levels":null},"geometry":{"type":"MultiPolygon","coordinates":[[[[222366.670682456344366,1930928.047953536268324],[222374.792357315425761,1930928.080758227268234],[222374.849026838317513,1930914.358584001893178],[222366.727498057298362,1930914.336851025233045],[222366.670682456344366,1930928.047953536268324]]]]}},
{"type":"Feature","properties":{"fid":9764,"full_id":"w749735322","osm_id":"749735322","osm_type":"way","building":"yes","community_centre":null,"levels":null,"diet:lactose_free":null,"diet:dairy":null,"diet:non-vegetarian":null,"image":null,"substation":null,"power":null,"building:apartments":null,"toilets:position":null,"toilets:handwashing":null,"lit":null,"fitness_centre":null,"atm":null,"grades":null,"shelter_type":null,"addr:suburb":null,"compressed_air":null,"check_date:compressed_air":null,"toilets:disposal":null,"male":null,"female":null,"residential":null,"landuse":null,"diplomatic":null,"building:flats":null,"public_transport":null,"bus":null,"material":null,"subway":null,"station":null,"network":null,"construction":null,"leisure":null,"microbrewery":null,"brewery":null,"bar":null,"air_conditioning":null,"guest_house":null,"roof:colour":null,"building:material":null,"payment:notes":null,"payment:coins":null,"internet_access:fee":null,"building:colour":null,"brand:wikipedia":null,"surface":null,"supervised":null,"fee":null,"access":null,"takeaway":null,"outdoor_seating":null,"loc_name":null,"diet:vegetarian":null,"diet:vegan":null,"golf":null,"location":null,"addr:country":null,"email":null,"short_name":null,"official_name":null,"government":null,"man_made":null,"content":null,"operator:type":null,"healthcare":null,"contact:phone":null,"addr:state":null,"addr:full":null,"toilets:access":null,"toilets":null,"payment:cash":null,"changing_table":null,"roof:shape":null,"building:use":null,"sport":null,"building:levels:underground":null,"addr:subdistrict":null,"addr:place":null,"addr:district":null,"addr:housename":null,"religion":null,"check_date":null,"branch":null,"brand:wikidata":null,"brand":null,"name:en":null,"opening_hours":null,"fast_food":null,"drive_through":null,"cuisine":null,"parking":null,"not:brand:wikidata":null,"wikipedia":null,"wikidata":null,"office":null,"level":null,"name:ml":null,"name:fa":null,"description":null,"layer":null,"addr:housenumber":null,"height":null,"shop":null,"nohousenumber":null,"website":null,"phone":null,"addr:postcode":null,"amenity":null,"addr:street":null,"addr:city":null,"tourism":null,"smoking":null,"rooms":null,"operator":null,"internet_access:ssid":null,"internet_access":null,"name:te":null,"alt_name":null,"wheelchair":null,"type":null,"name":null,"building:levels":null},"geometry":{"type":"MultiPolygon","coordinates":[[[[222319.128799086436629,1930908.266145],[222319.641708131064661,1930927.096983420662582],[222329.757640094787348,1930926.8256045950111],[222329.244588925386779,1930907.983694724505767],[222319.128799086436629,1930908.266145]]]]}},
{"type":"Feature","properties":{"fid":9765,"full_id":"w749735323","osm_id":"749735323","osm_type":"way","building":"yes","community_centre":null,"levels":null,"diet:lactose_free":null,"diet:dairy":null,"diet:non-vegetarian":null,"image":null,"substation":null,"power":null,"building:apartments":null,"toilets:position":null,"toilets:handwashing":null,"lit":null,"fitness_centre":null,"atm":null,"grades":null,"shelter_type":null,"addr:suburb":null,"compressed_air":null,"check_date:compressed_air":null,"toilets:disposal":null,"male":null,"female":null,"residential":null,"landuse":null,"diplomatic":null,"building:flats":null,"public_transport":null,"bus":null,"material":null,"subway":null,"station":null,"network":null,"construction":null,"leisure":null,"microbrewery":null,"brewery":null,"bar":null,"air_conditioning":null,"guest_house":null,"roof:colour":null,"building:material":null,"payment:notes":null,"payment:coins":null,"internet_access:fee":null,"building:colour":null,"brand:wikipedia":null,"surface":null,"supervised":null,"fee":null,"access":null,"takeaway":null,"outdoor_seating":null,"loc_name":null,"diet:vegetarian":null,"diet:vegan":null,"golf":null,"location":null,"addr:country":null,"email":null,"short_name":null,"official_name":null,"government":null,"man_made":null,"content":null,"operator:type":null,"healthcare":null,"contact:phone":null,"addr:state":null,"addr:full":null,"toilets:access":null,"toilets":null,"payment:cash":null,"changing_table":null,"roof:shape":null,"building:use":null,"sport":null,"building:levels:underground":null,"addr:subdistrict":null,"addr:place":null,"addr:district":null,"addr:housename":null,"religion":null,"check_date":null,"branch":null,"brand:wikidata":null,"brand":null,"name:en":null,"opening_hours":null,"fast_food":null,"drive_through":null,"cuisine":null,"parking":null,"not:brand:wikidata":null,"wikipedia":null,"wikidata":null,"office":null,"level":null,"name:ml":null,"name:fa":null,"description":null,"layer":null,"addr:housenumber":null,"height":null,"shop":null,"nohousenumber":null,"website":null,"phone":null,"addr:postcode":null,"amenity":null,"addr:street":null,"addr:city":null,"tourism":null,"smoking":null,"rooms":null,"operator":null,"internet_access:ssid":null,"internet_access":null,"name:te":null,"alt_name":null,"wheelchair":null,"type":null,"name":null,"building:levels":null},"geometry":{"type":"MultiPolygon","coordinates":[[[[222233.684791536536068,1930905.094799641054124],[222248.46396517084213,1930904.582330681849271],[222247.885665075969882,1930887.967296779854223],[222244.124444225803018,1930888.096322258003056],[222243.910637667577248,1930881.797810763819143],[222249.04240638850024,1930881.616794622968882],[222248.848781373235397,1930876.015705856494606],[222232.68826016766252,1930876.569236407289281],[222233.684791536536068,1930905.094799641054124]]]]}},
{"type":"Feature","properties":{"fid":9766,"full_id":"w749736377","osm_id":"749736377","osm_type":"way","building":"yes","community_centre":null,"levels":null,"diet:lactose_free":null,"diet:dairy":null,"diet:non-vegetarian":null,"image":null,"substation":null,"power":null,"building:apartments":null,"toilets:position":null,"toilets:handwashing":null,"lit":null,"fitness_centre":null,"atm":null,"grades":null,"shelter_type":null,"addr:suburb":null,"compressed_air":null,"check_date:compressed_air":null,"toilets:disposal":null,"male":null,"female":null,"residential":null,"landuse":null,"diplomatic":null,"building:flats":null,"public_transport":null,"bus":null,"material":null,"subway":null,"station":null,"network":null,"construction":null,"leisure":null,"microbrewery":null,"brewery":null,"bar":null,"air_conditioning":null,"guest_house":null,"roof:colour":null,"building:material":null,"payment:notes":null,"payment:coins":null,"internet_access:fee":null,"building:colour":null,"brand:wikipedia":null,"surface":null,"supervised":null,"fee":null,"access":null,"takeaway":null,"outdoor_seating":null,"loc_name":null,"diet:vegetarian":null,"diet:vegan":null,"golf":null,"location":null,"addr:country":null,"email":null,"short_name":null,"official_name":null,"government":null,"man_made":null,"content":null,"operator:type":null,"healthcare":null,"contact:phone":null,"addr:state":null,"addr:full":null,"toilets:access":null,"toilets":null,"payment:cash":null,"changing_table":null,"roof:shape":null,"building:use":null,"sport":null,"building:levels:underground":null,"addr:subdistrict":null,"addr:place":null,"addr:district":null,"addr:housename":null,"religion":null,"check_date":null,"branch":null,"brand:wikidata":null,"brand":null,"name:en":null,"opening_hours":null,"fast_food":null,"drive_through":null,"cuisine":null,"parking":null,"not:brand:wikidata":null,"wikipedia":null,"wikidata":null,"office":null,"level":null,"name:ml":null,"name:fa":null,"description":null,"layer":null,"addr:housenumber":null,"height":null,"shop":null,"nohousenumber":null,"website":null,"phone":null,"addr:postcode":null,"amenity":null,"addr:street":null,"addr:city":null,"tourism":null,"smoking":null,"rooms":null,"operator":null,"internet_access:ssid":null,"internet_access":null,"name:te":null,"alt_name":null,"wheelchair":null,"type":null,"name":null,"building:levels":null},"geometry":{"type":"MultiPolygon","coordinates":[[[[222640.842245130450465,1930649.393460343591869],[222638.674848491558805,1930658.028018633835018],[222647.623687965213321,1930660.242400272283703],[222649.791087867459282,1930651.60784341674298],[222640.842245130450465,1930649.393460343591869]]]]}},
{"type":"Feature","properties":{"fid":9767,"full_id":"w749736378","osm_id":"749736378","osm_type":"way","building":"yes","community_centre":null,"levels":null,"diet:lactose_free":null,"diet:dairy":null,"diet:non-vegetarian":null,"image":null,"substation":null,"power":null,"building:apartments":null,"toilets:position":null,"toilets:handwashing":null,"lit":null,"fitness_centre":null,"atm":null,"grades":null,"shelter_type":null,"addr:suburb":null,"compressed_air":null,"check_date:compressed_air":null,"toilets:disposal":null,"male":null,"female":null,"residential":null,"landuse":null,"diplomatic":null,"building:flats":null,"public_transport":null,"bus":null,"material":null,"subway":null,"station":null,"network":null,"construction":null,"leisure":null,"microbrewery":null,"brewery":null,"bar":null,"air_conditioning":null,"guest_house":null,"roof:colour":null,"building:material":null,"payment:notes":null,"payment:coins":null,"internet_access:fee":null,"building:colour":null,"brand:wikipedia":null,"surface":null,"supervised":null,"fee":null,"access":null,"takeaway":null,"outdoor_seating":null,"loc_name":null,"diet:vegetarian":null,"diet:vegan":null,"golf":null,"location":null,"addr:country":null,"email":null,"short_name":null,"official_name":null,"government":null,"man_made":null,"content":null,"operator:type":null,"healthcare":null,"contact:phone":null,"addr:state":null,"addr:full":null,"toilets:access":null,"toilets":null,"payment:cash":null,"changing_table":null,"roof:shape":null,"building:use":null,"sport":null,"building:levels:underground":null,"addr:subdistrict":null,"addr:place":null,"addr:district":null,"addr:housename":null,"religion":null,"check_date":null,"branch":null,"brand:wikidata":null,"brand":null,"name:en":null,"opening_hours":null,"fast_food":null,"drive_through":null,"cuisine":null,"parking":null,"not:brand:wikidata":null,"wikipedia":null,"wikidata":null,"office":null,"level":null,"name:ml":null,"name:fa":null,"description":null,"layer":null,"addr:housenumber":null,"height":null,"shop":null,"nohousenumber":null,"website":null,"phone":null,"addr:postcode":null,"amenity":null,"addr:street":null,"addr:city":null,"tourism":null,"smoking":null,"rooms":null,"operator":null,"internet_access:ssid":null,"internet_access":null,"name:te":null,"alt_name":null,"wheelchair":null,"type":null,"name":null,"building:levels":null},"geometry":{"type":"MultiPolygon","coordinates":[[[[222581.748117829498369,1930693.558365994598716],[222585.153367132064886,1930704.708173825871199],[222601.90097906748997,1930699.661723226075992],[222598.5063669954543,1930688.51176846656017],[222581.748117829498369,1930693.558365994598716]]]]}},
{"type":"Feature","properties":{"fid":9768,"full_id":"w749736379","osm_id":"749736379","osm_type":"way","building":"yes","community_centre":null,"levels":null,"diet:lactose_free":null,"diet:dairy":null,"diet:non-vegetarian":null,"image":null,"substation":null,"power":null,"building:apartments":null,"toilets:position":null,"toilets:handwashing":null,"lit":null,"fitness_centre":null,"atm":null,"grades":null,"shelter_type":null,"addr:suburb":null,"compressed_air":null,"check_date:compressed_air":null,"toilets:disposal":null,"male":null,"female":null,"residential":null,"landuse":null,"diplomatic":null,"building:flats":null,"public_transport":null,"bus":null,"material":null,"subway":null,"station":null,"network":null,"construction":null,"leisure":null,"microbrewery":null,"brewery":null,"bar":null,"air_conditioning":null,"guest_house":null,"roof:colour":null,"building:material":null,"payment:notes":null,"payment:coins":null,"internet_access:fee":null,"building:colour":null,"brand:wikipedia":null,"surface":null,"supervised":null,"fee":null,"access":null,"takeaway":null,"outdoor_seating":null,"loc_name":null,"diet:vegetarian":null,"diet:vegan":null,"golf":null,"location":null,"addr:country":null,"email":null,"short_name":null,"official_name":null,"government":null,"man_made":null,"content":null,"operator:type":null,"healthcare":null,"contact:phone":null,"addr:state":null,"addr:full":null,"toilets:access":null,"toilets":null,"payment:cash":null,"changing_table":null,"roof:shape":null,"building:use":null,"sport":null,"building:levels:underground":null,"addr:subdistrict":null,"addr:place":null,"addr:district":null,"addr:housename":null,"religion":null,"check_date":null,"branch":null,"brand:wikidata":null,"brand":null,"name:en":null,"opening_hours":null,"fast_food":null,"drive_through":null,"cuisine":null,"parking":null,"not:brand:wikidata":null,"wikipedia":null,"wikidata":null,"office":null,"level":null,"name:ml":null,"name:fa":null,"description":null,"layer":null,"addr:housenumber":null,"height":null,"shop":null,"nohousenumber":null,"website":null,"phone":null,"addr:postcode":null,"amenity":null,"addr:street":null,"addr:city":null,"tourism":null,"smoking":null,"rooms":null,"operator":null,"internet_access:ssid":null,"internet_access":null,"name:te":null,"alt_name":null,"wheelchair":null,"type":null,"name":null,"building:levels":null},"geometry":{"type":"MultiPolygon","coordinates":[[[[222552.190909191966057,1930702.456776087172329],[222537.72777143510757,1930705.877287213224918],[222540.29830747860251,1930716.617674707900733],[222554.761286004388239,1930713.186091889627278],[222552.190909191966057,1930702.456776087172329]]]]}},
{"type":"Feature","properties":{"fid":9769,"full_id":"w749742834","osm_id":"749742834","osm_type":"way","building":"yes","community_centre":null,"levels":null,"diet:lactose_free":null,"diet:dairy":null,"diet:non-vegetarian":null,"image":null,"substation":null,"power":null,"building:apartments":null,"toilets:position":null,"toilets:handwashing":null,"lit":null,"fitness_centre":null,"atm":null,"grades":null,"shelter_type":null,"addr:suburb":null,"compressed_air":null,"check_date:compressed_air":null,"toilets:disposal":null,"male":null,"female":null,"residential":null,"landuse":null,"diplomatic":null,"building:flats":null,"public_transport":null,"bus":null,"material":null,"subway":null,"station":null,"network":null,"construction":null,"leisure":null,"microbrewery":null,"brewery":null,"bar":null,"air_conditioning":null,"guest_house":null,"roof:colour":null,"building:material":null,"payment:notes":null,"payment:coins":null,"internet_access:fee":null,"building:colour":null,"brand:wikipedia":null,"surface":null,"supervised":null,"fee":null,"access":null,"takeaway":null,"outdoor_seating":null,"loc_name":null,"diet:vegetarian":null,"diet:vegan":null,"golf":null,"location":null,"addr:country":null,"email":null,"short_name":null,"official_name":null,"government":null,"man_made":null,"content":null,"operator:type":null,"healthcare":null,"contact:phone":null,"addr:state":null,"addr:full":null,"toilets:access":null,"toilets":null,"payment:cash":null,"changing_table":null,"roof:shape":null,"building:use":null,"sport":null,"building:levels:underground":null,"addr:subdistrict":null,"addr:place":null,"addr:district":null,"addr:housename":null,"religion":null,"check_date":null,"branch":null,"brand:wikidata":null,"brand":null,"name:en":null,"opening_hours":null,"fast_food":null,"drive_through":null,"cuisine":null,"parking":null,"not:brand:wikidata":null,"wikipedia":null,"wikidata":null,"office":null,"level":null,"name:ml":null,"name:fa":null,"description":null,"layer":null,"addr:housenumber":null,"height":null,"shop":null,"nohousenumber":null,"website":null,"phone":null,"addr:postcode":null,"amenity":null,"addr:street":null,"addr:city":null,"tourism":null,"smoking":null,"rooms":null,"operator":null,"internet_access:ssid":null,"internet_access":null,"name:te":null,"alt_name":null,"wheelchair":null,"type":null,"name":null,"building:levels":null},"geometry":{"type":"MultiPolygon","coordinates":[[[[222654.733069763751701,1930822.586700206389651],[222646.300739011843689,1930837.929502523504198],[222649.87756140739657,1930839.862941005034372],[222652.677911172620952,1930834.763582153012976],[222656.083475567807909,1930836.610766891622916],[222657.825970316305757,1930833.441770020872355],[222655.459185752028134,1930832.156258653150871],[222659.338045970653184,1930825.081959660165012],[222654.733069763751701,1930822.586700206389651]]]]}},
{"type":"Feature","properties":{"fid":9770,"full_id":"w749742835","osm_id":"749742835","osm_type":"way","building":"yes","community_centre":null,"levels":null,"diet:lactose_free":null,"diet:dairy":null,"diet:non-vegetarian":null,"image":null,"substation":null,"power":null,"building:apartments":null,"toilets:position":null,"toilets:handwashing":null,"lit":null,"fitness_centre":null,"atm":null,"grades":null,"shelter_type":null,"addr:suburb":null,"compressed_air":null,"check_date:compressed_air":null,"toilets:disposal":null,"male":null,"female":null,"residential":null,"landuse":null,"diplomatic":null,"building:flats":null,"public_transport":null,"bus":null,"material":null,"subway":null,"station":null,"network":null,"construction":null,"leisure":null,"microbrewery":null,"brewery":null,"bar":null,"air_conditioning":null,"guest_house":null,"roof:colour":null,"building:material":null,"payment:notes":null,"payment:coins":null,"internet_access:fee":null,"building:colour":null,"brand:wikipedia":null,"surface":null,"supervised":null,"fee":null,"access":null,"takeaway":null,"outdoor_seating":null,"loc_name":null,"diet:vegetarian":null,"diet:vegan":null,"golf":null,"location":null,"addr:country":null,"email":null,"short_name":null,"official_name":null,"government":null,"man_made":null,"content":null,"operator:type":null,"healthcare":null,"contact:phone":null,"addr:state":null,"addr:full":null,"toilets:access":null,"toilets":null,"payment:cash":null,"changing_table":null,"roof:shape":null,"building:use":null,"sport":null,"building:levels:underground":null,"addr:subdistrict":null,"addr:place":null,"addr:district":null,"addr:housename":null,"religion":null,"check_date":null,"branch":null,"brand:wikidata":null,"brand":null,"name:en":null,"opening_hours":null,"fast_food":null,"drive_through":null,"cuisine":null,"parking":null,"not:brand:wikidata":null,"wikipedia":null,"wikidata":null,"office":null,"level":null,"name:ml":null,"name:fa":null,"description":null,"layer":null,"addr:housenumber":null,"height":null,"shop":null,"nohousenumber":null,"website":null,"phone":null,"addr:postcode":null,"amenity":null,"addr:street":null,"addr:city":null,"tourism":null,"smoking":null,"rooms":null,"operator":null,"internet_access:ssid":null,"internet_access":null,"name:te":null,"alt_name":null,"wheelchair":null,"type":null,"name":null,"building:levels":null},"geometry":{"type":"MultiPolygon","coordinates":[[[[222654.297890477930196,1930862.28384093218483],[222651.183795458113309,1930869.314462069887668],[222634.779312471335288,1930862.129894136218354],[222643.090898916707374,1930843.399921902921051],[222647.122601365321316,1930845.172096342081204],[222641.935581125610042,1930856.860225256532431],[222654.297890477930196,1930862.28384093218483]]]]}},
{"type":"Feature","properties":{"fid":9781,"full_id":"w749805076","osm_id":"749805076","osm_type":"way","building":"yes","community_centre":null,"levels":null,"diet:lactose_free":null,"diet:dairy":null,"diet:non-vegetarian":null,"image":null,"substation":null,"power":null,"building:apartments":null,"toilets:position":null,"toilets:handwashing":null,"lit":null,"fitness_centre":null,"atm":null,"grades":null,"shelter_type":null,"addr:suburb":null,"compressed_air":null,"check_date:compressed_air":null,"toilets:disposal":null,"male":null,"female":null,"residential":null,"landuse":null,"diplomatic":null,"building:flats":null,"public_transport":null,"bus":null,"material":null,"subway":null,"station":null,"network":null,"construction":null,"leisure":null,"microbrewery":null,"brewery":null,"bar":null,"air_conditioning":null,"guest_house":null,"roof:colour":null,"building:material":null,"payment:notes":null,"payment:coins":null,"internet_access:fee":null,"building:colour":null,"brand:wikipedia":null,"surface":null,"supervised":null,"fee":null,"access":null,"takeaway":null,"outdoor_seating":null,"loc_name":null,"diet:vegetarian":null,"diet:vegan":null,"golf":null,"location":null,"addr:country":null,"email":null,"short_name":null,"official_name":null,"government":null,"man_made":null,"content":null,"operator:type":null,"healthcare":null,"contact:phone":null,"addr:state":null,"addr:full":null,"toilets:access":null,"toilets":null,"payment:cash":null,"changing_table":null,"roof:shape":null,"building:use":null,"sport":null,"building:levels:underground":null,"addr:subdistrict":null,"addr:place":null,"addr:district":null,"addr:housename":null,"religion":null,"check_date":null,"branch":null,"brand:wikidata":null,"brand":null,"name:en":null,"opening_hours":null,"fast_food":null,"drive_through":null,"cuisine":null,"parking":null,"not:brand:wikidata":null,"wikipedia":null,"wikidata":null,"office":null,"level":null,"name:ml":null,"name:fa":null,"description":null,"layer":null,"addr:housenumber":null,"height":null,"shop":null,"nohousenumber":null,"website":null,"phone":null,"addr:postcode":null,"amenity":null,"addr:street":null,"addr:city":null,"tourism":null,"smoking":null,"rooms":null,"operator":null,"internet_access:ssid":null,"internet_access":null,"name:te":null,"alt_name":null,"wheelchair":null,"type":null,"name":null,"building:levels":null},"geometry":{"type":"MultiPolygon","coordinates":[[[[222384.12449924449902,1930709.761787937022746],[222378.945597369864117,1930716.5992262493819],[222393.015098817064427,1930727.137943719979376],[222398.194001597061288,1930720.300509215798229],[222384.12449924449902,1930709.761787937022746]]]]}},
{"type":"Feature","properties":{"fid":9782,"full_id":"w749805077","osm_id":"749805077","osm_type":"way","building":"yes","community_centre":null,"levels":null,"diet:lactose_free":null,"diet:dairy":null,"diet:non-vegetarian":null,"image":null,"substation":null,"power":null,"building:apartments":null,"toilets:position":null,"toilets:handwashing":null,"lit":null,"fitness_centre":null,"atm":null,"grades":null,"shelter_type":null,"addr:suburb":null,"compressed_air":null,"check_date:compressed_air":null,"toilets:disposal":null,"male":null,"female":null,"residential":null,"landuse":null,"diplomatic":null,"building:flats":null,"public_transport":null,"bus":null,"material":null,"subway":null,"station":null,"network":null,"construction":null,"leisure":null,"microbrewery":null,"brewery":null,"bar":null,"air_conditioning":null,"guest_house":null,"roof:colour":null,"building:material":null,"payment:notes":null,"payment:coins":null,"internet_access:fee":null,"building:colour":null,"brand:wikipedia":null,"surface":null,"supervised":null,"fee":null,"access":null,"takeaway":null,"outdoor_seating":null,"loc_name":null,"diet:vegetarian":null,"diet:vegan":null,"golf":null,"location":null,"addr:country":null,"email":null,"short_name":null,"official_name":null,"government":null,"man_made":null,"content":null,"operator:type":null,"healthcare":null,"contact:phone":null,"addr:state":null,"addr:full":null,"toilets:access":null,"toilets":null,"payment:cash":null,"changing_table":null,"roof:shape":null,"building:use":null,"sport":null,"building:levels:underground":null,"addr:subdistrict":null,"addr:place":null,"addr:district":null,"addr:housename":null,"religion":null,"check_date":null,"branch":null,"brand:wikidata":null,"brand":null,"name:en":null,"opening_hours":null,"fast_food":null,"drive_through":null,"cuisine":null,"parking":null,"not:brand:wikidata":null,"wikipedia":null,"wikidata":null,"office":null,"level":null,"name:ml":null,"name:fa":null,"description":null,"layer":null,"addr:housenumber":null,"height":null,"shop":null,"nohousenumber":null,"website":null,"phone":null,"addr:postcode":null,"amenity":null,"addr:street":null,"addr:city":null,"tourism":null,"smoking":null,"rooms":null,"operator":null,"internet_access:ssid":null,"internet_access":null,"name:te":null,"alt_name":null,"wheelchair":null,"type":null,"name":null,"building:levels":null},"geometry":{"type":"MultiPolygon","coordinates":[[[[222369.80518858943833,1930712.039774195989594],[222360.268370103149209,1930724.341252707177773],[222366.176806780567858,1930728.867410981329158],[222375.713625835662242,1930716.565935396356508],[222369.80518858943833,1930712.039774195989594]]]]}},
{"type":"Feature","properties":{"fid":9787,"full_id":"w749805082","osm_id":"749805082","osm_type":"way","building":"yes","community_centre":null,"levels":null,"diet:lactose_free":null,"diet:dairy":null,"diet:non-vegetarian":null,"image":null,"substation":null,"power":null,"building:apartments":null,"toilets:position":null,"toilets:handwashing":null,"lit":null,"fitness_centre":null,"atm":null,"grades":null,"shelter_type":null,"addr:suburb":null,"compressed_air":null,"check_date:compressed_air":null,"toilets:disposal":null,"male":null,"female":null,"residential":null,"landuse":null,"diplomatic":null,"building:flats":null,"public_transport":null,"bus":null,"material":null,"subway":null,"station":null,"network":null,"construction":null,"leisure":null,"microbrewery":null,"brewery":null,"bar":null,"air_conditioning":null,"guest_house":null,"roof:colour":null,"building:material":null,"payment:notes":null,"payment:coins":null,"internet_access:fee":null,"building:colour":null,"brand:wikipedia":null,"surface":null,"supervised":null,"fee":null,"access":null,"takeaway":null,"outdoor_seating":null,"loc_name":null,"diet:vegetarian":null,"diet:vegan":null,"golf":null,"location":null,"addr:country":null,"email":null,"short_name":null,"official_name":null,"government":null,"man_made":null,"content":null,"operator:type":null,"healthcare":null,"contact:phone":null,"addr:state":null,"addr:full":null,"toilets:access":null,"toilets":null,"payment:cash":null,"changing_table":null,"roof:shape":null,"building:use":null,"sport":null,"building:levels:underground":null,"addr:subdistrict":null,"addr:place":null,"addr:district":null,"addr:housename":null,"religion":null,"check_date":null,"branch":null,"brand:wikidata":null,"brand":null,"name:en":null,"opening_hours":null,"fast_food":null,"drive_through":null,"cuisine":null,"parking":null,"not:brand:wikidata":null,"wikipedia":null,"wikidata":null,"office":null,"level":null,"name:ml":null,"name:fa":null,"description":null,"layer":null,"addr:housenumber":null,"height":null,"shop":null,"nohousenumber":null,"website":null,"phone":null,"addr:postcode":null,"amenity":null,"addr:street":null,"addr:city":null,"tourism":null,"smoking":null,"rooms":null,"operator":null,"internet_access:ssid":null,"internet_access":null,"name:te":null,"alt_name":null,"wheelchair":null,"type":null,"name":null,"building:levels":null},"geometry":{"type":"MultiPolygon","coordinates":[[[[222439.140020032209577,1930634.0],[222442.891606864926871,1930637.061551490100101],[222437.663335559307598,1930643.401288458378986],[222448.112244295421988,1930651.918639968149364],[222461.977784106915351,1930635.117095759604126],[222460.608006059454056,1930634.0],[222439.140020032209577,1930634.0]]]]}},
{"type":"Feature","properties":{"fid":9788,"full_id":"w749805083","osm_id":"749805083","osm_type":"way","building":"yes","community_centre":null,"levels":null,"diet:lactose_free":null,"diet:dairy":null,"diet:non-vegetarian":null,"image":null,"substation":null,"power":null,"building:apartments":null,"toilets:position":null,"toilets:handwashing":null,"lit":null,"fitness_centre":null,"atm":null,"grades":null,"shelter_type":null,"addr:suburb":null,"compressed_air":null,"check_date:compressed_air":null,"toilets:disposal":null,"male":null,"female":null,"residential":null,"landuse":null,"diplomatic":null,"building:flats":null,"public_transport":null,"bus":null,"material":null,"subway":null,"station":null,"network":null,"construction":null,"leisure":null,"microbrewery":null,"brewery":null,"bar":null,"air_conditioning":null,"guest_house":null,"roof:colour":null,"building:material":null,"payment:notes":null,"payment:coins":null,"internet_access:fee":null,"building:colour":null,"brand:wikipedia":null,"surface":null,"supervised":null,"fee":null,"access":null,"takeaway":null,"outdoor_seating":null,"loc_name":null,"diet:vegetarian":null,"diet:vegan":null,"golf":null,"location":null,"addr:country":null,"email":null,"short_name":null,"official_name":null,"government":null,"man_made":null,"content":null,"operator:type":null,"healthcare":null,"contact:phone":null,"addr:state":null,"addr:full":null,"toilets:access":null,"toilets":null,"payment:cash":null,"changing_table":null,"roof:shape":null,"building:use":null,"sport":null,"building:levels:underground":null,"addr:subdistrict":null,"addr:place":null,"addr:district":null,"addr:housename":null,"religion":null,"check_date":null,"branch":null,"brand:wikidata":null,"brand":null,"name:en":null,"opening_hours":null,"fast_food":null,"drive_through":null,"cuisine":null,"parking":null,"not:brand:wikidata":null,"wikipedia":null,"wikidata":null,"office":null,"level":null,"name:ml":null,"name:fa":null,"description":null,"layer":null,"addr:housenumber":null,"height":null,"shop":null,"nohousenumber":null,"website":null,"phone":null,"addr:postcode":null,"amenity":null,"addr:street":null,"addr:city":null,"tourism":null,"smoking":null,"rooms":null,"operator":null,"internet_access:ssid":null,"internet_access":null,"name:te":null,"alt_name":null,"wheelchair":null,"type":null,"name":null,"building:levels":null},"geometry":{"type":"MultiPolygon","coordinates":[[[[222429.785380807472393,1930634.0],[222419.793608637177385,1930645.683510161237791],[222427.224841195857152,1930651.960781882982701],[222439.107700528984424,1930637.866392550989985],[222434.680022284388542,1930634.0],[222429.785380807472393,1930634.0]]]]}},
{"type":"Feature","properties":{"fid":9789,"full_id":"w749805084","osm_id":"749805084","osm_type":"way","building":"yes","community_centre":null,"levels":null,"diet:lactose_free":null,"diet:dairy":null,"diet:non-vegetarian":null,"image":null,"substation":null,"power":null,"building:apartments":null,"toilets:position":null,"toilets:handwashing":null,"lit":null,"fitness_centre":null,"atm":null,"grades":null,"shelter_type":null,"addr:suburb":null,"compressed_air":null,"check_date:compressed_air":null,"toilets:disposal":null,"male":null,"female":null,"residential":null,"landuse":null,"diplomatic":null,"building:flats":null,"public_transport":null,"bus":null,"material":null,"subway":null,"station":null,"network":null,"construction":null,"leisure":null,"microbrewery":null,"brewery":null,"bar":null,"air_conditioning":null,"guest_house":null,"roof:colour":null,"building:material":null,"payment:notes":null,"payment:coins":null,"internet_access:fee":null,"building:colour":null,"brand:wikipedia":null,"surface":null,"supervised":null,"fee":null,"access":null,"takeaway":null,"outdoor_seating":null,"loc_name":null,"diet:vegetarian":null,"diet:vegan":null,"golf":null,"location":null,"addr:country":null,"email":null,"short_name":null,"official_name":null,"government":null,"man_made":null,"content":null,"operator:type":null,"healthcare":null,"contact:phone":null,"addr:state":null,"addr:full":null,"toilets:access":null,"toilets":null,"payment:cash":null,"changing_table":null,"roof:shape":null,"building:use":null,"sport":null,"building:levels:underground":null,"addr:subdistrict":null,"addr:place":null,"addr:district":null,"addr:housename":null,"religion":null,"check_date":null,"branch":null,"brand:wikidata":null,"brand":null,"name:en":null,"opening_hours":null,"fast_food":null,"drive_through":null,"cuisine":null,"parking":null,"not:brand:wikidata":null,"wikipedia":null,"wikidata":null,"office":null,"level":null,"name:ml":null,"name:fa":null,"description":null,"layer":null,"addr:housenumber":null,"height":null,"shop":null,"nohousenumber":null,"website":null,"phone":null,"addr:postcode":null,"amenity":null,"addr:street":null,"addr:city":null,"tourism":null,"smoking":null,"rooms":null,"operator":null,"internet_access:ssid":null,"internet_access":null,"name:te":null,"alt_name":null,"wheelchair":null,"type":null,"name":null,"building:levels":null},"geometry":{"type":"MultiPolygon","coordinates":[[[[222408.186404268431943,1930657.393109260359779],[222416.203065059613436,1930664.504033407196403],[222424.422586654254701,1930655.365792763885111],[222416.416402688249946,1930648.243647410534322],[222408.186404268431943,1930657.393109260359779]]]]}},
{"type":"Feature","properties":{"fid":9793,"full_id":"w749811418","osm_id":"749811418","osm_type":"way","building":"yes","community_centre":null,"levels":null,"diet:lactose_free":null,"diet:dairy":null,"diet:non-vegetarian":null,"image":null,"substation":null,"power":null,"building:apartments":null,"toilets:position":null,"toilets:handwashing":null,"lit":null,"fitness_centre":null,"atm":null,"grades":null,"shelter_type":null,"addr:suburb":null,"compressed_air":null,"check_date:compressed_air":null,"toilets:disposal":null,"male":null,"female":null,"residential":null,"landuse":null,"diplomatic":null,"building:flats":null,"public_transport":null,"bus":null,"material":null,"subway":null,"station":null,"network":null,"construction":null,"leisure":null,"microbrewery":null,"brewery":null,"bar":null,"air_conditioning":null,"guest_house":null,"roof:colour":null,"building:material":null,"payment:notes":null,"payment:coins":null,"internet_access:fee":null,"building:colour":null,"brand:wikipedia":null,"surface":null,"supervised":null,"fee":null,"access":null,"takeaway":null,"outdoor_seating":null,"loc_name":null,"diet:vegetarian":null,"diet:vegan":null,"golf":null,"location":null,"addr:country":null,"email":null,"short_name":null,"official_name":null,"government":null,"man_made":null,"content":null,"operator:type":null,"healthcare":null,"contact:phone":null,"addr:state":null,"addr:full":null,"toilets:access":null,"toilets":null,"payment:cash":null,"changing_table":null,"roof:shape":null,"building:use":null,"sport":null,"building:levels:underground":null,"addr:subdistrict":null,"addr:place":null,"addr:district":null,"addr:housename":null,"religion":null,"check_date":null,"branch":null,"brand:wikidata":null,"brand":null,"name:en":null,"opening_hours":null,"fast_food":null,"drive_through":null,"cuisine":null,"parking":null,"not:brand:wikidata":null,"wikipedia":null,"wikidata":null,"office":null,"level":null,"name:ml":null,"name:fa":null,"description":null,"layer":null,"addr:housenumber":null,"height":null,"shop":null,"nohousenumber":null,"website":null,"phone":null,"addr:postcode":null,"amenity":null,"addr:street":null,"addr:city":null,"tourism":null,"smoking":null,"rooms":null,"operator":null,"internet_access:ssid":null,"internet_access":null,"name:te":null,"alt_name":null,"wheelchair":null,"type":null,"name":null,"building:levels":null},"geometry":{"type":"MultiPolygon","coordinates":[[[[222253.115902248304337,1930700.890255972277373],[222257.097520044539124,1930705.210202132817358],[222263.564787920447998,1930699.307502098381519],[222259.58317074511433,1930694.987554722931236],[222253.115902248304337,1930700.890255972277373]]]]}},
{"type":"Feature","properties":{"fid":9794,"full_id":"w749811419","osm_id":"749811419","osm_type":"way","building":"yes","community_centre":null,"levels":null,"diet:lactose_free":null,"diet:dairy":null,"diet:non-vegetarian":null,"image":null,"substation":null,"power":null,"building:apartments":null,"toilets:position":null,"toilets:handwashing":null,"lit":null,"fitness_centre":null,"atm":null,"grades":null,"shelter_type":null,"addr:suburb":null,"compressed_air":null,"check_date:compressed_air":null,"toilets:disposal":null,"male":null,"female":null,"residential":null,"landuse":null,"diplomatic":null,"building:flats":null,"public_transport":null,"bus":null,"material":null,"subway":null,"station":null,"network":null,"construction":null,"leisure":null,"microbrewery":null,"brewery":null,"bar":null,"air_conditioning":null,"guest_house":null,"roof:colour":null,"building:material":null,"payment:notes":null,"payment:coins":null,"internet_access:fee":null,"building:colour":null,"brand:wikipedia":null,"surface":null,"supervised":null,"fee":null,"access":null,"takeaway":null,"outdoor_seating":null,"loc_name":null,"diet:vegetarian":null,"diet:vegan":null,"golf":null,"location":null,"addr:country":null,"email":null,"short_name":null,"official_name":null,"government":null,"man_made":null,"content":null,"operator:type":null,"healthcare":null,"contact:phone":null,"addr:state":null,"addr:full":null,"toilets:access":null,"toilets":null,"payment:cash":null,"changing_table":null,"roof:shape":null,"building:use":null,"sport":null,"building:levels:underground":null,"addr:subdistrict":null,"addr:place":null,"addr:district":null,"addr:housename":null,"religion":null,"check_date":null,"branch":null,"brand:wikidata":null,"brand":null,"name:en":null,"opening_hours":null,"fast_food":null,"drive_through":null,"cuisine":null,"parking":null,"not:brand:wikidata":null,"wikipedia":null,"wikidata":null,"office":null,"level":null,"name:ml":null,"name:fa":null,"description":null,"layer":null,"addr:housenumber":null,"height":null,"shop":null,"nohousenumber":null,"website":null,"phone":null,"addr:postcode":null,"amenity":null,"addr:street":null,"addr:city":null,"tourism":null,"smoking":null,"rooms":null,"operator":null,"internet_access:ssid":null,"internet_access":null,"name:te":null,"alt_name":null,"wheelchair":null,"type":null,"name":null,"building:levels":null},"geometry":{"type":"MultiPolygon","coordinates":[[[[222257.100893576338422,1930710.89141679671593],[222261.565787997620646,1930714.794987168163061],[222267.689638734271284,1930707.878128381213173],[222263.21411638421705,1930703.974702148232609],[222257.100893576338422,1930710.89141679671593]]]]}},
{"type":"Feature","properties":{"fid":9795,"full_id":"w749811420","osm_id":"749811420","osm_type":"way","building":"yes","community_centre":null,"levels":null,"diet:lactose_free":null,"diet:dairy":null,"diet:non-vegetarian":null,"image":null,"substation":null,"power":null,"building:apartments":null,"toilets:position":null,"toilets:handwashing":null,"lit":null,"fitness_centre":null,"atm":null,"grades":null,"shelter_type":null,"addr:suburb":null,"compressed_air":null,"check_date:compressed_air":null,"toilets:disposal":null,"male":null,"female":null,"residential":null,"landuse":null,"diplomatic":null,"building:flats":null,"public_transport":null,"bus":null,"material":null,"subway":null,"station":null,"network":null,"construction":null,"leisure":null,"microbrewery":null,"brewery":null,"bar":null,"air_conditioning":null,"guest_house":null,"roof:colour":null,"building:material":null,"payment:notes":null,"payment:coins":null,"internet_access:fee":null,"building:colour":null,"brand:wikipedia":null,"surface":null,"supervised":null,"fee":null,"access":null,"takeaway":null,"outdoor_seating":null,"loc_name":null,"diet:vegetarian":null,"diet:vegan":null,"golf":null,"location":null,"addr:country":null,"email":null,"short_name":null,"official_name":null,"government":null,"man_made":null,"content":null,"operator:type":null,"healthcare":null,"contact:phone":null,"addr:state":null,"addr:full":null,"toilets:access":null,"toilets":null,"payment:cash":null,"changing_table":null,"roof:shape":null,"building:use":null,"sport":null,"building:levels:underground":null,"addr:subdistrict":null,"addr:place":null,"addr:district":null,"addr:housename":null,"religion":null,"check_date":null,"branch":null,"brand:wikidata":null,"brand":null,"name:en":null,"opening_hours":null,"fast_food":null,"drive_through":null,"cuisine":null,"parking":null,"not:brand:wikidata":null,"wikipedia":null,"wikidata":null,"office":null,"level":null,"name:ml":null,"name:fa":null,"description":null,"layer":null,"addr:housenumber":null,"height":null,"shop":null,"nohousenumber":null,"website":null,"phone":null,"addr:postcode":null,"amenity":null,"addr:street":null,"addr:city":null,"tourism":null,"smoking":null,"rooms":null,"operator":null,"internet_access:ssid":null,"internet_access":null,"name:te":null,"alt_name":null,"wheelchair":null,"type":null,"name":null,"building:levels":null},"geometry":{"type":"MultiPolygon","coordinates":[[[[222247.196640143694822,1930674.613792496966198],[222244.411411038134247,1930678.48373272176832],[222251.463759102101903,1930683.481482950039208],[222254.248988558771089,1930679.611543766222894],[222247.196640143694822,1930674.613792496966198]]]]}},
{"type":"Feature","properties":{"fid":9796,"full_id":"w749811421","osm_id":"749811421","osm_type":"way","building":"yes","community_centre":null,"levels":null,"diet:lactose_free":null,"diet:dairy":null,"diet:non-vegetarian":null,"image":null,"substation":null,"power":null,"building:apartments":null,"toilets:position":null,"toilets:handwashing":null,"lit":null,"fitness_centre":null,"atm":null,"grades":null,"shelter_type":null,"addr:suburb":null,"compressed_air":null,"check_date:compressed_air":null,"toilets:disposal":null,"male":null,"female":null,"residential":null,"landuse":null,"diplomatic":null,"building:flats":null,"public_transport":null,"bus":null,"material":null,"subway":null,"station":null,"network":null,"construction":null,"leisure":null,"microbrewery":null,"brewery":null,"bar":null,"air_conditioning":null,"guest_house":null,"roof:colour":null,"building:material":null,"payment:notes":null,"payment:coins":null,"internet_access:fee":null,"building:colour":null,"brand:wikipedia":null,"surface":null,"supervised":null,"fee":null,"access":null,"takeaway":null,"outdoor_seating":null,"loc_name":null,"diet:vegetarian":null,"diet:vegan":null,"golf":null,"location":null,"addr:country":null,"email":null,"short_name":null,"official_name":null,"government":null,"man_made":null,"content":null,"operator:type":null,"healthcare":null,"contact:phone":null,"addr:state":null,"addr:full":null,"toilets:access":null,"toilets":null,"payment:cash":null,"changing_table":null,"roof:shape":null,"building:use":null,"sport":null,"building:levels:underground":null,"addr:subdistrict":null,"addr:place":null,"addr:district":null,"addr:housename":null,"religion":null,"check_date":null,"branch":null,"brand:wikidata":null,"brand":null,"name:en":null,"opening_hours":null,"fast_food":null,"drive_through":null,"cuisine":null,"parking":null,"not:brand:wikidata":null,"wikipedia":null,"wikidata":null,"office":null,"level":null,"name:ml":null,"name:fa":null,"description":null,"layer":null,"addr:housenumber":null,"height":null,"shop":null,"nohousenumber":null,"website":null,"phone":null,"addr:postcode":null,"amenity":null,"addr:street":null,"addr:city":null,"tourism":null,"smoking":null,"rooms":null,"operator":null,"internet_access:ssid":null,"internet_access":null,"name:te":null,"alt_name":null,"wheelchair":null,"type":null,"name":null,"building:levels":null},"geometry":{"type":"MultiPolygon","coordinates":[[[[222237.806806211418007,1930665.816241958877072],[222234.847283729352057,1930669.378481624647975],[222241.480428848299198,1930674.813877760432661],[222244.439951394218951,1930671.251639096299186],[222237.806806211418007,1930665.816241958877072]]]]}},
{"type":"Feature","properties":{"fid":9797,"full_id":"w749811422","osm_id":"749811422","osm_type":"way","building":"yes","community_centre":null,"levels":null,"diet:lactose_free":null,"diet:dairy":null,"diet:non-vegetarian":null,"image":null,"substation":null,"power":null,"building:apartments":null,"toilets:position":null,"toilets:handwashing":null,"lit":null,"fitness_centre":null,"atm":null,"grades":null,"shelter_type":null,"addr:suburb":null,"compressed_air":null,"check_date:compressed_air":null,"toilets:disposal":null,"male":null,"female":null,"residential":null,"landuse":null,"diplomatic":null,"building:flats":null,"public_transport":null,"bus":null,"material":null,"subway":null,"station":null,"network":null,"construction":null,"leisure":null,"microbrewery":null,"brewery":null,"bar":null,"air_conditioning":null,"guest_house":null,"roof:colour":null,"building:material":null,"payment:notes":null,"payment:coins":null,"internet_access:fee":null,"building:colour":null,"brand:wikipedia":null,"surface":null,"supervised":null,"fee":null,"access":null,"takeaway":null,"outdoor_seating":null,"loc_name":null,"diet:vegetarian":null,"diet:vegan":null,"golf":null,"location":null,"addr:country":null,"email":null,"short_name":null,"official_name":null,"government":null,"man_made":null,"content":null,"operator:type":null,"healthcare":null,"contact:phone":null,"addr:state":null,"addr:full":null,"toilets:access":null,"toilets":null,"payment:cash":null,"changing_table":null,"roof:shape":null,"building:use":null,"sport":null,"building:levels:underground":null,"addr:subdistrict":null,"addr:place":null,"addr:district":null,"addr:housename":null,"religion":null,"check_date":null,"branch":null,"brand:wikidata":null,"brand":null,"name:en":null,"opening_hours":null,"fast_food":null,"drive_through":null,"cuisine":null,"parking":null,"not:brand:wikidata":null,"wikipedia":null,"wikidata":null,"office":null,"level":null,"name:ml":null,"name:fa":null,"description":null,"layer":null,"addr:housenumber":null,"height":null,"shop":null,"nohousenumber":null,"website":null,"phone":null,"addr:postcode":null,"amenity":null,"addr:street":null,"addr:city":null,"tourism":null,"smoking":null,"rooms":null,"operator":null,"internet_access:ssid":null,"internet_access":null,"name:te":null,"alt_name":null,"wheelchair":null,"type":null,"name":null,"building:levels":null},"geometry":{"type":"MultiPolygon","coordinates":[[[[222260.89182663068641,1930685.75558551796712],[222255.836624683055561,1930681.439262305619195],[222253.806471980933566,1930683.781645425595343],[222258.851197513227817,1930688.109186136396602],[222260.89182663068641,1930685.75558551796712]]]]}},
{"type":"Feature","properties":{"fid":9798,"full_id":"w749811423","osm_id":"749811423","osm_type":"way","building":"yes","community_centre":null,"levels":null,"diet:lactose_free":null,"diet:dairy":null,"diet:non-vegetarian":null,"image":null,"substation":null,"power":null,"building:apartments":null,"toilets:position":null,"toilets:handwashing":null,"lit":null,"fitness_centre":null,"atm":null,"grades":null,"shelter_type":null,"addr:suburb":null,"compressed_air":null,"check_date:compressed_air":null,"toilets:disposal":null,"male":null,"female":null,"residential":null,"landuse":null,"diplomatic":null,"building:flats":null,"public_transport":null,"bus":null,"material":null,"subway":null,"station":null,"network":null,"construction":null,"leisure":null,"microbrewery":null,"brewery":null,"bar":null,"air_conditioning":null,"guest_house":null,"roof:colour":null,"building:material":null,"payment:notes":null,"payment:coins":null,"internet_access:fee":null,"building:colour":null,"brand:wikipedia":null,"surface":null,"supervised":null,"fee":null,"access":null,"takeaway":null,"outdoor_seating":null,"loc_name":null,"diet:vegetarian":null,"diet:vegan":null,"golf":null,"location":null,"addr:country":null,"email":null,"short_name":null,"official_name":null,"government":null,"man_made":null,"content":null,"operator:type":null,"healthcare":null,"contact:phone":null,"addr:state":null,"addr:full":null,"toilets:access":null,"toilets":null,"payment:cash":null,"changing_table":null,"roof:shape":null,"building:use":null,"sport":null,"building:levels:underground":null,"addr:subdistrict":null,"addr:place":null,"addr:district":null,"addr:housename":null,"religion":null,"check_date":null,"branch":null,"brand:wikidata":null,"brand":null,"name:en":null,"opening_hours":null,"fast_food":null,"drive_through":null,"cuisine":null,"parking":null,"not:brand:wikidata":null,"wikipedia":null,"wikidata":null,"office":null,"level":null,"name:ml":null,"name:fa":null,"description":null,"layer":null,"addr:housenumber":null,"height":null,"shop":null,"nohousenumber":null,"website":null,"phone":null,"addr:postcode":null,"amenity":null,"addr:street":null,"addr:city":null,"tourism":null,"smoking":null,"rooms":null,"operator":null,"internet_access:ssid":null,"internet_access":null,"name:te":null,"alt_name":null,"wheelchair":null,"type":null,"name":null,"building:levels":null},"geometry":{"type":"MultiPolygon","coordinates":[[[[222227.749458773585502,1930660.283762279665098],[222225.782013292307965,1930662.547767608426511],[222231.117497471626848,1930667.148186442442238],[222233.084942935733125,1930664.884181641973555],[222227.749458773585502,1930660.283762279665098]]]]}},
{"type":"Feature","properties":{"fid":9807,"full_id":"w749874846","osm_id":"749874846","osm_type":"way","building":"yes","community_centre":null,"levels":null,"diet:lactose_free":null,"diet:dairy":null,"diet:non-vegetarian":null,"image":null,"substation":null,"power":null,"building:apartments":null,"toilets:position":null,"toilets:handwashing":null,"lit":null,"fitness_centre":null,"atm":null,"grades":null,"shelter_type":null,"addr:suburb":null,"compressed_air":null,"check_date:compressed_air":null,"toilets:disposal":null,"male":null,"female":null,"residential":null,"landuse":null,"diplomatic":null,"building:flats":null,"public_transport":null,"bus":null,"material":null,"subway":null,"station":null,"network":null,"construction":null,"leisure":null,"microbrewery":null,"brewery":null,"bar":null,"air_conditioning":null,"guest_house":null,"roof:colour":null,"building:material":null,"payment:notes":null,"payment:coins":null,"internet_access:fee":null,"building:colour":null,"brand:wikipedia":null,"surface":null,"supervised":null,"fee":null,"access":null,"takeaway":null,"outdoor_seating":null,"loc_name":null,"diet:vegetarian":null,"diet:vegan":null,"golf":null,"location":null,"addr:country":null,"email":null,"short_name":null,"official_name":null,"government":null,"man_made":null,"content":null,"operator:type":null,"healthcare":null,"contact:phone":null,"addr:state":null,"addr:full":null,"toilets:access":null,"toilets":null,"payment:cash":null,"changing_table":null,"roof:shape":null,"building:use":null,"sport":null,"building:levels:underground":null,"addr:subdistrict":null,"addr:place":null,"addr:district":null,"addr:housename":null,"religion":null,"check_date":null,"branch":null,"brand:wikidata":null,"brand":null,"name:en":null,"opening_hours":null,"fast_food":null,"drive_through":null,"cuisine":null,"parking":null,"not:brand:wikidata":null,"wikipedia":null,"wikidata":null,"office":null,"level":null,"name:ml":null,"name:fa":null,"description":null,"layer":null,"addr:housenumber":null,"height":null,"shop":null,"nohousenumber":null,"website":null,"phone":null,"addr:postcode":null,"amenity":null,"addr:street":null,"addr:city":null,"tourism":null,"smoking":null,"rooms":null,"operator":null,"internet_access:ssid":null,"internet_access":null,"name:te":null,"alt_name":null,"wheelchair":null,"type":null,"name":null,"building:levels":null},"geometry":{"type":"MultiPolygon","coordinates":[[[[222548.956378886825405,1930891.089683458441868],[222560.431892800726928,1930896.182061542291194],[222566.41494120284915,1930882.855054903542623],[222554.939422334660776,1930877.76267266063951],[222548.956378886825405,1930891.089683458441868]]]]}},
{"type":"Feature","properties":{"fid":9838,"full_id":"w751007960","osm_id":"751007960","osm_type":"way","building":"yes","community_centre":null,"levels":null,"diet:lactose_free":null,"diet:dairy":null,"diet:non-vegetarian":null,"image":null,"substation":null,"power":null,"building:apartments":null,"toilets:position":null,"toilets:handwashing":null,"lit":null,"fitness_centre":null,"atm":null,"grades":null,"shelter_type":null,"addr:suburb":null,"compressed_air":null,"check_date:compressed_air":null,"toilets:disposal":null,"male":null,"female":null,"residential":null,"landuse":null,"diplomatic":null,"building:flats":null,"public_transport":null,"bus":null,"material":null,"subway":null,"station":null,"network":null,"construction":null,"leisure":null,"microbrewery":null,"brewery":null,"bar":null,"air_conditioning":null,"guest_house":null,"roof:colour":null,"building:material":null,"payment:notes":null,"payment:coins":null,"internet_access:fee":null,"building:colour":null,"brand:wikipedia":null,"surface":null,"supervised":null,"fee":null,"access":null,"takeaway":null,"outdoor_seating":null,"loc_name":null,"diet:vegetarian":null,"diet:vegan":null,"golf":null,"location":null,"addr:country":null,"email":null,"short_name":null,"official_name":null,"government":null,"man_made":null,"content":null,"operator:type":null,"healthcare":null,"contact:phone":null,"addr:state":null,"addr:full":null,"toilets:access":null,"toilets":null,"payment:cash":null,"changing_table":null,"roof:shape":null,"building:use":null,"sport":null,"building:levels:underground":null,"addr:subdistrict":null,"addr:place":null,"addr:district":null,"addr:housename":null,"religion":null,"check_date":null,"branch":null,"brand:wikidata":null,"brand":null,"name:en":null,"opening_hours":null,"fast_food":null,"drive_through":null,"cuisine":null,"parking":null,"not:brand:wikidata":null,"wikipedia":null,"wikidata":null,"office":null,"level":null,"name:ml":null,"name:fa":null,"description":null,"layer":null,"addr:housenumber":null,"height":null,"shop":null,"nohousenumber":null,"website":null,"phone":null,"addr:postcode":null,"amenity":null,"addr:street":null,"addr:city":null,"tourism":null,"smoking":null,"rooms":null,"operator":null,"internet_access:ssid":null,"internet_access":null,"name:te":null,"alt_name":null,"wheelchair":null,"type":null,"name":null,"building:levels":null},"geometry":{"type":"MultiPolygon","coordinates":[[[[222601.755310057895258,1930798.614857836393639],[222605.09224413469201,1930800.883807208389044],[222607.229029151727445,1930797.786935377400368],[222603.892094916431233,1930795.517985622864217],[222601.755310057895258,1930798.614857836393639]]]]}},
{"type":"Feature","properties":{"fid":9842,"full_id":"w751772710","osm_id":"751772710","osm_type":"way","building":"yes","community_centre":null,"levels":null,"diet:lactose_free":null,"diet:dairy":null,"diet:non-vegetarian":null,"image":null,"substation":null,"power":null,"building:apartments":null,"toilets:position":null,"toilets:handwashing":null,"lit":null,"fitness_centre":null,"atm":null,"grades":null,"shelter_type":null,"addr:suburb":null,"compressed_air":null,"check_date:compressed_air":null,"toilets:disposal":null,"male":null,"female":null,"residential":null,"landuse":null,"diplomatic":null,"building:flats":null,"public_transport":null,"bus":null,"material":null,"subway":null,"station":null,"network":null,"construction":null,"leisure":"swimming_pool","microbrewery":null,"brewery":null,"bar":null,"air_conditioning":null,"guest_house":null,"roof:colour":null,"building:material":null,"payment:notes":null,"payment:coins":null,"internet_access:fee":null,"building:colour":null,"brand:wikipedia":null,"surface":null,"supervised":null,"fee":null,"access":null,"takeaway":null,"outdoor_seating":null,"loc_name":null,"diet:vegetarian":null,"diet:vegan":null,"golf":null,"location":null,"addr:country":null,"email":null,"short_name":null,"official_name":null,"government":null,"man_made":null,"content":null,"operator:type":null,"healthcare":null,"contact:phone":null,"addr:state":null,"addr:full":null,"toilets:access":null,"toilets":null,"payment:cash":null,"changing_table":null,"roof:shape":null,"building:use":null,"sport":null,"building:levels:underground":null,"addr:subdistrict":null,"addr:place":null,"addr:district":null,"addr:housename":null,"religion":null,"check_date":null,"branch":null,"brand:wikidata":null,"brand":null,"name:en":null,"opening_hours":null,"fast_food":null,"drive_through":null,"cuisine":null,"parking":null,"not:brand:wikidata":null,"wikipedia":null,"wikidata":null,"office":null,"level":null,"name:ml":null,"name:fa":null,"description":null,"layer":null,"addr:housenumber":null,"height":null,"shop":null,"nohousenumber":null,"website":null,"phone":null,"addr:postcode":null,"amenity":null,"addr:street":null,"addr:city":null,"tourism":null,"smoking":null,"rooms":null,"operator":null,"internet_access:ssid":null,"internet_access":null,"name:te":null,"alt_name":null,"wheelchair":null,"type":null,"name":"Seasons Swimming Pool","building:levels":null},"geometry":{"type":"MultiPolygon","coordinates":[[[[222555.42550818255404,1930983.241209745639935],[222547.384467889787629,1930997.648461593780667],[222571.590266339830123,1931010.983365551335737],[222579.620839087001514,1930996.58734262152575],[222555.42550818255404,1930983.241209745639935]]]]}},
{"type":"Feature","properties":{"fid":9843,"full_id":"w751806015","osm_id":"751806015","osm_type":"way","building":"roof","community_centre":null,"levels":null,"diet:lactose_free":null,"diet:dairy":null,"diet:non-vegetarian":null,"image":null,"substation":null,"power":null,"building:apartments":null,"toilets:position":null,"toilets:handwashing":null,"lit":null,"fitness_centre":null,"atm":null,"grades":null,"shelter_type":null,"addr:suburb":null,"compressed_air":null,"check_date:compressed_air":null,"toilets:disposal":null,"male":null,"female":null,"residential":null,"landuse":null,"diplomatic":null,"building:flats":null,"public_transport":null,"bus":null,"material":null,"subway":null,"station":null,"network":null,"construction":null,"leisure":null,"microbrewery":null,"brewery":null,"bar":null,"air_conditioning":null,"guest_house":null,"roof:colour":null,"building:material":null,"payment:notes":null,"payment:coins":null,"internet_access:fee":null,"building:colour":null,"brand:wikipedia":null,"surface":null,"supervised":null,"fee":null,"access":null,"takeaway":null,"outdoor_seating":null,"loc_name":null,"diet:vegetarian":null,"diet:vegan":null,"golf":null,"location":null,"addr:country":null,"email":null,"short_name":null,"official_name":null,"government":null,"man_made":null,"content":null,"operator:type":null,"healthcare":null,"contact:phone":null,"addr:state":null,"addr:full":null,"toilets:access":null,"toilets":null,"payment:cash":null,"changing_table":null,"roof:shape":null,"building:use":null,"sport":null,"building:levels:underground":null,"addr:subdistrict":null,"addr:place":null,"addr:district":null,"addr:housename":null,"religion":null,"check_date":null,"branch":null,"brand:wikidata":null,"brand":null,"name:en":null,"opening_hours":null,"fast_food":null,"drive_through":null,"cuisine":null,"parking":null,"not:brand:wikidata":null,"wikipedia":null,"wikidata":null,"office":null,"level":null,"name:ml":null,"name:fa":null,"description":null,"layer":null,"addr:housenumber":null,"height":null,"shop":null,"nohousenumber":null,"website":null,"phone":null,"addr:postcode":null,"amenity":null,"addr:street":null,"addr:city":null,"tourism":null,"smoking":null,"rooms":null,"operator":null,"internet_access:ssid":null,"internet_access":null,"name:te":null,"alt_name":null,"wheelchair":null,"type":null,"name":null,"building:levels":null},"geometry":{"type":"MultiPolygon","coordinates":[[[[222648.942116667225491,1930634.0],[222649.153640549688134,1930638.415695711970329],[222652.393823388381861,1930638.271726770559326],[222652.212815738079371,1930634.0],[222648.942116667225491,1930634.0]]]]}},
{"type":"Feature","properties":{"fid":9845,"full_id":"w753826352","osm_id":"753826352","osm_type":"way","building":"yes","community_centre":null,"levels":null,"diet:lactose_free":null,"diet:dairy":null,"diet:non-vegetarian":null,"image":null,"substation":null,"power":null,"building:apartments":null,"toilets:position":null,"toilets:handwashing":null,"lit":null,"fitness_centre":null,"atm":null,"grades":null,"shelter_type":null,"addr:suburb":null,"compressed_air":null,"check_date:compressed_air":null,"toilets:disposal":null,"male":null,"female":null,"residential":null,"landuse":null,"diplomatic":null,"building:flats":null,"public_transport":null,"bus":null,"material":null,"subway":null,"station":null,"network":null,"construction":null,"leisure":null,"microbrewery":null,"brewery":null,"bar":null,"air_conditioning":null,"guest_house":null,"roof:colour":null,"building:material":null,"payment:notes":null,"payment:coins":null,"internet_access:fee":null,"building:colour":null,"brand:wikipedia":null,"surface":null,"supervised":null,"fee":null,"access":null,"takeaway":null,"outdoor_seating":null,"loc_name":null,"diet:vegetarian":null,"diet:vegan":null,"golf":null,"location":null,"addr:country":null,"email":null,"short_name":null,"official_name":null,"government":null,"man_made":null,"content":null,"operator:type":null,"healthcare":null,"contact:phone":null,"addr:state":null,"addr:full":null,"toilets:access":null,"toilets":null,"payment:cash":null,"changing_table":null,"roof:shape":null,"building:use":null,"sport":null,"building:levels:underground":null,"addr:subdistrict":null,"addr:place":null,"addr:district":null,"addr:housename":null,"religion":null,"check_date":null,"branch":null,"brand:wikidata":null,"brand":null,"name:en":null,"opening_hours":null,"fast_food":null,"drive_through":null,"cuisine":null,"parking":null,"not:brand:wikidata":null,"wikipedia":null,"wikidata":null,"office":null,"level":null,"name:ml":null,"name:fa":null,"description":null,"layer":null,"addr:housenumber":null,"height":null,"shop":null,"nohousenumber":null,"website":null,"phone":null,"addr:postcode":null,"amenity":null,"addr:street":null,"addr:city":null,"tourism":null,"smoking":null,"rooms":null,"operator":null,"internet_access:ssid":null,"internet_access":null,"name:te":null,"alt_name":null,"wheelchair":null,"type":null,"name":null,"building:levels":null},"geometry":{"type":"MultiPolygon","coordinates":[[[[222656.36193797638407,1931093.304004165576771],[222656.148955931479577,1931108.822366345208138],[222667.471770079573616,1931108.97762056812644],[222667.684760734438896,1931093.4592597077135],[222656.36193797638407,1931093.304004165576771]]]]}},
{"type":"Feature","properties":{"fid":9853,"full_id":"w753891933","osm_id":"753891933","osm_type":"way","building":"yes","community_centre":null,"levels":null,"diet:lactose_free":null,"diet:dairy":null,"diet:non-vegetarian":null,"image":null,"substation":null,"power":null,"building:apartments":null,"toilets:position":null,"toilets:handwashing":null,"lit":null,"fitness_centre":null,"atm":null,"grades":null,"shelter_type":null,"addr:suburb":null,"compressed_air":null,"check_date:compressed_air":null,"toilets:disposal":null,"male":null,"female":null,"residential":null,"landuse":null,"diplomatic":null,"building:flats":null,"public_transport":null,"bus":null,"material":null,"subway":null,"station":null,"network":null,"construction":null,"leisure":null,"microbrewery":null,"brewery":null,"bar":null,"air_conditioning":null,"guest_house":null,"roof:colour":null,"building:material":null,"payment:notes":null,"payment:coins":null,"internet_access:fee":null,"building:colour":null,"brand:wikipedia":null,"surface":null,"supervised":null,"fee":null,"access":null,"takeaway":null,"outdoor_seating":null,"loc_name":null,"diet:vegetarian":null,"diet:vegan":null,"golf":null,"location":null,"addr:country":null,"email":null,"short_name":null,"official_name":null,"government":null,"man_made":null,"content":null,"operator:type":null,"healthcare":null,"contact:phone":null,"addr:state":null,"addr:full":null,"toilets:access":null,"toilets":null,"payment:cash":null,"changing_table":null,"roof:shape":null,"building:use":null,"sport":null,"building:levels:underground":null,"addr:subdistrict":null,"addr:place":null,"addr:district":null,"addr:housename":null,"religion":null,"check_date":null,"branch":null,"brand:wikidata":null,"brand":null,"name:en":null,"opening_hours":null,"fast_food":null,"drive_through":null,"cuisine":null,"parking":null,"not:brand:wikidata":null,"wikipedia":null,"wikidata":null,"office":null,"level":null,"name:ml":null,"name:fa":null,"description":null,"layer":null,"addr:housenumber":null,"height":null,"shop":null,"nohousenumber":null,"website":null,"phone":null,"addr:postcode":null,"amenity":null,"addr:street":null,"addr:city":null,"tourism":null,"smoking":null,"rooms":null,"operator":null,"internet_access:ssid":null,"internet_access":null,"name:te":null,"alt_name":null,"wheelchair":null,"type":null,"name":null,"building:levels":null},"geometry":{"type":"MultiPolygon","coordinates":[[[[222455.910655036801472,1930956.174273802665994],[222455.732547080027871,1930972.677818543976173],[222465.205148204811849,1930972.780767662217841],[222465.372484460531268,1930956.266297000693157],[222455.910655036801472,1930956.174273802665994]]]]}},
{"type":"Feature","properties":{"fid":9854,"full_id":"w753891934","osm_id":"753891934","osm_type":"way","building":"yes","community_centre":null,"levels":null,"diet:lactose_free":null,"diet:dairy":null,"diet:non-vegetarian":null,"image":null,"substation":null,"power":null,"building:apartments":null,"toilets:position":null,"toilets:handwashing":null,"lit":null,"fitness_centre":null,"atm":null,"grades":null,"shelter_type":null,"addr:suburb":null,"compressed_air":null,"check_date:compressed_air":null,"toilets:disposal":null,"male":null,"female":null,"residential":null,"landuse":null,"diplomatic":null,"building:flats":null,"public_transport":null,"bus":null,"material":null,"subway":null,"station":null,"network":null,"construction":null,"leisure":null,"microbrewery":null,"brewery":null,"bar":null,"air_conditioning":null,"guest_house":null,"roof:colour":null,"building:material":null,"payment:notes":null,"payment:coins":null,"internet_access:fee":null,"building:colour":null,"brand:wikipedia":null,"surface":null,"supervised":null,"fee":null,"access":null,"takeaway":null,"outdoor_seating":null,"loc_name":null,"diet:vegetarian":null,"diet:vegan":null,"golf":null,"location":null,"addr:country":null,"email":null,"short_name":null,"official_name":null,"government":null,"man_made":null,"content":null,"operator:type":null,"healthcare":null,"contact:phone":null,"addr:state":null,"addr:full":null,"toilets:access":null,"toilets":null,"payment:cash":null,"changing_table":null,"roof:shape":null,"building:use":null,"sport":null,"building:levels:underground":null,"addr:subdistrict":null,"addr:place":null,"addr:district":null,"addr:housename":null,"religion":null,"check_date":null,"branch":null,"brand:wikidata":null,"brand":null,"name:en":null,"opening_hours":null,"fast_food":null,"drive_through":null,"cuisine":null,"parking":null,"not:brand:wikidata":null,"wikipedia":null,"wikidata":null,"office":null,"level":null,"name:ml":null,"name:fa":null,"description":null,"layer":null,"addr:housenumber":null,"height":null,"shop":null,"nohousenumber":null,"website":null,"phone":null,"addr:postcode":null,"amenity":null,"addr:street":null,"addr:city":null,"tourism":null,"smoking":null,"rooms":null,"operator":null,"internet_access:ssid":null,"internet_access":null,"name:te":null,"alt_name":null,"wheelchair":null,"type":null,"name":null,"building:levels":null},"geometry":{"type":"MultiPolygon","coordinates":[[[[222507.073119301523548,1930991.987099688267335],[222502.506801415758673,1931001.640146443154663],[222520.522232151473872,1931010.031836420530453],[222525.077927587903105,1931000.378939964575693],[222507.073119301523548,1930991.987099688267335]]]]}},
{"type":"Feature","properties":{"fid":9855,"full_id":"w753891935","osm_id":"753891935","osm_type":"way","building":"yes","community_centre":null,"levels":null,"diet:lactose_free":null,"diet:dairy":null,"diet:non-vegetarian":null,"image":null,"substation":null,"power":null,"building:apartments":null,"toilets:position":null,"toilets:handwashing":null,"lit":null,"fitness_centre":null,"atm":null,"grades":null,"shelter_type":null,"addr:suburb":null,"compressed_air":null,"check_date:compressed_air":null,"toilets:disposal":null,"male":null,"female":null,"residential":null,"landuse":null,"diplomatic":null,"building:flats":null,"public_transport":null,"bus":null,"material":null,"subway":null,"station":null,"network":null,"construction":null,"leisure":null,"microbrewery":null,"brewery":null,"bar":null,"air_conditioning":null,"guest_house":null,"roof:colour":null,"building:material":null,"payment:notes":null,"payment:coins":null,"internet_access:fee":null,"building:colour":null,"brand:wikipedia":null,"surface":null,"supervised":null,"fee":null,"access":null,"takeaway":null,"outdoor_seating":null,"loc_name":null,"diet:vegetarian":null,"diet:vegan":null,"golf":null,"location":null,"addr:country":null,"email":null,"short_name":null,"official_name":null,"government":null,"man_made":null,"content":null,"operator:type":null,"healthcare":null,"contact:phone":null,"addr:state":null,"addr:full":null,"toilets:access":null,"toilets":null,"payment:cash":null,"changing_table":null,"roof:shape":null,"building:use":null,"sport":null,"building:levels:underground":null,"addr:subdistrict":null,"addr:place":null,"addr:district":null,"addr:housename":null,"religion":null,"check_date":null,"branch":null,"brand:wikidata":null,"brand":null,"name:en":null,"opening_hours":null,"fast_food":null,"drive_through":null,"cuisine":null,"parking":null,"not:brand:wikidata":null,"wikipedia":null,"wikidata":null,"office":null,"level":null,"name:ml":null,"name:fa":null,"description":null,"layer":null,"addr:housenumber":null,"height":null,"shop":null,"nohousenumber":null,"website":null,"phone":null,"addr:postcode":null,"amenity":null,"addr:street":null,"addr:city":null,"tourism":null,"smoking":null,"rooms":null,"operator":null,"internet_access:ssid":null,"internet_access":null,"name:te":null,"alt_name":null,"wheelchair":null,"type":null,"name":null,"building:levels":null},"geometry":{"type":"MultiPolygon","coordinates":[[[[222477.209799197211396,1930971.486904443241656],[222488.184714035713114,1930971.846173120895401],[222488.893018883012701,1930950.584389845142141],[222477.918092692736536,1930950.225119194248691],[222477.209799197211396,1930971.486904443241656]]]]}},
{"type":"Feature","properties":{"fid":9856,"full_id":"w753918921","osm_id":"753918921","osm_type":"way","building":"yes","community_centre":null,"levels":null,"diet:lactose_free":null,"diet:dairy":null,"diet:non-vegetarian":null,"image":null,"substation":null,"power":null,"building:apartments":null,"toilets:position":null,"toilets:handwashing":null,"lit":null,"fitness_centre":null,"atm":null,"grades":null,"shelter_type":null,"addr:suburb":null,"compressed_air":null,"check_date:compressed_air":null,"toilets:disposal":null,"male":null,"female":null,"residential":null,"landuse":null,"diplomatic":null,"building:flats":null,"public_transport":null,"bus":null,"material":null,"subway":null,"station":null,"network":null,"construction":null,"leisure":null,"microbrewery":null,"brewery":null,"bar":null,"air_conditioning":null,"guest_house":null,"roof:colour":null,"building:material":null,"payment:notes":null,"payment:coins":null,"internet_access:fee":null,"building:colour":null,"brand:wikipedia":null,"surface":null,"supervised":null,"fee":null,"access":null,"takeaway":null,"outdoor_seating":null,"loc_name":null,"diet:vegetarian":null,"diet:vegan":null,"golf":null,"location":null,"addr:country":null,"email":null,"short_name":null,"official_name":null,"government":null,"man_made":null,"content":null,"operator:type":null,"healthcare":null,"contact:phone":null,"addr:state":null,"addr:full":null,"toilets:access":null,"toilets":null,"payment:cash":null,"changing_table":null,"roof:shape":null,"building:use":null,"sport":null,"building:levels:underground":null,"addr:subdistrict":null,"addr:place":null,"addr:district":null,"addr:housename":null,"religion":null,"check_date":null,"branch":null,"brand:wikidata":null,"brand":null,"name:en":null,"opening_hours":null,"fast_food":null,"drive_through":null,"cuisine":null,"parking":null,"not:brand:wikidata":null,"wikipedia":null,"wikidata":null,"office":null,"level":null,"name:ml":null,"name:fa":null,"description":null,"layer":null,"addr:housenumber":null,"height":null,"shop":null,"nohousenumber":null,"website":null,"phone":null,"addr:postcode":null,"amenity":null,"addr:street":null,"addr:city":null,"tourism":null,"smoking":null,"rooms":null,"operator":null,"internet_access:ssid":null,"internet_access":null,"name:te":null,"alt_name":null,"wheelchair":null,"type":null,"name":null,"building:levels":null},"geometry":{"type":"MultiPolygon","coordinates":[[[[222509.998352558235638,1930768.35164407780394],[222513.302129728836007,1930777.520486315013841],[222528.408118116320111,1930772.14203324355185],[222525.104347669170238,1930762.973189420532435],[222509.998352558235638,1930768.35164407780394]]]]}}
]
}
